# Object Export From Tinkercad Server 2015

mtllib bunny-pbr-small.mtl

o obj_0
v -0.5 		0.01 		0.01
v -0.5 		2.01 		0.01
v -1 		0.01 		0.01
v -1 		2.01 		0.01
v -0.5 		2.01 		0
v -0.5 		0.01 		0
v -1 		2.01 		0
v -1 		0.01 		0
# 8 vertices

g group_0_15277357

usemtl deep_red
s 0

f 3 	1 	2
f 4 	3 	2
f 7 	5 	6
f 8 	7 	6
f 6 	5 	2
f 1 	6 	2
f 7 	8 	3
f 4 	7 	3
f 8 	6 	1
f 3 	8 	1
f 4 	2 	5
f 7 	4 	5
# 12 faces

 #end of obj_0

o obj_1
v 0.7412 		2.01 		1.1146
v 0.75 		2.01 		1
v -0.0011 		2.01 		1
v 0.715 		2.01 		1.2265
v 0.672 		2.01 		1.333
v 0.6132 		2.01 		1.4318
v 0.5401 		2.01 		1.5205
v 0.4542 		2.01 		1.5969
v 0.3577 		2.01 		1.6594
v 0.2528 		2.01 		1.7064
v 0.1419 		2.01 		1.7368
v 0.0277 		2.01 		1.75
v -0.0872 		2.01 		1.7456
v -0.2001 		2.01 		1.7237
v -0.3084 		2.01 		1.6849
v -0.4094 		2.01 		1.63
v -0.5008 		2.01 		1.5603
v -0.5806 		2.01 		1.4775
v -0.6467 		2.01 		1.3835
v -0.6978 		2.01 		1.2806
v -0.7324 		2.01 		1.171
v -0.75 		2.01 		1.0575
v -0.75 		2.01 		0.9425
v -0.7324 		2.01 		0.829
v -0.6978 		2.01 		0.7194
v -0.6467 		2.01 		0.6165
v -0.5806 		2.01 		0.5225
v -0.5008 		2.01 		0.4397
v -0.4094 		2.01 		0.37
v -0.3084 		2.01 		0.3151
v -0.2001 		2.01 		0.2763
v -0.0872 		2.01 		0.2544
v 0.0277 		2.01 		0.25
v 0.1419 		2.01 		0.2632
v 0.2528 		2.01 		0.2936
v 0.3577 		2.01 		0.3406
v 0.4542 		2.01 		0.4031
v 0.5401 		2.01 		0.4795
v 0.6132 		2.01 		0.5682
v 0.672 		2.01 		0.667
v 0.715 		2.01 		0.7735
v 0.7412 		2.01 		0.8854
v 0.75 		1.96 		1
v 0.7412 		1.96 		1.1146
v -0.0011 		1.96 		1
v 0.715 		1.96 		1.2265
v 0.672 		1.96 		1.333
v 0.6132 		1.96 		1.4318
v 0.5401 		1.96 		1.5205
v 0.4542 		1.96 		1.5969
v 0.3577 		1.96 		1.6594
v 0.2528 		1.96 		1.7064
v 0.1419 		1.96 		1.7368
v 0.0277 		1.96 		1.75
v -0.0872 		1.96 		1.7456
v -0.2001 		1.96 		1.7237
v -0.3084 		1.96 		1.6849
v -0.4094 		1.96 		1.63
v -0.5008 		1.96 		1.5603
v -0.5806 		1.96 		1.4775
v -0.6467 		1.96 		1.3835
v -0.6978 		1.96 		1.2806
v -0.7324 		1.96 		1.171
v -0.75 		1.96 		1.0575
v -0.75 		1.96 		0.9425
v -0.7324 		1.96 		0.829
v -0.6978 		1.96 		0.7194
v -0.6467 		1.96 		0.6165
v -0.5806 		1.96 		0.5225
v -0.5008 		1.96 		0.4397
v -0.4094 		1.96 		0.37
v -0.3084 		1.96 		0.3151
v -0.2001 		1.96 		0.2763
v -0.0872 		1.96 		0.2544
v 0.0277 		1.96 		0.25
v 0.1419 		1.96 		0.2632
v 0.2528 		1.96 		0.2936
v 0.3577 		1.96 		0.3406
v 0.4542 		1.96 		0.4031
v 0.5401 		1.96 		0.4795
v 0.6132 		1.96 		0.5682
v 0.672 		1.96 		0.667
v 0.715 		1.96 		0.7735
v 0.7412 		1.96 		0.8854
# 84 vertices

g group_1_16448250

usemtl light
s 0

f 9 	10 	11
f 12 	9 	11
f 13 	12 	11
f 14 	13 	11
f 15 	14 	11
f 16 	15 	11
f 17 	16 	11
f 18 	17 	11
f 19 	18 	11
f 20 	19 	11
f 21 	20 	11
f 22 	21 	11
f 23 	22 	11
f 24 	23 	11
f 25 	24 	11
f 26 	25 	11
f 27 	26 	11
f 28 	27 	11
f 29 	28 	11
f 30 	29 	11
f 31 	30 	11
f 32 	31 	11
f 33 	32 	11
f 34 	33 	11
f 35 	34 	11
f 36 	35 	11
f 37 	36 	11
f 38 	37 	11
f 39 	38 	11
f 40 	39 	11
f 41 	40 	11
f 42 	41 	11
f 43 	42 	11
f 44 	43 	11
f 45 	44 	11
f 46 	45 	11
f 47 	46 	11
f 48 	47 	11
f 49 	48 	11
f 50 	49 	11
f 10 	50 	11
f 51 	52 	53
f 52 	54 	53
f 54 	55 	53
f 55 	56 	53
f 56 	57 	53
f 57 	58 	53
f 58 	59 	53
f 59 	60 	53
f 60 	61 	53
f 61 	62 	53
f 62 	63 	53
f 63 	64 	53
f 64 	65 	53
f 65 	66 	53
f 66 	67 	53
f 67 	68 	53
f 68 	69 	53
f 69 	70 	53
f 70 	71 	53
f 71 	72 	53
f 72 	73 	53
f 73 	74 	53
f 74 	75 	53
f 75 	76 	53
f 76 	77 	53
f 77 	78 	53
f 78 	79 	53
f 79 	80 	53
f 80 	81 	53
f 81 	82 	53
f 82 	83 	53
f 83 	84 	53
f 84 	85 	53
f 85 	86 	53
f 86 	87 	53
f 87 	88 	53
f 88 	89 	53
f 89 	90 	53
f 90 	91 	53
f 91 	92 	53
f 92 	51 	53
f 10 	9 	9
f 9 	12 	12
f 12 	13 	13
f 13 	14 	14
f 14 	15 	15
f 15 	16 	16
f 16 	17 	17
f 17 	18 	18
f 18 	19 	19
f 19 	20 	20
f 20 	21 	21
f 21 	22 	22
f 22 	23 	23
f 23 	24 	24
f 24 	25 	25
f 25 	26 	26
f 26 	27 	27
f 27 	28 	28
f 28 	29 	29
f 29 	30 	30
f 30 	31 	31
f 31 	32 	32
f 32 	33 	33
f 33 	34 	34
f 34 	35 	35
f 35 	36 	36
f 36 	37 	37
f 37 	38 	38
f 38 	39 	39
f 39 	40 	40
f 40 	41 	41
f 41 	42 	42
f 42 	43 	43
f 43 	44 	44
f 44 	45 	45
f 45 	46 	46
f 46 	47 	47
f 47 	48 	48
f 48 	49 	49
f 49 	50 	50
f 50 	10 	10
f 10 	9 	52
f 10 	52 	51
f 9 	12 	54
f 9 	54 	52
f 12 	13 	55
f 12 	55 	54
f 13 	14 	56
f 13 	56 	55
f 14 	15 	57
f 14 	57 	56
f 15 	16 	58
f 15 	58 	57
f 16 	17 	59
f 16 	59 	58
f 17 	18 	60
f 17 	60 	59
f 18 	19 	61
f 18 	61 	60
f 19 	20 	62
f 19 	62 	61
f 20 	21 	63
f 20 	63 	62
f 21 	22 	64
f 21 	64 	63
f 22 	23 	65
f 22 	65 	64
f 23 	24 	66
f 23 	66 	65
f 24 	25 	67
f 24 	67 	66
f 25 	26 	68
f 25 	68 	67
f 26 	27 	69
f 26 	69 	68
f 27 	28 	70
f 27 	70 	69
f 28 	29 	71
f 28 	71 	70
f 29 	30 	72
f 29 	72 	71
f 30 	31 	73
f 30 	73 	72
f 31 	32 	74
f 31 	74 	73
f 32 	33 	75
f 32 	75 	74
f 33 	34 	76
f 33 	76 	75
f 34 	35 	77
f 34 	77 	76
f 35 	36 	78
f 35 	78 	77
f 36 	37 	79
f 36 	79 	78
f 37 	38 	80
f 37 	80 	79
f 38 	39 	81
f 38 	81 	80
f 39 	40 	82
f 39 	82 	81
f 40 	41 	83
f 40 	83 	82
f 41 	42 	84
f 41 	84 	83
f 42 	43 	85
f 42 	85 	84
f 43 	44 	86
f 43 	86 	85
f 44 	45 	87
f 44 	87 	86
f 45 	46 	88
f 45 	88 	87
f 46 	47 	89
f 46 	89 	88
f 47 	48 	90
f 47 	90 	89
f 48 	49 	91
f 48 	91 	90
f 49 	50 	92
f 49 	92 	91
f 50 	10 	51
f 50 	51 	92
f 51 	52 	52
f 52 	54 	54
f 54 	55 	55
f 55 	56 	56
f 56 	57 	57
f 57 	58 	58
f 58 	59 	59
f 59 	60 	60
f 60 	61 	61
f 61 	62 	62
f 62 	63 	63
f 63 	64 	64
f 64 	65 	65
f 65 	66 	66
f 66 	67 	67
f 67 	68 	68
f 68 	69 	69
f 69 	70 	70
f 70 	71 	71
f 71 	72 	72
f 72 	73 	73
f 73 	74 	74
f 74 	75 	75
f 75 	76 	76
f 76 	77 	77
f 77 	78 	78
f 78 	79 	79
f 79 	80 	80
f 80 	81 	81
f 81 	82 	82
f 82 	83 	83
f 83 	84 	84
f 84 	85 	85
f 85 	86 	86
f 86 	87 	87
f 87 	88 	88
f 88 	89 	89
f 89 	90 	90
f 90 	91 	91
f 91 	92 	92
f 92 	51 	51
# 246 faces

 #end of obj_1

o obj_2
v 0.99 		0 		0
v 0.99 		0 		2
v 0.99 		2 		0
v 0.99 		2 		2
v 1 		0 		2
v 1 		0 		0
v 1 		2 		2
v 1 		2 		0
# 8 vertices

g group_2_7196387

usemtl blue
s 0

f 95 	93 	94
f 96 	95 	94
f 99 	97 	98
f 100 	99 	98
f 98 	97 	94
f 93 	98 	94
f 99 	100 	95
f 96 	99 	95
f 100 	98 	93
f 95 	100 	93
f 96 	94 	97
f 99 	96 	97
# 12 faces

 #end of obj_2

o obj_3
v 1 		0.01 		2
v 1 		0.01 		0
v -1 		0.01 		2
v -1 		0.01 		0
v 1 		0 		0
v 1 		0 		2
v -1 		0 		0
v -1 		0 		2
# 8 vertices

g group_3_16448250

usemtl white
s 0

f 103 	101 	102
f 104 	103 	102
f 107 	105 	106
f 108 	107 	106
f 106 	105 	102
f 101 	106 	102
f 107 	108 	103
f 104 	107 	103
f 108 	106 	101
f 103 	108 	101
f 104 	102 	105
f 107 	104 	105
# 12 faces

 #end of obj_3

o obj_4
v 1 		2.015 		0
v 1 		2.015 		2
v -1 		2.015 		0
v -1 		2.015 		2
v 1 		2.025 		2
v 1 		2.025 		0
v -1 		2.025 		2
v -1 		2.025 		0
# 8 vertices

g group_4_16448250

usemtl white
s 0

f 111 	109 	110
f 112 	111 	110
f 115 	113 	114
f 116 	115 	114
f 114 	113 	110
f 109 	114 	110
f 115 	116 	111
f 112 	115 	111
f 116 	114 	109
f 111 	116 	109
f 112 	110 	113
f 115 	112 	113
# 12 faces

 #end of obj_4

o obj_5
v -1.01 		0.01 		0
v -1.01 		0.01 		2
v -1.01 		2.01 		0
v -1.01 		2.01 		2
v -1 		0.01 		2
v -1 		0.01 		0
v -1 		2.01 		2
v -1 		2.01 		0
# 8 vertices

g group_5_8847241

usemtl green
s 0

f 119 	117 	118
f 120 	119 	118
f 123 	121 	122
f 124 	123 	122
f 122 	121 	118
f 117 	122 	118
f 123 	124 	119
f 120 	123 	119
f 124 	122 	117
f 119 	124 	117
f 120 	118 	121
f 123 	120 	121
# 12 faces

 #end of obj_5

o obj_6
v 0.5 		0.01 		0.01
v 0.5 		2.01 		0.01
v 0 		0.01 		0.01
v 0 		2.01 		0.01
v 0.5 		2.01 		0
v 0.5 		0.01 		0
v 0 		2.01 		0
v 0 		0.01 		0
# 8 vertices

g group_6_15277357

usemtl deep_red
s 0

f 127 	125 	126
f 128 	127 	126
f 131 	129 	130
f 132 	131 	130
f 130 	129 	126
f 125 	130 	126
f 131 	132 	127
f 128 	131 	127
f 132 	130 	125
f 127 	132 	125
f 128 	126 	129
f 131 	128 	129
# 12 faces

 #end of obj_6

o obj_7
v 1 		0.01 		0.01
v 1 		2.01 		0.01
v 0.5 		0.01 		0.01
v 0.5 		2.01 		0.01
v 1 		2.01 		0
v 1 		0.01 		0
v 0.5 		2.01 		0
v 0.5 		0.01 		0
# 8 vertices

g group_7_15308428

usemtl light_red
s 0

f 135 	133 	134
f 136 	135 	134
f 139 	137 	138
f 140 	139 	138
f 138 	137 	134
f 133 	138 	134
f 139 	140 	135
f 136 	139 	135
f 140 	138 	133
f 135 	140 	133
f 136 	134 	137
f 139 	136 	137
# 12 faces

 #end of obj_7

o obj_8
v 0 		0.01 		0.01
v 0 		2.01 		0.01
v -0.5 		0.01 		0.01
v -0.5 		2.01 		0.01
v 0 		2.01 		0
v 0 		0.01 		0
v -0.5 		2.01 		0
v -0.5 		0.01 		0
# 8 vertices

g group_8_15308428

usemtl light_red
s 0

f 143 	141 	142
f 144 	143 	142
f 147 	145 	146
f 148 	147 	146
f 146 	145 	142
f 141 	146 	142
f 147 	148 	143
f 144 	147 	143
f 148 	146 	141
f 143 	148 	141
f 144 	142 	145
f 147 	144 	145
# 12 faces

 #end of obj_8

o obj_9
v 0.3557 		1.1402 		1.048
v 0.366 		1.1199 		1.0373
v 0.3566 		1.1291 		1.0569
v -0.1637 		0.72 		1.0912
v -0.1749 		0.715 		1.1127
v 0.301 		1.1631 		1.1074
v 0.2888 		1.1631 		1.1172
v -0.181 		0.7089 		1.125
v 0.3178 		1.1625 		1.0897
v -0.182 		0.7187 		1.1907
v -0.1885 		0.7132 		1.1858
v -0.1824 		0.72 		1.1804
v 0.3506 		1.1279 		1.0711
v 0.3421 		1.1248 		1.0887
v 0.3524 		1.118 		1.074
v 0.3426 		1.1508 		1.0627
v -0.2007 		0.7027 		1.1897
v 0.33 		1.147 		1.0887
v -0.2049 		0.7008 		1.201
v 0.33 		1.1236 		1.1083
v -0.21 		0.699 		1.2191
v -0.1806 		0.7157 		1.2059
v 0.3052 		1.1378 		1.1235
v 0.3052 		1.1297 		1.1284
v 0.3155 		1.1458 		1.1088
v -0.1937 		0.7076 		1.1814
v 0.285 		1.1588 		1.1221
v -0.1703 		0.7218 		1.2118
v -0.1843 		0.7187 		1.1598
v 0.2907 		1.152 		1.124
v 0.2916 		1.1384 		1.1368
v 0.2588 		1.152 		1.1525
v -0.2194 		0.6891 		1.1985
v 0.2949 		1.1291 		1.1392
v -0.2007 		0.6996 		1.174
v 0.2771 		1.126 		1.1588
v -0.2114 		0.6885 		1.1745
v 0.2612 		1.1199 		1.1755
v -0.1951 		0.6835 		1.125
v 0.2696 		1.1217 		1.1676
v -0.226 		0.681 		1.1956
v 0.2467 		1.1347 		1.173
v 0.2457 		1.126 		1.1809
v -0.0018 		1.3992 		1.3167
v 0.0071 		1.3949 		1.3279
v 0.0085 		1.3621 		1.3245
v 0.0104 		1.3893 		1.3304
v 0.0029 		1.3807 		1.3098
v 0.0047 		1.372 		1.3157
v 0.009 		1.4431 		0.9515
v 0.0015 		1.4369 		0.9446
v 0.0024 		1.44 		0.9358
v 0.1526 		0.6804 		0.7157
v 0.0099 		1.4456 		0.9485
v 0.1395 		0.6798 		0.7118
v 0.0038 		1.4493 		0.9167
v 0.1592 		0.6773 		0.7225
v 0.1433 		0.6755 		0.7176
v 0.1405 		0.6959 		0.6873
v 0.14 		0.7089 		0.6711
v 0.1348 		0.7033 		0.6775
v 0.1255 		0.7169 		0.6637
v -0.0027 		1.4388 		0.9324
v 0.1615 		0.707 		0.6789
v 0.0076 		1.4585 		0.9216
v 0.009 		1.4548 		0.9289
v 0.0057 		1.4592 		0.9373
v 0.1105 		0.7033 		0.6824
v 0.1273 		0.6866 		0.7
v -0.0037 		1.4703 		0.9225
v 0.161 		0.6606 		0.7373
v 0.0094 		1.4511 		0.9363
v 0.1348 		0.6501 		0.7314
v 0.1498 		0.6693 		0.7275
v 0.3978 		1.1335 		0.8314
v 0.1185 		0.6934 		0.6926
v 0.3744 		1.1489 		0.8196
v 0.3651 		1.16 		0.8245
v 0.4207 		1.1229 		0.8828
v 0.4133 		1.1297 		0.8662
v 0.0997 		0.6965 		0.6887
v 0.4109 		1.1267 		0.851
v 0.0969 		0.7966 		1.3309
v 0.1147 		0.796 		1.323
v 0.2687 		1.1328 		0.7108
v 0.3103 		1.1501 		0.7544
v 0.3234 		1.131 		0.7456
v 0.3047 		1.139 		0.7368
v 0.3131 		1.1223 		0.7279
v 0.366 		1.1186 		0.7745
v 0.1063 		0.7558 		1.3201
v 0.3557 		1.1421 		0.7902
v 0.0824 		0.7534 		1.3314
v 0.0829 		0.7447 		1.3309
v 0.0712 		0.7243 		1.3441
v 0.0787 		0.7274 		1.3382
v 0.2893 		1.1267 		0.7157
v 0.2855 		1.1526 		0.7382
v 0.0085 		1.3708 		1.3284
v 0.3113 		1.2212 		0.9897
v -0.0009 		1.3887 		1.3049
v 0.3108 		1.2113 		1.0186
v 0.337 		1.2101 		0.9578
v 0.3272 		1.2175 		0.9623
v 0.089 		0.7274 		1.3324
v 0.3482 		1.2008 		0.9324
v 0.0993 		0.7428 		1.3235
v 0.1086 		0.728 		1.3176
v 0.1114 		0.7459 		1.3137
v 0.3449 		1.2008 		0.9681
v 0.3328 		1.2058 		0.9917
v 0.0829 		0.6891 		1.4034
v 0.0876 		0.6878 		1.3975
v 0.344 		1.2027 		0.9456
v 0.0965 		0.6854 		1.3775
v 0.1086 		0.6619 		1.3716
v 0.1166 		0.6446 		1.3672
v 0.402 		1.1446 		0.9338
v 0.4091 		1.1285 		0.9431
v 0.3964 		1.1409 		0.9652
v 0.1231 		0.6446 		1.3495
v 0.4044 		1.1248 		0.9647
v 0.4142 		1.1273 		0.9299
v 0.0913 		0.6755 		1.4034
v 0.1035 		0.6532 		1.3877
v 0.1082 		0.6551 		1.3779
v 0.096 		0.6625 		1.4025
v 0.3917 		1.1551 		0.9613
v 0.0937 		0.6501 		1.4108
v 0.1016 		0.6656 		1.3819
v 0.3674 		1.1891 		0.9152
v 0.3744 		1.181 		0.9
v 0.11 		0.7181 		1.3191
v 0.3763 		1.1823 		0.9304
v 0.3889 		1.1681 		0.9221
v 0.1016 		0.7095 		1.3348
v 0.3847 		1.1718 		0.9412
v 0.1091 		0.7002 		1.3338
v 0.3749 		1.178 		0.9564
v 0.3637 		1.1885 		0.9475
v 0.3894 		1.1662 		0.9098
v 0.1068 		0.6878 		1.3559
v 0.1128 		0.686 		1.3495
v 0.0988 		0.699 		1.3505
v 0.1156 		0.6897 		1.3348
v 0.0834 		0.715 		1.3451
v 0.4236 		1.1223 		0.9054
v 0.4006 		1.1514 		0.9098
v 0.4123 		1.1378 		0.9054
v 0.3964 		1.1557 		0.8897
v 0.4048 		1.147 		0.8917
v 0.4025 		1.1464 		0.8686
v 0.3314 		1.1965 		1.0206
v 0.3407 		1.1959 		1
v 0.344 		1.1841 		1.0201
v 0.351 		1.1891 		0.9931
v 0.3623 		1.178 		0.9863
v 0.3716 		1.1724 		0.9735
v 0.3375 		1.1761 		1.0377
v 0.352 		1.16 		1.0314
v 0.3655 		1.1637 		1.0005
v 0.0001 		1.3646 		1.3078
v 0.3599 		1.1427 		1.0338
v 0.0118 		1.3974 		1.3593
v 0.0029 		1.4029 		1.3569
v -0.0032 		1.4048 		1.3662
v -0.0126 		1.4029 		1.4005
v -0.2091 		0.6742 		1.1456
v 0.4423 		0.7478 		0.8623
v -0.2302 		0.6433 		1.1657
v 0.3421 		1.1143 		1.0966
v 0.351 		1.0964 		1.0814
v 0.4456 		0.7224 		0.8559
v 0.4465 		0.7583 		0.852
v 0.096 		0.6495 		0.7132
v 0.088 		0.6464 		0.7147
v -0.2241 		0.647 		1.1544
v 0.0787 		0.6551 		0.7078
v 0.0951 		0.6576 		0.7064
v 0.4474 		0.7534 		0.849
v 0.104 		0.6755 		0.6941
v 0.4437 		0.7472 		0.8539
v 0.3361 		1.1081 		1.1059
v 0.0923 		0.6749 		0.6917
v 0.3131 		1.0822 		1.1456
v 0.4418 		0.7422 		0.8569
v 0.3103 		1.1093 		1.1377
v 0.3155 		1.1161 		1.1275
v 0.3192 		1.092 		1.1373
v 0.4741 		0.7051 		0.8054
v 0.3295 		1.0809 		1.1284
v 0.33 		1.0945 		1.1201
v 0.4554 		0.7021 		0.8466
v 0.4652 		0.7101 		0.8402
v 0.4582 		0.6897 		0.8181
v 0.4474 		0.6829 		0.8343
v 0.4591 		0.6971 		0.8397
v 0.1189 		0.681 		0.7
v 0.4675 		0.7027 		0.8299
v 0.4732 		0.7082 		0.8211
v 0.4699 		0.7113 		0.8333
v 0.1161 		0.6433 		0.7255
v -0.0973 		0.626 		1.2137
v 0.118 		0.652 		0.7196
v 0.1124 		0.6644 		0.7069
v 0.3641 		1.0642 		1.0863
v -0.0552 		0.6341 		1.2069
v 0.3538 		1.0513 		1.1059
v -0.0823 		0.6316 		1.2137
v -0.0856 		0.6316 		1.2025
v 0.3566 		1.0562 		1.098
v -0.0528 		0.6335 		1.1642
v 0.344 		1.0667 		1.1074
v 0.4432 		0.699 		0.8554
v 0.4222 		0.7039 		0.8775
v 0.4287 		0.7064 		0.8676
v 0.3571 		1.0655 		1.0887
v -0.0444 		0.6328 		1.1583
v 0.3431 		1.0525 		1.1152
v 0.3417 		1.0556 		1.1137
v -0.0622 		0.6347 		1.1711
v 0.3463 		1.0704 		1.099
v 0.0178 		1.3875 		1.3863
v 0.0249 		1.3739 		1.3789
v 0.0174 		1.3918 		1.3623
v 0.4371 		0.6829 		0.849
v 0.0188 		1.3881 		1.3569
v 0.3571 		1.0741 		1.0789
v 0.4151 		0.6866 		0.8721
v -0.0729 		0.6242 		1.1373
v -0.0757 		0.6254 		1.1186
v -0.0519 		0.6242 		1.1475
v 0.0253 		1.3733 		1.3882
v -0.0818 		0.6242 		1.1593
v 0.4226 		0.6959 		0.8691
v -0.0954 		0.6242 		1.1549
v -0.0626 		0.6242 		1.1529
v 0.016 		1.3572 		1.3382
v 0.0183 		1.3553 		1.3495
v 0.3786 		1.147 		0.9946
v 0.3754 		1.1285 		1.0157
v 0.0141 		1.3782 		1.3422
v 0.015 		1.3671 		1.3471
v 0.3726 		1.1409 		1.0069
v 0.3548 		1.1909 		0.9578
v 0.3328 		1.2039 		0.8721
v 0.3225 		1.2138 		0.8985
v 0.351 		1.1977 		0.8882
v 0.3548 		1.1971 		0.9059
v 0.3459 		1.2033 		0.9064
v 0.0178 		1.3572 		1.3588
v 0.3122 		1.2132 		0.8711
v 0.3229 		1.2021 		0.8529
v -0.0481 		1.4171 		1.3691
v -0.0219 		1.4116 		1.3368
v 0.0085 		1.398 		1.3402
v -0.0004 		1.4029 		1.3338
v 0.4193 		0.6693 		0.851
v 0.4072 		0.6699 		0.8647
v -0.0701 		0.6248 		1.1618
v 0.5064 		0.7923 		0.748
v 0.0646 		0.7113 		1.3814
v 0.5064 		0.7923 		0.7314
v 0.0595 		0.715 		1.373
v 0.0759 		0.7014 		1.3912
v 0.5036 		0.7626 		0.7382
v 0.0618 		0.7206 		1.3539
v -0.0537 		0.6273 		1.1574
v 0.0768 		0.7107 		1.3578
v -0.1043 		0.6248 		1.2025
v 0.505 		0.783 		0.7603
v -0.0931 		0.6248 		1.1848
v -0.087 		0.6248 		1.1725
v 0.0852 		0.6996 		1.3735
v -0.0874 		0.6279 		1.1858
v -0.0809 		0.6335 		1.1848
v 0.4928 		0.7323 		0.7574
v 0.4877 		0.7262 		0.7725
v 0.5012 		0.7527 		0.7407
v -0.0804 		0.6273 		1.1755
v 0.5036 		0.7602 		0.7578
v 0.4994 		0.7478 		0.7652
v -0.2685 		1.3689 		1.2735
v -0.2667 		1.3887 		1.2765
v 0.088 		0.7064 		1.352
v -0.2695 		1.3899 		1.2667
v -0.2531 		1.3881 		1.3015
v -0.1258 		0.6254 		1.2064
v -0.1165 		0.6254 		1.2436
v -0.0982 		0.626 		1.2255
v 0.4989 		0.7595 		0.7216
v 0.0862 		0.775 		0.648
v 0.1208 		0.7911 		0.6431
v 0.1325 		0.7923 		0.6436
v -0.2592 		1.3739 		1.2931
v 0.082 		0.7904 		0.6505
v 0.0965 		0.7843 		0.6461
v -0.261 		1.3584 		1.2902
v 0.103 		0.7707 		0.648
v -0.269 		1.3627 		1.2662
v -0.3013 		1.4215 		1.2412
v -0.2816 		1.406 		1.2578
v -0.2793 		1.3998 		1.2574
v -0.2966 		1.4116 		1.2431
v -0.0102 		1.4042 		1.3127
v -0.0584 		1.4184 		1.3789
v -0.2938 		1.4023 		1.2363
v 0.286 		1.2367 		0.9338
v 0.3089 		1.2218 		0.9078
v -0.2975 		1.398 		1.2255
v 0.3047 		1.2292 		0.9417
v -0.2765 		1.3745 		1.2623
v -0.3008 		1.3831 		1.2328
v -0.2718 		1.3881 		1.2583
v -0.2784 		1.3807 		1.2564
v -0.2798 		1.3906 		1.2471
v 0.0216 		1.2935 		1.3353
v -0.2868 		1.393 		1.2387
v -0.2756 		1.393 		1.2554
v 0.0188 		1.3424 		1.3402
v -0.299 		1.3887 		1.2328
v 0.0024 		1.3448 		1.3083
v 0.0085 		1.3417 		1.3167
v 0.0066 		1.3201 		1.3069
v -0.2779 		1.3609 		1.2451
v -0.0013 		1.3522 		1.3054
v -0.2798 		1.3559 		1.2343
v -0.2868 		1.3597 		1.227
v 0.0127 		1.3158 		1.3191
v 0.0132 		1.3306 		1.3275
v -0.2891 		1.3739 		1.2441
v 0.015 		1.3176 		1.3343
v -0.2615 		1.359 		1.3074
v 0.3389 		1.207 		0.9304
v 0.3496 		1.0766 		1.0877
v 0.3211 		1.2206 		0.9402
v 0.2981 		1.2317 		0.9711
v 0.3356 		1.0673 		1.1211
v 0.3131 		1.0568 		1.1446
v 0.3225 		1.0537 		1.1397
v 0.3262 		1.0593 		1.1289
v 0.2977 		1.2286 		0.9098
v 0.2612 		1.2422 		0.9157
v 0.2687 		1.0457 		1.1971
v 0.2879 		1.0401 		1.2015
v 0.2518 		1.2466 		0.9304
v 0.2911 		1.2224 		0.8735
v 0.2935 		1.0519 		1.1711
v 0.3103 		1.042 		1.1917
v 0.2799 		1.0469 		1.1873
v 0.3328 		1.0426 		1.176
v 0.2673 		1.2435 		0.9456
v 0.307 		1.0531 		1.1588
v 0.3768 		1.1724 		0.8711
v 0.373 		1.1705 		0.8544
v 0.3637 		1.1773 		0.8544
v 0.3941 		1.1551 		0.8667
v 0.301 		1.0797 		1.1564
v 0.3941 		1.1508 		0.8559
v 0.2836 		1.0822 		1.1716
v 0.3066 		1.0933 		1.1515
v 0.2996 		1.1106 		1.149
v 0.2864 		1.0945 		1.1667
v 0.2925 		1.1038 		1.1593
v 0.3548 		1.1885 		0.8686
v 0.2504 		1.0846 		1.1975
v 0.2687 		1.0896 		1.1853
v 0.3585 		1.1718 		0.8373
v 0.3552 		1.1644 		0.8201
v 0.3496 		1.1847 		0.8515
v 0.2546 		1.105 		1.1882
v 0.264 		1.1001 		1.1853
v 0.2499 		1.0995 		1.1922
v 0.2799 		1.228 		1.0137
v 0.2556 		1.0871 		1.1922
v 0.2977 		1.2132 		1.0314
v 0.278 		1.2119 		1.0578
v 0.2663 		1.1983 		1.0975
v 0.2864 		1.0568 		1.1735
v 0.2588 		1.2243 		1.0515
v 0.2411 		1.2305 		1.0515
v 0.2883 		1.0642 		1.1686
v 0.2902 		1.0741 		1.1657
v 0.1877 		1.207 		1.1211
v 0.2158 		1.2249 		1.0799
v 0.2008 		1.22 		1.0956
v 0.2228 		1.2045 		1.1157
v 0.2425 		1.2051 		1.1029
v 0.2949 		1.063 		1.1618
v 0.3061 		1.0605 		1.149
v 0.3066 		1.0556 		1.1534
v 0.3113 		1.1767 		1.077
v 0.3005 		1.0636 		1.1549
v 0.307 		1.1928 		1.0549
v 0.2631 		1.0451 		1.202
v 0.3178 		1.1934 		1.0397
v 0.2733 		1.0482 		1.1912
v 0.3304 		1.178 		1.0422
v 0.2832 		1.0488 		1.1809
v 0.329 		1.1674 		1.0613
v 0.3173 		1.1854 		1.048
v 0.2598 		1.0655 		1.1975
v 0.3398 		1.1582 		1.0559
v 0.2588 		1.0605 		1.2034
v 0.2546 		1.0716 		1.2029
v 0.4928 		0.7435 		0.7113
v 0.4909 		0.7342 		0.725
v 0.1185 		0.7268 		0.6574
v 0.1124 		0.7317 		0.6578
v 0.4844 		0.7317 		0.7005
v -0.2643 		1.3207 		1.2623
v -0.2629 		1.3306 		1.2598
v 0.2879 		1.1823 		1.0985
v -0.2685 		1.3232 		1.2745
v -0.262 		1.3405 		1.2549
v 0.118 		0.6712 		1.348
v -0.2662 		1.3411 		1.2868
v 0.1213 		0.6619 		1.3446
v 0.454 		0.7979 		0.8127
v 0.4816 		0.7163 		0.7613
v 0.2794 		1.1922 		1.0946
v 0.475 		0.7051 		0.775
v 0.4657 		0.6959 		0.7544
v 0.4797 		0.7169 		0.7358
v 0.301 		1.1841 		1.0809
v 0.2981 		1.1786 		1.0917
v -0.2643 		1.3535 		1.2662
v 0.4629 		0.6922 		0.7897
v 0.4516 		0.6817 		0.7838
v -0.2629 		1.3473 		1.2676
v 0.4526 		0.6854 		0.7485
v 0.468 		0.7021 		0.7333
v 0.279 		1.1736 		1.1157
v 0.4652 		0.7064 		0.7078
v 0.4535 		0.7008 		0.6975
v 0.2673 		1.1786 		1.1211
v -0.2713 		1.2762 		1.2608
v 0.4413 		0.6885 		0.7083
v 0.2719 		1.1835 		1.1103
v -0.2681 		1.2948 		1.2701
v -0.2639 		1.3047 		1.2598
v 0.2322 		1.1953 		1.1245
v 0.4661 		0.7175 		0.6882
v 0.4746 		0.7175 		0.7039
v -0.254 		1.3207 		1.2407
v 0.2537 		1.0463 		1.2098
v 0.4217 		0.6681 		0.7417
v 0.4381 		0.681 		0.7245
v 0.4404 		0.6761 		0.7534
v 0.2733 		1.1674 		1.1265
v -0.2358 		1.322 		1.2127
v -0.2465 		1.3318 		1.2142
v 0.0768 		0.6829 		1.4186
v 0.4315 		0.6687 		0.8265
v 0.4203 		0.6625 		0.8333
v -0.2634 		1.3393 		1.2191
v -0.2564 		1.3331 		1.2324
v 0.4498 		0.6823 		0.8093
v 0.2191 		1.1613 		1.1676
v 0.4441 		0.6773 		0.8142
v 0.2251 		1.1736 		1.1564
v 0.4217 		0.6613 		0.8181
v 0.2476 		1.1637 		1.1515
v -0.2526 		1.3318 		1.2255
v 0.2762 		1.0772 		1.1804
v 0.4072 		0.6557 		0.8382
v 0.11 		0.7441 		0.6574
v 0.3941 		0.652 		0.8539
v 0.2574 		1.0772 		1.1922
v 0.1231 		0.7558 		0.6554
v 0.0838 		0.7521 		0.6515
v -0.2671 		1.343 		1.1975
v -0.2606 		1.3368 		1.2328
v 0.4329 		0.6687 		0.7946
v 0.2401 		1.1804 		1.1397
v 0.4062 		0.6588 		0.85
v 0.2294 		1.178 		1.149
v 0.0979 		0.7354 		0.6593
v 0.067 		0.7985 		0.6564
v 0.4072 		0.6619 		0.7441
v 0.235 		1.1545 		1.1637
v 0.4034 		0.6569 		0.7608
v 0.0595 		0.7416 		0.6642
v 0.0478 		0.7268 		0.6853
v 0.4193 		0.6613 		0.7853
v 0.0791 		0.7323 		0.6642
v 0.191 		1.1946 		1.1402
v 0.3796 		0.6415 		0.8181
v 0.2266 		1.2509 		0.9529
v 0.2041 		1.2453 		1.0137
v 0.0707 		0.7472 		0.6554
v 0.4736 		0.7948 		0.652
v 0.4619 		0.7645 		0.6475
v 0.4722 		0.7725 		0.6554
v 0.0558 		0.6977 		1.4211
v 0.4493 		0.7243 		0.6608
v 0.0628 		0.6897 		1.4245
v 0.2032 		1.2496 		0.9784
v 0.2139 		1.2416 		1.0338
v 0.2499 		1.2354 		1.0265
v 0.2443 		1.2416 		1.0029
v 0.2822 		1.2348 		0.9917
v 0.0675 		0.6433 		1.4363
v 0.0604 		0.652 		1.4426
v 0.0857 		0.6786 		1.4123
v 0.2303 		1.2478 		0.9765
v 0.447 		0.7379 		0.6495
v 0.0829 		0.6718 		1.4201
v 0.4671 		0.741 		0.6686
v 0.066 		0.6674 		1.4368
v 0.0791 		0.6619 		1.4289
v 0.0885 		0.647 		1.4191
v 0.0684 		0.6514 		1.4382
v 0.4231 		0.762 		0.6196
v 0.4418 		0.7725 		0.6255
v 0.4184 		0.7855 		0.6098
v 0.1849 		1.2428 		1.0348
v 0.4488 		0.7941 		0.627
v 0.1456 		1.2422 		1.0309
v 0.0548 		0.647 		1.4446
v 0.4465 		0.788 		0.6255
v 0.162 		1.2441 		1.0216
v 0.4268 		0.7954 		0.6137
v 0.0515 		0.6718 		1.4382
v 0.1559 		1.2274 		1.0877
v 0.088 		0.7292 		0.6637
v 0.1751 		1.2354 		1.0637
v 0.2111 		1.2323 		1.0662
v 0.4142 		0.7521 		0.6201
v 0.1713 		1.215 		1.1098
v 0.4343 		0.7472 		0.6343
v 0.1868 		1.228 		1.0828
v 0.0249 		0.7892 		0.6809
v 0.0515 		0.7639 		0.6618
v 0.4034 		0.7657 		0.6088
v 0.4044 		0.7768 		0.6059
v -0.2751 		1.3454 		1.2176
v 0.0455 		0.7812 		0.6681
v -0.2503 		1.3411 		1.1897
v 0.2757 		1.0519 		1.1838
v 0.3941 		1.0068 		1.1676
v 0.3842 		1.0284 		1.1495
v 0.0483 		0.7187 		1.374
v 0.3978 		1.0098 		1.1578
v 0.0398 		0.7132 		1.3995
v -0.2685 		1.3529 		1.2539
v 0.0609 		0.707 		1.398
v 0.4025 		1.0191 		1.1314
v 0.4076 		1.0173 		1.1211
v 0.4133 		1 		1.1338
v 0.0431 		0.7534 		0.6676
v 0.0164 		0.7354 		0.6956
v 0.3819 		1.0228 		1.1657
v 0.3791 		1.0049 		1.1902
v 0.3632 		1.0241 		1.1853
v 0.2701 		1.2008 		0.8005
v 0.2406 		1.207 		0.7941
v 0.2546 		1.2194 		0.8294
v 0.2991 		1.2033 		0.8299
v 0.0272 		0.7503 		0.6824
v 0.0314 		0.7262 		0.6907
v 0.2705 		1.2231 		0.851
v 0.0384 		0.7595 		0.6696
v 0.0548 		0.7546 		0.6603
v 0.2373 		1.2466 		0.9064
v 0.2261 		1.249 		0.9113
v 0.0118 		0.7614 		0.6877
v 0.256 		1.2342 		0.8721
v 0.4062 		0.995 		1.1569
v 0.2209 		1.2187 		0.8078
v 0.2153 		1.2435 		0.8745
v 0.4259 		0.9629 		1.1451
v 0.417 		0.9765 		1.1475
v 0.1858 		1.241 		0.8525
v 0.1807 		1.2459 		0.8706
v 0.4095 		0.9703 		1.1642
v 0.3974 		0.9876 		1.174
v 0.104 		0.7187 		0.6667
v 0.388 		0.9919 		1.1858
v 0.3819 		0.9882 		1.1961
v 0.0717 		0.6872 		0.6907
v 0.0572 		0.7194 		0.6873
v 0.0679 		0.7002 		0.6907
v 0.0965 		0.7107 		0.6775
v 0.0829 		0.6928 		0.6877
v 0.0937 		0.6878 		0.6882
v 0.089 		0.7095 		0.6824
v 0.0768 		0.7082 		0.6882
v 0.0791 		0.7014 		0.6887
v 0.0497 		0.6897 		0.7
v 0.0183 		0.7119 		0.7074
v 0.0295 		0.7033 		0.7103
v 0.045 		0.7095 		0.6971
v 0.0459 		0.7194 		0.6892
v 0.0529 		0.7058 		1.4093
v 0.0501 		0.7113 		1.3995
v 0.0164 		1.2941 		1.3103
v 0.023 		0.7119 		1.4064
v 0.0024 		1.3133 		1.2985
v 0.0118 		1.2861 		1.2858
v 0.0193 		1.2762 		1.2868
v 0.0104 		1.2929 		1.2951
v 0.0178 		1.3047 		1.3333
v 0.0104 		1.3059 		1.3098
v 0.0085 		0.6971 		1.4245
v 0.023 		1.2898 		1.327
v 0.0263 		0.686 		1.4363
v 0.0394 		0.6971 		1.4284
v 0.0141 		0.7002 		1.4235
v 0.0197 		1.3238 		1.3902
v -0.0079 		0.6644 		1.4368
v 0.0169 		1.3318 		1.352
v 0.0066 		0.6458 		1.4461
v 0.008 		0.6569 		1.4436
v 0.0295 		0.6538 		1.4466
v 0.0183 		0.6433 		1.4475
v 0.052 		0.7107 		0.6946
v 0.0244 		0.6742 		1.4422
v 0.0305 		0.678 		1.4407
v 0.0263 		0.6674 		1.4441
v 0.0043 		0.6687 		1.4377
v 0.0829 		0.6644 		0.7005
v 0.4198 		0.6773 		0.7083
v 0.3964 		0.6705 		0.6985
v 0.0057 		0.6786 		1.4343
v 0.4446 		0.7107 		0.6716
v 0.0745 		0.6712 		0.6966
v 0.4278 		0.6915 		0.6853
v 0.402 		0.6798 		0.6838
v 0.0651 		0.665 		0.7044
v 0.0529 		0.6526 		0.7172
v 0.0403 		0.6631 		0.7206
v 0.0431 		0.6724 		0.7127
v 0.4563 		0.72 		0.674
v 0.0969 		0.6316 		1.3828
v 0.089 		0.6322 		1.399
v 0.4212 		0.7187 		0.6422
v 0.0904 		0.6359 		1.4054
v 0.3721 		0.6798 		0.6652
v 0.3857 		0.6749 		0.6804
v 0.0979 		0.6427 		1.4025
v 0.0684 		0.6477 		0.7147
v 0.0941 		0.6335 		1.3936
v 0.1068 		0.6384 		1.3833
v 0.3913 		0.6891 		0.6637
v 0.3917 		0.6977 		0.6515
v 0.1086 		0.6341 		1.3686
v 0.0164 		0.72 		0.7025
v 0.0286 		0.72 		0.6946
v 0.1152 		0.6365 		1.3598
v 0.1456 		0.6347 		0.7525
v 0.1367 		0.6297 		0.752
v 0.1245 		0.6304 		0.7431
v 0.1171 		0.626 		0.7461
v 0.1138 		0.6335 		0.7338
v 0.104 		0.6297 		1.3578
v 0.1156 		0.6304 		1.3397
v 0.1114 		0.6217 		0.7814
v 0.1021 		0.6229 		0.7873
v 0.1264 		0.6335 		1.3294
v 0.0796 		0.6223 		0.7765
v 0.1222 		0.6365 		1.3446
v 0.1241 		0.6347 		1.3328
v 0.1091 		0.6279 		1.327
v 0.0155 		1.317 		1.3426
v 0.0155 		1.3263 		1.3485
v 0.0183 		1.3491 		1.3417
v 0.0178 		1.3461 		1.3686
v 0.0852 		0.6273 		1.3657
v 0.0735 		0.6273 		1.3877
v 0.0174 		1.3411 		1.3721
v 0.0703 		0.6304 		1.4137
v 0.0646 		0.6372 		1.4343
v 0.0169 		1.3176 		1.3971
v 0.0768 		0.6359 		1.4216
v 0.0155 		1.3158 		1.3672
v 0.0146 		1.3195 		1.3574
v 0.0539 		0.6347 		1.4387
v 0.015 		1.3182 		1.3804
v 0.0469 		0.6359 		1.4422
v 0.0426 		0.6402 		1.4456
v 0.0155 		1.3349 		1.3711
v 0.0146 		1.3281 		1.3711
v 0.0281 		1.2793 		1.3814
v 0.0352 		0.6347 		1.4417
v 0.0169 		1.2898 		1.3961
v 0.0188 		1.2941 		1.3765
v 0.0651 		0.6279 		1.3985
v 0.0146 		1.2991 		1.3809
v 0.0127 		1.3114 		1.3828
v -0.1473 		0.626 		1.2397
v 0.016 		1.3059 		1.3706
v 0.0113 		1.3009 		1.4
v 0.0122 		1.3077 		1.3951
v -0.1296 		0.6267 		1.2691
v -0.1548 		0.6273 		1.2623
v 0.0834 		0.6427 		0.7167
v 0.3814 		0.9771 		1.2005
v 0.0604 		0.6236 		0.7475
v 0.0646 		0.6242 		0.7431
v 0.081 		0.6242 		0.7387
v 0.0529 		0.6273 		0.7348
v 0.0478 		0.6267 		0.7382
v 0.0815 		0.6328 		0.7235
v 0.089 		0.6285 		0.7294
v 0.3716 		1.0364 		1.15
v 0.3613 		1.0389 		1.1559
v 0.0843 		0.6229 		0.7529
v 0.3828 		1.0364 		1.1137
v 0.0913 		0.6229 		0.7525
v 0.0745 		0.6279 		0.7289
v 0.0745 		0.6415 		0.7172
v 0.3978 		1.0271 		1.1157
v 0.3407 		1.0006 		1.2363
v 0.3632 		1.0055 		1.2088
v 0.3449 		1.021 		1.2093
v 0.3548 		1.0185 		1.2029
v 0.3407 		1.029 		1.2
v 0.0955 		0.6254 		0.7373
v 0.0632 		0.6409 		0.7181
v 0.0558 		0.631 		0.727
v 0.0515 		0.6365 		0.7235
v 0.0394 		0.6372 		0.7294
v 0.3332 		1.003 		1.2392
v 0.3089 		1.0117 		1.2471
v 0.2972 		1.0234 		1.2358
v 0.3183 		1.0203 		1.2284
v 0.0632 		0.6508 		0.8162
v 0.089 		0.6446 		0.8108
v 0.0656 		0.6433 		0.8039
v 0.0745 		0.6477 		0.8093
v 0.3557 		0.9857 		1.2294
v 0.3515 		0.9796 		1.2338
v 0.3604 		0.9598 		1.2304
v 0.3487 		0.9629 		1.2377
v 0.0501 		0.6551 		0.8358
v 0.374 		0.9709 		1.2132
v 0.0483 		0.6483 		0.8172
v 0.0342 		0.6545 		0.8377
v 0.0539 		0.6285 		1.4191
v 0.0342 		0.6285 		1.4142
v 0.2397 		1.2422 		0.8863
v -0.1244 		0.6279 		1.2941
v -0.006 		0.6328 		1.4348
v 0.0033 		0.6341 		1.4417
v -0.1258 		0.626 		1.1162
v 0.2687 		1.1878 		0.7794
v 0.0001 		0.6378 		1.4441
v 0.286 		1.181 		0.7789
v 0.3094 		1.1742 		0.7868
v -0.1122 		0.6273 		1.1059
v -0.1347 		0.6267 		1.098
v -0.1333 		0.6285 		1.0868
v -0.1492 		0.6279 		1.0701
v 0.0249 		0.6304 		1.4319
v 0.0398 		0.631 		1.4348
v 0.0108 		0.6365 		1.4456
v 0.0193 		0.6316 		1.4387
v -0.1174 		0.6316 		1.0917
v -0.1235 		0.6359 		1.0775
v -0.1352 		0.6316 		1.073
v 0.3164 		1.1953 		0.8314
v -0.0187 		0.639 		1.4373
v 0.2921 		1.1619 		0.7549
v 0.1269 		1.1174 		1.275
v 0.1138 		1.1174 		1.2966
v 0.0426 		0.6495 		0.8221
v 0.1919 		1.2286 		0.8216
v 0.1358 		1.2169 		0.8127
v 0.1437 		1.2286 		0.8309
v 0.4053 		0.7089 		0.6422
v 0.1386 		1.2107 		0.802
v 0.4053 		0.7218 		0.6294
v 0.023 		0.6489 		0.8338
v 0.0366 		0.644 		0.8186
v 0.1578 		1.2268 		0.823
v 0.176 		1.233 		0.8314
v 0.0375 		0.6514 		0.8265
v 0.2046 		1.2126 		0.7936
v 0.1096 		1.2045 		0.8069
v -0.0172 		0.6557 		0.9083
v 0.0005 		0.6545 		0.8642
v 0.0183 		0.6538 		0.8466
v -0.2568 		1.3306 		1.2417
v 0.3702 		0.6464 		0.7525
v 0.3482 		0.652 		0.7098
v -0.2695 		1.3448 		1.2343
v 0.3426 		0.6576 		0.6941
v 0.3253 		0.647 		0.7103
v -0.1689 		0.626 		1.2015
v -0.2114 		0.6273 		1.2108
v 0.3814 		0.7348 		0.6152
v 0.3758 		0.754 		0.6074
v -0.2498 		1.2997 		1.2284
v 0.3861 		0.7768 		0.6025
v 0.3749 		0.7657 		0.6034
v -0.2582 		1.2979 		1.2441
v -0.2091 		0.6285 		1.1436
v -0.2012 		0.6267 		1.1716
v -0.2044 		0.6279 		1.1328
v 0.3791 		0.7836 		0.602
v -0.2671 		1.2793 		1.2515
v 0.366 		0.7812 		0.6
v -0.232 		1.3127 		1.2108
v -0.1946 		0.6273 		1.1176
v 0.3594 		0.7688 		0.6
v 0.3566 		0.8016 		0.6069
v -0.2171 		0.6322 		1.151
v -0.2147 		0.6328 		1.1436
v -0.2737 		1.3059 		1.3074
v -0.2737 		1.3096 		1.2946
v -0.2727 		1.3152 		1.2868
v -0.2699 		1.3306 		1.2907
v 0.3398 		0.7713 		0.601
v 0.14 		1.1143 		1.2652
v -0.2386 		0.6402 		1.1912
v -0.2367 		0.6322 		1.1971
v -0.2344 		0.631 		1.1936
v -0.2283 		0.6285 		1.2029
v -0.2311 		0.6297 		1.1873
v -0.225 		0.6304 		1.174
v 0.1676 		0.8207 		1.2392
v 0.1559 		0.8053 		1.2515
v 0.2392 		1.1594 		0.7279
v 0.1629 		0.8114 		1.2392
v -0.2236 		0.6328 		1.1637
v 0.2551 		1.1705 		0.7475
v 0.2429 		1.1829 		0.7603
v 0.2635 		1.147 		0.7221
v -0.2222 		0.6359 		1.1554
v 0.052 		0.8417 		1.3574
v 0.2181 		1.1915 		0.7647
v -0.2358 		0.6421 		1.1833
v 0.0422 		0.809 		1.3333
v 0.0291 		0.8195 		1.3412
v 0.0464 		0.8343 		1.3554
v 0.0436 		0.8238 		1.3426
v 0.2261 		1.1681 		0.7358
v 0.0576 		0.8263 		1.3417
v 0.2116 		1.1736 		0.7402
v 0.2242 		1.1489 		0.7162
v 0.2331 		1.1291 		0.6971
v 0.06 		0.8028 		1.3333
v -0.232 		0.6353 		1.1794
v 0.0693 		0.8244 		1.3382
v 0.1854 		1.1718 		0.7382
v 0.2106 		1.1297 		0.699
v 0.1947 		1.1588 		0.7255
v -0.0289 		0.6625 		1.4275
v -0.043 		0.6538 		1.4167
v -0.0313 		0.6786 		1.4162
v -0.043 		0.6433 		0.8804
v -0.0453 		0.6501 		0.8877
v -0.0388 		0.6526 		0.8877
v -0.0121 		0.6508 		0.8647
v 0.1634 		1.1705 		0.7426
v 0.0604 		0.8393 		1.3495
v -0.0336 		0.6514 		0.8804
v 0.1657 		1.1928 		0.7667
v 0.0539 		0.8374 		1.3515
v -0.0294 		0.6545 		0.8848
v 0.1727 		1.1866 		0.7583
v 0.009 		0.8077 		1.3289
v 0.0127 		0.8047 		1.326
v 0.0094 		0.6508 		0.848
v -0.0168 		0.8584 		1.4206
v -0.0018 		0.8399 		1.3922
v 0.1957 		1.2521 		0.948
v 0.1629 		1.2496 		0.9618
v -0.0285 		0.7744 		0.7201
v -0.0135 		0.7651 		0.7054
v 0.0342 		0.8386 		1.3721
v 0.1854 		1.2521 		0.9255
v 0.0071 		0.822 		1.3583
v -0.0182 		0.7818 		0.7113
v -0.0304 		0.8374 		1.3985
v 0.139 		1.2459 		0.8956
v 0.1648 		1.2503 		0.9059
v 0.2041 		1.2515 		0.9206
v -0.0009 		0.7954 		0.6971
v -0.0135 		0.8009 		0.7044
v -0.0261 		0.6532 		1.4324
v -0.0224 		0.8189 		1.3647
v -0.0018 		0.8022 		1.3225
v 0.1344 		1.2466 		0.9074
v -0.057 		0.8281 		1.3863
v -0.0481 		0.647 		1.4162
v -0.0275 		0.7886 		0.7172
v -0.0158 		0.7941 		0.7088
v -0.0701 		0.8084 		1.351
v 0.1498 		1.2478 		0.9824
v 0.1058 		1.2428 		0.9422
v 0.0974 		1.241 		0.9549
v 0.1128 		1.2422 		0.9926
v -0.0673 		0.8047 		1.3422
v -0.0537 		0.644 		1.4113
v -0.188 		0.809 		1.1157
v 0.0572 		1.2299 		0.9863
v -0.0378 		0.6687 		1.4132
v 0.081 		1.2336 		1.0221
v -0.2049 		0.8133 		1.2255
v -0.1843 		0.809 		1.1784
v -0.1829 		0.8065 		1.1917
v 0.0824 		1.236 		1
v -0.1778 		0.8016 		1.2029
v -0.0215 		0.6458 		1.4373
v -0.1937 		0.8102 		1.2069
v -0.1932 		0.8077 		1.2299
v -0.1829 		0.8047 		1.2113
v -0.204 		0.8182 		1.202
v -0.0706 		0.6495 		1.375
v -0.0692 		0.6588 		1.3745
v -0.2681 		1.3356 		1.3054
v -0.2709 		1.3201 		1.3113
v -0.0584 		0.7756 		0.7368
v -0.2779 		1.288 		1.3284
v -0.0439 		0.762 		0.7314
v -0.042 		0.7682 		0.7265
v -0.0346 		0.7669 		0.7245
v -0.2166 		0.8424 		1.1593
v -0.0416 		0.7886 		0.7211
v -0.0537 		0.7843 		0.7289
v -0.2334 		0.8504 		1.1652
v -0.2484 		0.8578 		1.1789
v -0.2798 		1.2144 		1.3971
v -0.2377 		0.8491 		1.1814
v -0.0112 		0.7552 		0.7049
v -0.0238 		0.7595 		0.7172
v -0.0027 		0.7515 		0.699
v -0.2007 		0.8294 		1.1613
v -0.291 		1.2472 		1.3588
v -0.0528 		0.6718 		1.3956
v -0.0608 		0.6582 		1.3951
v -0.0612 		0.6495 		1.3995
v -0.1923 		0.8201 		1.1289
v -0.1965 		0.8374 		1.1265
v -0.1951 		0.8275 		1.1485
v -0.065 		0.647 		1.3907
v -0.1951 		0.8213 		1.1681
v 0.0197 		1.2979 		1.352
v -0.189 		0.8121 		1.1539
v -0.1923 		0.822 		1.1505
v -0.1904 		0.8176 		1.1632
v -0.0065 		1.3671 		1.2931
v -0.0135 		1.3788 		1.2828
v -0.2175 		0.8368 		1.177
v -0.0261 		1.3807 		1.2647
v -0.2147 		0.83 		1.1907
v -0.0201 		1.3584 		1.274
v -0.0252 		1.3936 		1.2755
v -0.0158 		1.3887 		1.2833
v -0.0224 		1.4023 		1.2892
v -0.0818 		1.1056 		1.4789
v -0.0874 		1.0995 		1.476
v -0.0814 		1.0859 		1.4775
v -0.0626 		1.4097 		1.2373
v -0.0584 		1.0865 		1.476
v -0.0458 		1.4011 		1.2569
v -0.0725 		1.1087 		1.4828
v -0.043 		1.406 		1.2696
v -0.0753 		1.1019 		1.4779
v -0.0608 		1.4097 		1.248
v -0.0636 		1.0982 		1.4775
v -0.0584 		1.0927 		1.476
v -0.0547 		1.4054 		1.2515
v -0.0804 		1.0673 		1.4824
v -0.0552 		1.3986 		1.2284
v -0.0982 		1.1118 		1.4784
v -0.116 		1.0865 		1.4784
v -0.1024 		1.1007 		1.475
v -0.2835 		1.2663 		1.3578
v -0.0935 		1.1075 		1.4765
v -0.0383 		1.3776 		1.2461
v -0.0453 		1.3788 		1.2328
v -0.0491 		1.3819 		1.2181
v -0.2821 		1.254 		1.377
v -0.0898 		1.1112 		1.4804
v -0.2896 		1.2367 		1.3691
v -0.006 		0.7348 		0.7103
v -0.1085 		1.1087 		1.4735
v -0.0472 		1.3862 		1.2338
v -0.0921 		1.1161 		1.4858
v -0.0809 		1.1143 		1.4926
v -0.0304 		1.3714 		1.2554
v -0.0495 		1.3627 		1.2186
v -0.036 		1.3559 		1.2495
v -0.0785 		1.4227 		1.3529
v -0.0533 		1.4165 		1.302
v -0.0233 		0.7299 		0.7304
v -0.0261 		1.4103 		1.3098
v -0.0205 		0.7385 		0.7235
v -0.0846 		1.4221 		1.3142
v -0.0874 		1.4196 		1.2593
v -0.0725 		1.419 		1.2887
v -0.0102 		0.7237 		0.7235
v -0.0697 		1.4147 		1.2525
v -0.0589 		0.7509 		0.751
v -0.0603 		1.4122 		1.2642
v -0.0533 		0.728 		0.749
v -0.042 		0.7342 		0.7402
v -0.0327 		0.7546 		0.7284
v -0.0486 		0.7441 		0.7461
v -0.0491 		0.7564 		0.7417
v 0.147 		1.2422 		0.8676
v 0.1189 		1.2404 		0.8931
v 0.1072 		1.241 		0.9123
v -0.1441 		0.6508 		1.3275
v 0.1405 		1.2348 		0.849
v -0.1455 		0.6619 		1.3221
v -0.1319 		0.6724 		1.3147
v -0.0261 		0.7404 		0.7294
v -0.0968 		0.7682 		0.7721
v -0.1197 		0.77 		0.7892
v -0.1104 		0.783 		0.7794
v -0.13 		0.6464 		1.3275
v -0.0837 		0.7725 		0.7593
v -0.1202 		0.7972 		1.323
v -0.1277 		0.77 		0.7975
v -0.1389 		0.7979 		1.3142
v -0.1333 		0.7676 		0.8044
v -0.0341 		0.6316 		1.4132
v -0.0243 		0.6335 		1.4265
v -0.086 		0.7404 		0.7725
v -0.0318 		0.6384 		1.4284
v -0.0439 		0.6384 		1.4196
v -0.0481 		0.6372 		1.4132
v -0.0444 		0.6335 		1.4093
v -0.0449 		0.6421 		1.4206
v 0.1007 		1.2311 		0.8789
v -0.1029 		0.749 		0.7794
v -0.0949 		0.7354 		0.7848
v -0.1076 		0.7416 		0.7892
v -0.1099 		0.7527 		0.7838
v -0.0575 		0.6322 		1.3917
v -0.1136 		0.7466 		0.7907
v -0.0589 		0.6378 		1.401
v -0.057 		0.6347 		1.4
v -0.0594 		0.6427 		1.4034
v -0.1104 		0.7286 		0.8078
v -0.1207 		0.7422 		0.8069
v -0.1422 		0.6328 		1.3196
v -0.1258 		0.7521 		0.8064
v 0.0684 		1.22 		0.8755
v 0.082 		1.2231 		0.873
v -0.298 		1.2113 		1.3515
v -0.1539 		0.6396 		1.3279
v -0.2915 		1.1977 		1.373
v -0.2947 		1.2045 		1.3657
v -0.2807 		1.2348 		1.3922
v 0.3445 		0.9672 		1.2431
v 0.3421 		0.9728 		1.2475
v 0.3393 		0.9901 		1.2446
v -0.2807 		1.1817 		1.402
v -0.2746 		1.1582 		1.3936
v -0.2751 		1.16 		1.402
v 0.3431 		0.9789 		1.2446
v 0.3169 		0.9771 		1.2662
v 0.3295 		0.9629 		1.2598
v -0.2554 		1.1297 		1.3843
v -0.2517 		1.1322 		1.399
v 0.3084 		0.9925 		1.2632
v -0.2348 		1.1205 		1.4088
v 0.3113 		0.9833 		1.2672
v -0.2695 		1.1569 		1.4147
v 0.3426 		0.796 		0.6069
v -0.2667 		1.1421 		1.3814
v -0.262 		1.1446 		1.399
v 0.3482 		0.7861 		0.6
v 0.3173 		0.7948 		0.6245
v 0.3024 		0.783 		0.6304
v 0.3258 		0.7793 		0.6069
v 0.3136 		0.7707 		0.6118
v -0.2517 		1.1211 		1.3843
v 0.3197 		0.7849 		0.6132
v -0.2442 		1.1217 		1.3971
v 0.2963 		0.7651 		0.623
v -0.2849 		1.1928 		1.3926
v -0.2957 		1.1934 		1.3549
v -0.2826 		1.165 		1.3392
v -0.2919 		1.1866 		1.351
v 0.3131 		0.7589 		0.6103
v -0.283 		1.1755 		1.3877
v 0.307 		0.7391 		0.6167
v -0.2891 		1.186 		1.3755
v 0.3197 		0.7447 		0.6103
v -0.2849 		1.1736 		1.3662
v 0.3375 		0.736 		0.6103
v 0.3487 		0.7453 		0.6064
v 0.2907 		0.7849 		0.6505
v 0.2724 		0.8009 		0.6578
v 0.2818 		0.7923 		0.6627
v -0.2779 		1.1526 		1.3324
v -0.2718 		1.1452 		1.3397
v 0.2673 		0.7917 		0.6593
v -0.269 		1.1322 		1.3377
v 0.2762 		0.7867 		0.6627
v -0.269 		1.139 		1.3289
v -0.2751 		1.1569 		1.3775
v -0.1136 		1.1155 		1.474
v -0.1263 		1.0401 		1.4922
v -0.1057 		1.0574 		1.4873
v -0.1216 		1.0716 		1.4833
v -0.2676 		1.1248 		1.3441
v -0.2634 		1.1297 		1.3593
v -0.2606 		1.118 		1.3691
v -0.1544 		1.1137 		1.4657
v -0.1665 		1.089 		1.4696
v -0.0341 		0.6983 		0.7613
v -0.0191 		0.6897 		0.7613
v -0.1665 		1.0661 		1.4804
v -0.0107 		0.7039 		0.7368
v -0.1408 		1.0655 		1.4848
v -0.2816 		1.2163 		1.2735
v -0.1361 		1.0988 		1.473
v -0.182 		1.0469 		1.4809
v -0.1314 		1.1124 		1.4701
v 0.307 		1.0315 		1.2167
v 0.2785 		1.0383 		1.2064
v -0.1253 		1.1063 		1.4716
v -0.1632 		1.105 		1.4623
v 0.2659 		1.0377 		1.2098
v 0.4601 		0.9555 		1.0328
v -0.1174 		1.0284 		1.4936
v -0.0823 		1.0358 		1.4912
v -0.0977 		1.0339 		1.4936
v -0.08 		1.0148 		1.4917
v 0.468 		0.9542 		1.0157
v 0.4708 		0.9276 		1.0284
v 0.4699 		0.9412 		1.0176
v -0.1038 		1.0055 		1.4931
v 0.475 		0.9301 		0.9848
v 0.4746 		0.9369 		0.9912
v -0.1211 		0.9598 		1.4897
v -0.1282 		0.9721 		1.4892
v -0.0902 		0.982 		1.4946
v 0.4732 		0.932 		1.0103
v -0.1211 		0.9826 		1.4907
v -0.0926 		0.961 		1.4941
v 0.475 		0.9184 		0.9917
v 0.4755 		0.9023 		1.0078
v 0.4741 		0.8986 		0.9917
v -0.1576 		1.0377 		1.4887
v -0.138 		1.0098 		1.4917
v -0.1745 		1.0074 		1.4858
v 0.2691 		0.7694 		0.6632
v 0.2659 		0.7626 		0.6627
v -0.182 		1.016 		1.4838
v 0.2645 		0.7688 		0.6662
v 0.249 		0.7669 		0.6647
v -0.0037 		1.3201 		1.2912
v -0.0205 		1.3294 		1.2686
v -0.0098 		1.3164 		1.2809
v 0.2743 		0.7231 		0.6373
v 0.2846 		0.736 		0.6284
v -0.0121 		1.3263 		1.2824
v 0.0057 		0.7107 		0.7206
v -0.0168 		1.3504 		1.2794
v 0.2897 		0.7478 		0.625
v -0.0037 		0.6915 		0.7471
v 0.0061 		0.6953 		0.7358
v 0.2659 		0.7286 		0.6422
v -0.0219 		1.3436 		1.2721
v 0.2715 		0.749 		0.6412
v 0.2822 		0.749 		0.6309
v -0.0149 		1.3152 		1.2647
v -0.0009 		1.2923 		1.2706
v 0.2546 		0.7354 		0.6569
v 0.256 		0.7478 		0.6623
v 0.2467 		0.7367 		0.6681
v -0.0505 		1.3461 		1.2216
v -0.042 		1.3275 		1.2265
v -0.0435 		1.3047 		1.2132
v 0.2467 		0.7459 		0.6711
v -0.0308 		1.2787 		1.2118
v -0.0252 		1.2898 		1.2265
v -0.0308 		1.3454 		1.2588
v -0.0327 		0.6835 		0.7833
v -0.0154 		1.2824 		1.2319
v 0.2495 		0.7564 		0.6691
v 0.1054 		1.2268 		0.8632
v -0.0252 		0.6866 		0.7745
v -0.2812 		1.2459 		1.275
v 0.1128 		1.2249 		0.8466
v 0.015 		0.6996 		0.7245
v -0.2732 		1.2669 		1.2627
v 0.0281 		0.6637 		0.7324
v 0.2443 		0.7503 		0.6716
v -0.2601 		1.2509 		1.2284
v 0.2359 		0.7231 		0.6794
v -0.2498 		1.2453 		1.2137
v -0.2423 		1.262 		1.2088
v -0.2788 		1.249 		1.2637
v -0.0107 		0.6464 		0.7642
v -0.2746 		1.2422 		1.2515
v 0.2354 		0.7336 		0.6789
v -0.0013 		0.6557 		0.7574
v -0.2601 		1.2626 		1.2333
v -0.255 		1.2707 		1.2279
v 0.3229 		0.6823 		0.6529
v 0.3459 		0.6712 		0.6701
v -0.0243 		0.6613 		0.7755
v 0.3716 		0.7113 		0.6265
v 0.3487 		0.7008 		0.6328
v -0.2419 		1.2441 		1.2064
v 0.3665 		0.694 		0.6436
v -0.006 		0.6792 		0.7603
v 0.3618 		0.6891 		0.6475
v 0.3529 		0.7138 		0.6225
v -0.0182 		0.6606 		0.7711
v 0.0029 		0.6773 		0.7529
v 0.3557 		0.6823 		0.6549
v -0.013 		0.6761 		0.7686
v -0.2816 		1.2336 		1.2686
v -0.2695 		1.2249 		1.2431
v -0.2713 		1.2033 		1.25
v 0.1016 		1.207 		0.8181
v -0.2578 		1.2157 		1.227
v -0.2498 		1.2058 		1.2147
v 0.088 		1.2064 		0.8294
v 0.0754 		1.2113 		0.8583
v 0.0904 		1.2181 		0.8583
v -0.2367 		1.2286 		1.201
v -0.0332 		0.7194 		0.7368
v -0.0355 		0.7119 		0.7431
v -0.2947 		1.2367 		1.3176
v -0.2919 		1.2466 		1.3078
v -0.2863 		1.2645 		1.3167
v -0.2957 		1.2416 		1.3373
v -0.2924 		1.2503 		1.3377
v -0.2877 		1.2626 		1.3387
v 0.0866 		1.236 		0.9132
v 0.067 		1.2317 		0.9319
v -0.284 		1.2725 		1.3348
v -0.2849 		1.2527 		1.2956
v 0.0567 		1.2292 		0.9564
v -0.0308 		0.7045 		0.748
v -0.0608 		0.6928 		0.7912
v -0.0392 		1.3485 		1.2461
v -0.0626 		0.6835 		0.8088
v 0.0656 		1.199 		1.2402
v 0.0773 		1.2039 		1.2132
v 0.1844 		1.1668 		1.1804
v 0.1681 		1.1279 		1.225
v 0.1769 		1.1384 		1.2078
v 0.1933 		1.1458 		1.1966
v 0.1877 		1.1223 		1.2191
v -0.0963 		0.6872 		0.8392
v 0.1419 		1.1613 		1.2074
v -0.0439 		0.6872 		0.7882
v -0.0893 		0.6915 		0.8299
v 0.1957 		1.173 		1.1696
v 0.2097 		1.1495 		1.1863
v -0.0739 		0.6847 		0.8206
v -0.0701 		0.6588 		0.8157
v -0.0584 		0.6545 		0.8064
v 0.1615 		1.1508 		1.2025
v -0.0435 		0.6576 		0.7926
v 0.1695 		1.1501 		1.198
v 0.1344 		1.1798 		1.1838
v 0.1171 		1.1835 		1.1863
v 0.3258 		0.707 		0.6284
v -0.0542 		0.6823 		0.801
v 0.3066 		0.72 		0.624
v 0.3393 		0.7212 		0.6181
v 0.1695 		1.1829 		1.1657
v -0.0369 		0.6773 		0.7877
v -0.1403 		0.9604 		1.4843
v -0.1656 		0.9864 		1.4843
v 0.301 		0.6681 		0.677
v -0.1553 		0.9678 		1.4794
v 0.3075 		0.6532 		0.6926
v -0.1735 		0.9746 		1.477
v -0.1675 		0.9641 		1.4735
v 0.3197 		0.66 		0.6838
v -0.1478 		0.9783 		1.4853
v -0.086 		0.6804 		0.8324
v -0.1469 		0.9962 		1.4892
v 0.3258 		0.6742 		0.6637
v -0.0902 		0.66 		0.8348
v -0.2007 		1.1155 		1.4436
v -0.2058 		1.0704 		1.4618
v -0.1778 		1.1063 		1.4559
v -0.1829 		1.0741 		1.4711
v 0.2846 		0.6662 		0.6784
v 0.2883 		0.6576 		0.6873
v -0.1951 		1.0543 		1.473
v 0.2981 		0.6508 		0.6966
v -0.1969 		1.0451 		1.474
v 0.285 		0.6464 		0.7064
v 0.2649 		0.644 		0.7167
v -0.2138 		1.1174 		1.4319
v -0.2199 		1.1131 		1.4275
v -0.2316 		1.105 		1.4191
v 0.2813 		0.6953 		0.6505
v 0.2981 		0.6835 		0.6583
v 0.3047 		0.6922 		0.6446
v 0.2813 		0.6885 		0.6574
v 0.2645 		0.715 		0.6475
v 0.2841 		0.707 		0.6397
v 0.2991 		0.7045 		0.6338
v -0.2835 		1.241 		1.2843
v 0.2911 		0.6928 		0.648
v -0.291 		1.233 		1.3039
v -0.298 		1.215 		1.3338
v -0.299 		1.2045 		1.3407
v 0.2953 		0.7138 		0.6309
v -0.2929 		1.2045 		1.3167
v -0.284 		1.1983 		1.2858
v -0.2877 		1.2212 		1.2985
v 0.1536 		1.1718 		1.1873
v 0.0904 		1.1712 		1.2583
v 0.0979 		1.147 		1.2819
v 0.1147 		1.1668 		1.2338
v 0.1072 		1.1489 		1.2642
v 0.1442 		1.1205 		1.2549
v 0.1255 		1.1396 		1.25
v 0.1269 		1.1606 		1.226
v 0.1119 		1.1526 		1.2485
v 0.4732 		0.893 		1.0113
v 0.4652 		0.8813 		1.051
v 0.1011 		1.1897 		1.201
v 0.468 		0.8955 		1.0373
v 0.4746 		0.8967 		0.9696
v 0.4783 		0.8949 		0.9441
v 0.1011 		1.1792 		1.2353
v 0.4741 		0.9233 		0.973
v 0.4774 		0.9363 		0.9422
v 0.4778 		0.9598 		0.9466
v -0.2348 		1.0865 		1.4294
v -0.2189 		1.089 		1.4431
v 0.475 		0.9381 		0.9721
v -0.2077 		1.1075 		1.4392
v 0.4727 		0.9598 		0.9608
v -0.2283 		1.0457 		1.451
v 0.0263 		1.2138 		0.95
v -0.2203 		1.0667 		1.4534
v -0.2245 		1.0568 		1.4529
v 0.0656 		1.2286 		0.9069
v 0.0403 		1.2206 		0.9324
v 0.0412 		1.2126 		0.8853
v 0.0305 		1.2119 		0.9152
v 0.0295 		1.2033 		0.8887
v -0.2072 		1.0068 		1.4711
v -0.1909 		1.0302 		1.4794
v -0.1997 		1.021 		1.476
v -0.2077 		1.0309 		1.4676
v 0.0136 		1.2039 		0.9446
v 0.016 		1.1983 		0.9167
v -0.2161 		1.0166 		1.4637
v 0.0478 		1.2082 		0.8725
v -0.1918 		0.9746 		1.4686
v -0.1806 		0.9635 		1.4686
v -0.1824 		0.9783 		1.4755
v -0.2189 		0.9975 		1.4608
v -0.1885 		0.9944 		1.4779
v -0.2035 		0.9746 		1.4613
v -0.0051 		1.1903 		0.9368
v 0.0071 		1.1909 		0.9083
v 0.015 		1.194 		0.898
v -0.0678 		0.7095 		0.774
v -0.0711 		0.7175 		0.7725
v -0.0659 		1.6124 		0.8623
v -0.0818 		0.7089 		0.7887
v -0.2971 		1.2286 		1.3466
v -0.0683 		0.7014 		0.7824
v -0.0603 		1.6161 		0.8652
v -0.0589 		1.6168 		0.8716
v -0.0561 		1.6174 		0.8794
v -0.0603 		0.7095 		0.7681
v -0.0519 		1.6174 		0.8897
v -0.0748 		0.6996 		0.7912
v -0.0528 		1.618 		0.8828
v -0.0519 		1.6007 		0.8574
v -0.0594 		1.6124 		0.8505
v -0.0556 		1.6168 		0.8652
v -0.0603 		1.6143 		0.8544
v -0.0626 		0.7218 		0.7598
v -0.0795 		0.7206 		0.7794
v -0.2704 		1.1681 		1.2627
v -0.05 		1.6174 		0.8809
v -0.1267 		0.6304 		1.3142
v -0.137 		0.6353 		1.325
v -0.0444 		1.6131 		0.8887
v 0.1227 		1.1693 		1.2167
v -0.1324 		0.6384 		1.3279
v -0.1174 		0.6378 		1.3279
v 0.1138 		1.1767 		1.2162
v 0.1133 		1.181 		1.201
v -0.1417 		0.639 		1.3279
v 0.0768 		1.1835 		1.2539
v 0.0791 		1.1903 		1.2446
v 0.0913 		1.1835 		1.2426
v 0.4732 		0.9338 		0.9544
v 0.461 		0.9202 		1.0632
v 0.0876 		1.1934 		1.2289
v -0.0608 		0.6996 		0.7784
v 0.4474 		0.9357 		1.0775
v 0.0969 		1.2101 		1.1279
v 0.1526 		1.2045 		1.1294
v -0.0509 		0.7021 		0.7701
v 0.1208 		1.2058 		1.1304
v 0.4456 		0.9295 		1.0873
v 0.4437 		0.9394 		1.0951
v 0.4456 		0.9443 		1.0833
v -0.0533 		1.6168 		0.8676
v 0.4324 		0.9493 		1.1392
v -0.0477 		1.6118 		0.8745
v 0.4413 		0.948 		1.1142
v 0.4399 		0.9289 		1.1108
v 0.0955 		1.2002 		1.1539
v 0.4446 		0.9536 		1.1029
v 0.1292 		1.1971 		1.15
v 0.0703 		1.2175 		1.1098
v 0.125 		1.2237 		1.0946
v 0.1166 		1.2317 		1.0681
v -0.0715 		1.605 		0.8525
v 0.4329 		0.9394 		1.1368
v -0.0683 		1.5982 		0.8206
v 0.4348 		0.9239 		1.123
v 0.0852 		1.2224 		1.0912
v -0.0659 		1.6025 		0.8279
v -0.064 		1.6038 		0.8358
v -0.0631 		1.5995 		0.824
v -0.0664 		1.6007 		0.8225
v -0.0668 		1.597 		0.8172
v 0.0712 		1.2157 		1.1235
v 0.0717 		1.2138 		1.1397
v 0.4526 		0.893 		1.0946
v 0.4568 		0.9165 		1.0765
v 0.4633 		0.9042 		1.0676
v 0.081 		1.2107 		1.1358
v 0.0787 		1.2082 		1.1667
v -0.1033 		0.7194 		0.8074
v 0.0646 		1.2144 		1.1912
v -0.1427 		0.7966 		1.2995
v -0.0921 		0.7101 		0.8005
v -0.0879 		0.7021 		0.8029
v 0.0871 		1.2014 		1.1863
v -0.1656 		0.7002 		1.2902
v 0.06 		1.2138 		1.2088
v -0.094 		0.6977 		0.8211
v -0.1768 		0.6971 		1.2951
v 0.0239 		1.2231 		1.2113
v 0.0558 		1.2113 		1.2201
v -0.153 		0.6934 		1.2975
v 0.0665 		0.6242 		0.7833
v 0.0548 		1.2194 		1.1358
v -0.013 		1.241 		1.1814
v -0.1923 		0.6835 		1.3064
v 0.0487 		1.2224 		1.1735
v -0.1721 		0.6835 		1.3078
v -0.1661 		0.6922 		1.3015
v 0.0239 		1.2305 		1.1701
v -0.0687 		1.6038 		0.8309
v -0.0715 		1.6019 		0.8279
v -0.0701 		1.6038 		0.8373
v 0.2565 		0.6922 		0.6696
v 0.2368 		0.6897 		0.6863
v 0.2584 		0.7027 		0.6618
v 0.1091 		1.1909 		1.1711
v 0.0604 		0.6254 		0.7887
v 0.2551 		0.7144 		0.6583
v 0.089 		0.6254 		0.7873
v 0.0511 		1.2014 		1.325
v 0.0469 		1.2237 		1.3059
v 0.2387 		0.7082 		0.6784
v 0.088 		0.6304 		0.7931
v 0.0979 		0.6304 		0.8005
v 0.0548 		1.1996 		1.3525
v 0.0394 		1.2589 		1.3176
v 0.0745 		0.6297 		0.7907
v 0.0426 		1.2478 		1.3162
v 0.0515 		1.2243 		1.3412
v 0.2485 		0.6613 		0.7015
v 0.2762 		0.6817 		0.6657
v 0.2682 		0.6637 		0.6858
v 0.2916 		0.6749 		0.6701
v 0.2616 		0.6557 		0.6985
v 0.0384 		1.2496 		1.299
v 0.0431 		1.2404 		1.3059
v 0.031 		1.2744 		1.3176
v -0.269 		1.1619 		1.2672
v -0.2723 		1.139 		1.2667
v -0.2667 		1.152 		1.2657
v -0.2676 		1.1508 		1.2745
v 0.3351 		0.6365 		0.7461
v 0.3379 		0.6285 		0.7912
v 0.3155 		0.639 		0.7275
v 0.3056 		0.6347 		0.7387
v 0.329 		0.6291 		0.7652
v -0.2653 		1.1526 		1.2583
v -0.2639 		1.1557 		1.2529
v 0.0852 		0.6372 		0.799
v -0.2695 		1.1402 		1.2814
v -0.2765 		1.1254 		1.277
v -0.269 		1.1477 		1.2858
v -0.1586 		0.6903 		1.3015
v -0.2657 		1.1681 		1.252
v -0.2746 		1.1878 		1.2593
v -0.262 		1.1594 		1.2431
v 0.0455 		0.6365 		0.8083
v -0.2596 		1.16 		1.2338
v -0.2629 		1.181 		1.2373
v -0.1661 		0.6613 		1.3181
v 0.0216 		0.6427 		0.8284
v -0.1665 		0.6687 		1.3147
v -0.2461 		1.1625 		1.2
v -0.1604 		0.6452 		1.326
v -0.1487 		0.6773 		1.3118
v -0.1661 		0.6761 		1.3113
v 0.0576 		0.6229 		0.7613
v 0.0398 		0.6236 		0.7642
v -0.2414 		1.1742 		1.202
v 0.06 		0.6217 		0.7725
v 0.0403 		0.6248 		0.7961
v 0.0235 		0.6236 		0.7784
v -0.2765 		1.1297 		1.2593
v -0.0631 		1.6112 		0.8466
v -0.0753 		1.5945 		0.8348
v -0.2026 		0.6538 		1.3211
v -0.1932 		0.6761 		1.3123
v -0.1904 		0.6699 		1.3162
v -0.2012 		0.6674 		1.3147
v -0.0659 		1.6069 		0.8387
v -0.2713 		1.1316 		1.2314
v -0.2545 		1.1532 		1.2088
v -0.2479 		1.0383 		1.4304
v -0.0374 		1.5302 		0.8971
v -0.2517 		1.003 		1.4294
v -0.2479 		1.0166 		1.4304
v -0.2751 		1.1613 		1.2892
v -0.2395 		1.0129 		1.4431
v -0.05 		1.5846 		0.8485
v -0.2311 		1.0259 		1.448
v 0.0258 		1.2428 		1.2632
v -0.0425 		1.5543 		0.8368
v 0.0492 		1.1977 		1.2495
v 0.0338 		1.2033 		1.2627
v -0.2227 		1.0346 		1.4549
v 0.038 		1.1983 		1.2583
v -0.2316 		0.9888 		1.4456
v -0.2199 		0.9826 		1.4529
v -0.247 		0.9925 		1.4333
v 0.0361 		1.2181 		1.276
v 0.0305 		1.2194 		1.2623
v -0.2217 		0.9709 		1.4402
v -0.2278 		0.9796 		1.4407
v 0.0211 		0.6347 		0.823
v 0.0155 		0.6378 		0.8299
v 0.0281 		0.6254 		0.8059
v 0.0108 		0.626 		0.8201
v -0.2372 		0.966 		1.425
v 0.037 		1.2058 		1.2779
v -0.2255 		0.9653 		1.4324
v 0.0426 		1.2558 		1.3691
v 0.0478 		1.1724 		1.3039
v 0.0492 		1.181 		1.3172
v 0.0249 		0.6402 		0.823
v 0.4619 		0.8936 		1.0721
v 0.0183 		0.6229 		0.7858
v 0.0169 		0.6229 		0.8029
v 0.0487 		1.1909 		1.3118
v 0.0001 		0.6242 		0.7912
v -0.079 		0.919 		1.475
v 0.045 		1.1687 		1.3461
v -0.007 		0.626 		0.8319
v 0.0445 		1.1619 		1.3358
v -0.0121 		0.6254 		0.8333
v -0.0594 		0.8936 		1.4613
v -0.0851 		0.9066 		1.4676
v -0.0182 		0.6273 		0.8446
v -0.108 		0.8906 		1.4534
v -0.1197 		0.8807 		1.4431
v -0.0093 		0.6236 		0.8176
v -0.0346 		0.6248 		0.8245
v 0.0469 		1.1674 		1.3196
v -0.1202 		0.9363 		1.4838
v 0.0609 		1.1557 		1.3088
v 0.0815 		1.147 		1.299
v -0.0308 		0.6248 		0.8422
v -0.007 		0.631 		0.8417
v -0.108 		0.9116 		1.4691
v -0.1118 		0.9202 		1.476
v 0.0693 		1.1409 		1.3225
v -0.0144 		0.6372 		0.8534
v -0.101 		0.9326 		1.4843
v -0.0832 		0.9443 		1.4902
v 0.0983 		1.1254 		1.3108
v 0.0403 		1.1501 		1.3529
v 0.0478 		1.1545 		1.3343
v 0.4427 		0.8862 		1.1098
v -0.0626 		0.6254 		0.8706
v -0.05 		0.6242 		0.8525
v 0.0412 		1.1421 		1.3578
v -0.1965 		0.6514 		1.3245
v 0.0511 		1.1569 		1.324
v -0.1909 		0.647 		1.3265
v -0.0449 		0.6242 		0.8402
v 0.0394 		1.1551 		1.3618
v -0.1792 		0.6501 		1.325
v -0.0425 		0.6248 		0.8495
v 0.0455 		1.181 		1.3034
v 0.0426 		1.1891 		1.2711
v -0.2044 		0.6433 		1.3211
v 0.0618 		1.1687 		1.2873
v 0.0501 		1.1817 		1.276
v -0.1787 		0.7107 		1.2637
v -0.1806 		0.7064 		1.2775
v 0.0567 		1.1742 		1.2828
v -0.1895 		0.7021 		1.2809
v -0.2007 		0.686 		1.2917
v -0.1895 		0.694 		1.2946
v -0.2077 		0.6953 		1.2735
v 0.0464 		1.1761 		1.2917
v 0.4264 		0.906 		1.1377
v 0.4413 		0.9171 		1.1044
v 0.4367 		0.9072 		1.1211
v 0.0412 		1.1878 		1.2961
v 0.4484 		0.9468 		1.0706
v 0.4516 		0.9493 		1.0574
v 0.038 		1.194 		1.2721
v 0.4638 		0.8559 		1.0211
v 0.4657 		0.8683 		1.025
v 0.4624 		0.8584 		1.0353
v 0.0403 		1.1866 		1.2843
v 0.4704 		0.8794 		1.0015
v 0.0375 		1.1495 		1.3647
v -0.2905 		1.1891 		1.327
v -0.2798 		1.1773 		1.2824
v -0.2821 		1.1767 		1.3074
v 0.4306 		0.7237 		0.9451
v -0.2877 		1.1946 		1.3083
v 0.4451 		0.7472 		0.9417
v 0.4409 		0.7348 		0.9304
v 0.4474 		0.7441 		0.9216
v -0.2737 		1.1267 		1.3113
v 0.4516 		0.8263 		1.0054
v 0.454 		0.8294 		1.0176
v -0.2732 		1.1464 		1.3216
v 0.4568 		0.838 		1.0157
v -0.2685 		1.1365 		1.3196
v 0.4507 		0.8207 		1.0221
v -0.2746 		1.1569 		1.2966
v -0.2704 		1.1477 		1.3049
v 0.4521 		0.8269 		1.0373
v 0.4512 		0.8071 		1.0059
v -0.2681 		1.1409 		1.2926
v -0.269 		1.1347 		1.2995
v 0.4619 		0.8634 		0.9868
v 0.4601 		0.859 		0.977
v -0.2676 		1.1378 		1.3108
v 0.4582 		0.8479 		0.9623
v -0.2639 		1.262 		1.4275
v 0.4675 		0.864 		0.9505
v -0.2732 		1.2262 		1.4225
v -0.2732 		1.2385 		1.4157
v 0.4647 		0.8559 		0.9397
v 0.4652 		0.8733 		0.9775
v -0.2713 		1.2218 		1.4284
v -0.2695 		1.215 		1.4343
v -0.277 		1.2033 		1.4078
v -0.0818 		0.9542 		1.4936
v -0.277 		1.2224 		1.4118
v -0.138 		0.9332 		1.4779
v -0.2699 		1.1773 		1.4309
v -0.2727 		1.1662 		1.4162
v -0.1595 		0.9462 		1.4701
v -0.2723 		1.1891 		1.4265
v -0.1647 		0.9579 		1.4706
v -0.277 		1.194 		1.4118
v -0.131 		0.9202 		1.4716
v -0.1501 		0.9276 		1.4681
v -0.1567 		0.9202 		1.4564
v -0.0444 		1.6118 		0.923
v -0.0458 		1.6081 		0.9314
v -0.0523 		1.61 		0.9206
v -0.0519 		1.6137 		0.9103
v -0.1216 		0.9153 		1.4696
v -0.0467 		1.6013 		0.9471
v -0.0556 		1.6019 		0.9348
v -0.1235 		0.9011 		1.4559
v -0.0589 		1.5951 		0.9441
v -0.0463 		0.8776 		1.4485
v -0.0785 		0.877 		1.449
v -0.0453 		1.6143 		0.9113
v -0.0392 		1.61 		0.9225
v -0.0416 		1.6124 		0.9044
v -0.0612 		0.8801 		1.4515
v -0.0346 		1.6032 		0.9343
v -0.0332 		1.5995 		0.9436
v -0.0467 		1.5784 		0.8618
v -0.0364 		1.6069 		0.9265
v -0.035 		1.6038 		0.926
v -0.0416 		1.5562 		0.8544
v -0.0449 		1.576 		0.8853
v -0.0378 		1.6038 		0.9103
v -0.0332 		1.5939 		0.9377
v -0.0275 		1.5203 		0.8377
v -0.0369 		1.6013 		0.9152
v -0.0416 		1.6106 		0.926
v -0.0406 		1.5525 		0.8711
v -0.0402 		1.6019 		0.948
v -0.0332 		1.5296 		0.8701
v -0.0397 		1.6056 		0.9377
v -0.0243 		1.5148 		0.8608
v -0.0364 		1.6025 		0.9431
v -0.0051 		1.4839 		0.8672
v -0.0051 		1.4839 		0.875
v -0.0065 		1.4777 		0.8608
v -0.0009 		1.4752 		0.8784
v -0.0486 		1.5964 		0.9569
v -0.0659 		1.61 		0.8799
v -0.0163 		1.4987 		0.876
v -0.0608 		1.6149 		0.8833
v -0.0196 		1.4938 		0.902
v -0.0172 		1.487 		0.9123
v -0.0528 		1.6174 		0.8936
v -0.0196 		1.4987 		0.8882
v -0.0626 		1.61 		0.8941
v -0.0079 		1.4789 		0.9093
v -0.043 		1.5624 		0.9304
v -0.0439 		1.555 		0.9353
v -0.0439 		1.5531 		0.95
v -0.043 		1.5587 		0.9039
v 0.4624 		0.809 		0.9529
v -0.0687 		1.589 		0.9309
v 0.4601 		0.8077 		0.9672
v 0.4596 		0.8244 		0.9647
v -0.0425 		1.5822 		0.9093
v -0.036 		1.5902 		0.927
v 0.4638 		0.8306 		0.9417
v 0.461 		0.8349 		0.9515
v -0.057 		1.589 		0.9637
v -0.0683 		1.5828 		0.952
v 0.4535 		0.8028 		0.9917
v -0.0785 		1.5686 		0.9618
v -0.0874 		1.5543 		0.9652
v -0.086 		1.5568 		0.951
v 0.4544 		0.8386 		0.9907
v 0.454 		0.8182 		0.9882
v 0.4516 		0.8133 		0.9975
v -0.0701 		1.5729 		0.9824
v -0.0711 		1.5754 		0.9686
v 0.4521 		0.8714 		1.0814
v 0.4493 		0.8442 		1.0735
v 0.4568 		0.8745 		1.0676
v -0.0636 		1.5834 		0.9676
v -0.0392 		0.8454 		1.4118
v -0.0388 		0.8677 		1.4368
v -0.042 		1.5241 		0.9275
v -0.0921 		0.8485 		1.4142
v -0.0917 		0.8627 		1.4324
v -0.1052 		0.8529 		1.4172
v -0.0425 		1.5358 		0.9172
v 0.4395 		0.7305 		0.9113
v 0.4441 		0.8788 		1.1054
v 0.4465 		0.8745 		1.101
v -0.0453 		1.5315 		0.9495
v -0.0458 		1.5414 		0.9618
v 0.4558 		0.7632 		0.9284
v 0.4381 		0.8726 		1.1235
v 0.4339 		0.8547 		1.127
v 0.4399 		0.8665 		1.1118
v -0.0926 		1.5377 		0.9529
v -0.094 		1.5407 		0.9642
v 0.4418 		0.8448 		1.099
v -0.0729 		1.5914 		0.901
v 0.4334 		0.8244 		1.1137
v 0.431 		0.8022 		1.1162
v 0.4268 		0.8028 		1.1304
v -0.0762 		1.5791 		0.9152
v 0.4418 		0.8312 		1.0951
v 0.038 		1.1415 		1.3662
v 0.4413 		0.8108 		1.0799
v 0.0347 		1.1477 		1.3725
v 0.4306 		0.8028 		1.1049
v 0.0272 		1.139 		1.3833
v 0.4334 		0.8152 		1.1059
v 0.008 		1.2663 		1.2505
v 0.4268 		0.8269 		1.1284
v 0.0174 		1.2478 		1.2475
v 0.0193 		1.2391 		1.2485
v 0.4526 		0.8566 		1.0603
v 0.0277 		1.2144 		1.2485
v 0.0277 		1.2132 		1.2397
v 0.0324 		1.207 		1.2475
v 0.0295 		1.2138 		1.2564
v 0.4114 		0.9357 		1.174
v 0.4268 		0.94 		1.151
v 0.4165 		0.953 		1.1657
v 0.4053 		0.9252 		1.1794
v 0.4207 		0.9276 		1.1574
v -0.0509 		0.626 		0.8662
v 0.4245 		0.9202 		1.1456
v -0.042 		0.6291 		0.8667
v 0.0099 		0.6285 		0.7613
v 0.0033 		0.639 		0.7554
v 0.0178 		0.6304 		0.752
v -0.1085 		0.872 		1.4392
v 0.0272 		0.6273 		0.75
v 0.0333 		0.631 		0.7397
v -0.0949 		0.8325 		1.3907
v 0.0197 		0.6384 		0.7422
v -0.0037 		0.6365 		0.7618
v 0.0033 		0.6285 		0.7652
v -0.0598 		0.843 		1.4098
v -0.0126 		0.6254 		0.7975
v 0.4184 		0.6835 		0.9412
v 0.4217 		0.6959 		0.9466
v 0.4231 		0.6983 		0.9176
v 0.4282 		0.7082 		0.925
v -0.0383 		0.6335 		0.7971
v -0.0514 		0.6353 		0.8098
v 0.4292 		0.7163 		0.9358
v -0.0322 		0.6347 		0.7897
v -0.2007 		0.7033 		1.2505
v 0.4156 		0.6841 		0.9206
v -0.1661 		0.9369 		1.4603
v -0.203 		0.7002 		1.2657
v -0.189 		0.9499 		1.4549
v -0.1806 		0.9264 		1.45
v -0.1726 		0.9313 		1.4544
v -0.181 		0.9443 		1.4564
v 0.4151 		0.6996 		0.9799
v 0.4165 		0.7082 		0.9775
v -0.232 		0.6538 		1.2843
v 0.4179 		0.6977 		0.9681
v 0.424 		0.7218 		0.9676
v -0.2147 		0.6446 		1.3083
v -0.2128 		0.6563 		1.3074
v -0.2236 		0.6557 		1.2951
v -0.2054 		0.6699 		1.3083
v -0.1997 		0.6786 		1.3054
v -0.1698 		0.9443 		1.4603
v -0.2171 		0.6786 		1.2863
v -0.2278 		0.6619 		1.2868
v -0.2241 		0.6712 		1.2848
v -0.2021 		0.9307 		1.4422
v -0.211 		0.6693 		1.2966
v -0.2054 		0.9592 		1.4475
v -0.2068 		0.6644 		1.3118
v -0.2063 		0.6724 		1.3015
v -0.0055 		1.4721 		0.8676
v -0.006 		1.4684 		0.8701
v -0.0088 		1.4653 		0.8721
v -0.2049 		0.6792 		1.2951
v -0.0144 		1.4666 		0.8681
v -0.0313 		1.4635 		0.8926
v -0.0088 		1.4592 		0.8828
v 0.0001 		1.4641 		0.8843
v -0.0842 		1.5537 		0.9157
v -0.0027 		1.4579 		0.8892
v -0.0804 		1.5661 		0.901
v 0.0019 		1.4604 		0.8922
v 0.0024 		1.4524 		0.9064
v -0.0037 		1.453 		0.8961
v -0.0158 		1.4573 		0.8882
v -0.0879 		1.5179 		0.9275
v -0.0842 		1.5302 		0.9108
v -0.0102 		1.4474 		0.9088
v -0.0079 		1.4499 		0.9034
v -0.0781 		1.5451 		0.875
v -0.0093 		1.4437 		0.9176
v 0.4067 		0.652 		0.9603
v 0.4161 		0.6644 		0.9632
v -0.0762 		1.5309 		0.8819
v -0.08 		1.5265 		0.9005
v 0.4142 		0.6798 		0.926
v 0.3936 		0.644 		0.9485
v 0.4128 		0.6687 		0.9471
v -0.1024 		1.5302 		1.0093
v -0.0917 		1.5475 		1.0098
v 0.0043 		1.4666 		0.9044
v -0.0879 		1.5537 		0.9794
v -0.1062 		1.5136 		0.9926
v 0.4193 		0.6798 		0.9608
v -0.08 		1.5618 		0.9926
v 0.0052 		1.4579 		0.9074
v 0.4123 		0.6866 		0.9005
v 0.417 		0.6977 		0.8828
v -0.0884 		1.4925 		0.9456
v -0.0313 		1.5055 		0.9123
v 0.4025 		0.6699 		0.8745
v -0.0289 		1.4808 		0.8422
v 0.3955 		0.6613 		0.8779
v 0.3941 		0.6606 		0.8922
v -0.0304 		1.4864 		0.8328
v -0.0846 		1.4499 		0.9779
v 0.3824 		0.6464 		0.9162
v -0.0856 		1.4641 		0.9681
v -0.0383 		1.4913 		0.8294
v 0.3903 		0.6563 		0.9
v -0.0631 		1.4728 		0.927
v -0.0102 		1.4901 		0.8549
v -0.0135 		1.495 		0.8495
v -0.0098 		1.4808 		0.8544
v -0.0341 		1.4412 		0.9407
v -0.0299 		1.5098 		0.8225
v -0.0285 		1.4932 		0.826
v -0.0219 		1.5018 		0.8328
v 0.3988 		0.6637 		0.9127
v -0.0247 		1.4845 		0.8348
v -0.0406 		1.4592 		0.9142
v -0.05 		1.4394 		0.9574
v -0.0163 		1.4956 		0.8426
v -0.0154 		1.4864 		0.8436
v -0.0135 		1.4814 		0.8475
v -0.0659 		1.4598 		0.9466
v -0.0149 		1.4765 		0.85
v -0.0907 		1.5092 		0.9382
v -0.0743 		1.5012 		0.9103
v -0.0743 		1.4901 		0.924
v -0.0378 		1.4851 		0.8466
v -0.0406 		1.4777 		0.876
v -0.0594 		1.4901 		0.8966
v -0.0481 		1.4944 		0.8505
v -0.0322 		0.6267 		0.8103
v -0.0444 		0.6248 		0.8338
v -0.0594 		1.5 		0.8799
v -0.0528 		1.4938 		0.8711
v -0.0781 		0.6248 		0.8554
v -0.0949 		0.6372 		0.8446
v -0.0753 		0.6267 		0.8446
v -0.0701 		0.6242 		0.852
v -0.057 		0.6279 		0.8333
v -0.0659 		0.6285 		0.8358
v -0.0608 		0.6242 		0.848
v 0.0272 		1.2292 		1.2588
v 0.0193 		1.2187 		1.2309
v 0.0127 		1.233 		1.2328
v -0.21 		0.665 		1.3005
v 0.0136 		1.2255 		1.2299
v 0.0099 		1.2336 		1.2221
v -0.006 		1.2466 		1.2103
v -0.007 		1.2391 		1.1936
v -0.2166 		0.6915 		1.2515
v -0.2241 		0.6866 		1.2407
v -0.2208 		0.6872 		1.2539
v -0.2236 		0.6829 		1.2657
v -0.0172 		1.2571 		1.2064
v -0.0093 		1.2719 		1.2294
v -0.0261 		1.2676 		1.2069
v 0.3852 		0.6489 		0.8662
v -0.2231 		0.6903 		1.2181
v -0.1904 		0.9567 		1.4564
v -0.2143 		0.6965 		1.2333
v -0.2166 		0.6928 		1.2436
v 0.3866 		0.6304 		0.9706
v 0.3721 		0.6415 		0.9074
v -0.2021 		0.7033 		1.2353
v 0.4025 		0.6427 		0.9716
v 0.3632 		0.6279 		0.9382
v -0.1679 		0.9499 		1.4642
v 0.3964 		0.6297 		0.9926
v -0.2372 		0.6736 		1.2377
v -0.2423 		0.6693 		1.2333
v 0.3847 		0.6236 		0.9931
v -0.1899 		0.9196 		1.4412
v -0.1829 		0.9128 		1.4387
v 0.3711 		0.6211 		0.9799
v -0.2344 		0.681 		1.227
v -0.2475 		0.6495 		1.2495
v -0.2456 		0.6464 		1.2505
v 0.388 		0.9499 		1.1985
v 0.3988 		0.9499 		1.1863
v -0.2489 		0.6433 		1.2402
v -0.2447 		0.6526 		1.2525
v -0.2461 		0.6501 		1.25
v -0.2456 		0.6526 		1.2515
v 0.0024 		1.2503 		1.224
v 0.3988 		0.9357 		1.1882
v 0.3875 		0.9246 		1.2
v -0.2325 		0.6792 		1.2387
v -0.2367 		0.6619 		1.2559
v 0.3814 		0.6211 		1.0083
v -0.1796 		0.8943 		1.4206
v 0.3763 		0.953 		1.2108
v 0.0033 		1.2391 		1.2152
v 0.3772 		0.9326 		1.2088
v -0.2339 		0.6458 		1.2814
v 0.0099 		1.2292 		1.2113
v 0.0043 		1.233 		1.2025
v -0.2409 		0.673 		1.225
v -0.1661 		0.9017 		1.4368
v -0.0612 		0.6347 		0.8211
v -0.0846 		0.6359 		0.8377
v -0.0079 		1.4258 		1.0515
v -0.0341 		1.4165 		1.1417
v -0.0767 		0.6384 		0.8294
v -0.0378 		1.4029 		1.1485
v -0.0182 		1.4734 		0.8525
v -0.0346 		1.4208 		1.1382
v -0.0645 		1.5574 		0.7941
v -0.0673 		1.5673 		0.7961
v -0.0659 		1.571 		0.7975
v -0.0654 		1.5822 		0.8039
v -0.0631 		1.5766 		0.8005
v -0.0701 		1.5797 		0.8029
v -0.0168 		1.4239 		1.0843
v -0.0654 		1.589 		0.8098
v -0.0636 		1.592 		0.8137
v -0.0144 		1.4301 		1.0838
v -0.0196 		1.427 		1.1
v -0.0556 		1.5543 		0.7985
v -0.0594 		1.5655 		0.7985
v -0.058 		1.5729 		0.8059
v -0.0229 		1.419 		1.0995
v -0.0603 		1.5902 		0.8172
v -0.0561 		1.5772 		0.8157
v -0.0191 		1.4313 		1.0985
v -0.0154 		1.4215 		1.0691
v -0.0678 		1.5902 		0.8113
v -0.0734 		1.5852 		0.8132
v -0.0547 		1.5871 		0.8328
v -0.0215 		1.4313 		1.1039
v -0.1417 		0.8003 		0.7917
v -0.0973 		0.7873 		0.7618
v -0.0823 		0.7948 		0.7461
v -0.1721 		0.8856 		1.4196
v -0.1267 		0.7904 		0.7877
v -0.1511 		0.9042 		1.4466
v 0.2556 		1.0389 		1.2137
v 0.2425 		1.0531 		1.2265
v -0.2171 		0.9289 		1.4304
v -0.2161 		0.9351 		1.4353
v -0.225 		0.9449 		1.4299
v -0.1108 		1.4783 		1.0005
v -0.0959 		1.4771 		0.9721
v -0.2353 		0.9462 		1.4201
v 0.4016 		0.6359 		0.9922
v -0.2381 		0.94 		1.4152
v -0.2105 		0.9536 		1.4422
v -0.0748 		1.5648 		0.8078
v -0.0771 		1.5772 		0.826
v -0.0785 		1.571 		0.8412
v -0.232 		0.9585 		1.4235
v 0.3169 		0.6322 		1.025
v 0.3276 		0.6223 		1.0245
v -0.2185 		0.9592 		1.4358
v 0.3318 		0.6205 		1.0142
v -0.0762 		1.555 		0.8368
v -0.0785 		1.5599 		0.8618
v 0.3239 		0.6242 		1.0324
v 0.3576 		0.6186 		1.0373
v 0.3576 		0.6186 		1.0137
v -0.0617 		1.5222 		0.8147
v -0.0603 		1.529 		0.8015
v -0.0584 		1.5377 		0.7966
v -0.0678 		1.5383 		0.8093
v -0.0542 		1.529 		0.798
v 0.3393 		0.6192 		1.0358
v -0.0458 		1.5166 		0.8049
v -0.2007 		0.9171 		1.4328
v -0.1969 		0.9072 		1.423
v -0.0472 		1.5136 		0.8064
v -0.0654 		1.5432 		0.798
v -0.0477 		1.5278 		0.802
v -0.2241 		0.9116 		1.4005
v 0.3683 		0.6229 		0.9632
v -0.0477 		1.542 		0.8049
v 0.3534 		0.6211 		0.9583
v -0.058 		1.5438 		0.7951
v -0.0467 		1.5525 		0.8167
v -0.0416 		1.5407 		0.8172
v -0.0378 		1.5309 		0.8181
v 0.3534 		0.6199 		0.9819
v -0.1885 		0.9017 		1.4211
v 0.3276 		0.6205 		0.9578
v -0.1983 		0.8998 		1.4108
v -0.1539 		0.8597 		1.4054
v -0.1338 		0.8553 		1.4088
v 0.2958 		0.6372 		0.9951
v 0.3098 		0.6316 		0.9961
v 0.2893 		0.6328 		0.9902
v -0.1141 		1.4864 		1.0059
v 0.2977 		0.6248 		0.9814
v -0.1132 		0.8424 		1.399
v -0.1356 		0.8448 		1.3941
v -0.1033 		1.5012 		0.977
v -0.108 		1.5024 		0.9926
v -0.0879 		0.8213 		1.3765
v -0.0902 		0.8121 		1.3613
v 0.3038 		0.6223 		0.977
v -0.1057 		0.8059 		1.3471
v 0.4062 		0.9079 		1.1794
v 0.3164 		0.6273 		0.998
v -0.1122 		1.5098 		1.0265
v -0.1169 		1.4752 		1.0225
v 0.4076 		0.8974 		1.1828
v -0.1193 		1.487 		1.0368
v 0.4193 		0.906 		1.1471
v 0.2336 		1.0513 		1.2368
v -0.1211 		1.474 		1.0397
v 0.2439 		1.0432 		1.227
v -0.0996 		1.4431 		1.0083
v -0.0912 		1.4406 		0.9985
v -0.1104 		1.4555 		1.0137
v -0.1136 		1.4678 		1.0123
v 0.1989 		1.11 		1.226
v 0.1868 		1.0951 		1.2426
v 0.2013 		1.0859 		1.2402
v -0.1132 		1.4437 		1.0294
v -0.1174 		1.4653 		1.026
v 0.2439 		1.0988 		1.2005
v 0.2331 		1.1075 		1.2039
v -0.0785 		1.5778 		0.8686
v -0.2858 		1.453 		1.1034
v -0.2793 		1.44 		1.1054
v 0.2485 		1.0673 		1.2103
v 0.242 		1.0618 		1.2201
v 0.2429 		1.0673 		1.2162
v -0.2975 		1.4765 		1.1137
v 0.2481 		1.0778 		1.2078
v -0.2779 		1.4678 		1.1392
v -0.2723 		1.4474 		1.1206
v 0.2471 		1.055 		1.2147
v -0.2559 		1.4412 		1.1456
v -0.2685 		1.4548 		1.1392
v 0.234 		1.063 		1.2314
v 0.2373 		1.071 		1.2201
v -0.2526 		1.448 		1.1676
v 0.3108 		0.6211 		0.9765
v -0.2999 		1.44 		1.0838
v -0.3186 		1.4517 		1.0652
v -0.3111 		1.4653 		1.0799
v 0.3215 		0.6267 		1.0093
v 0.2186 		1.076 		1.2368
v 0.3183 		0.6236 		0.9922
v -0.2475 		0.644 		1.2181
v -0.2493 		0.6514 		1.2299
v -0.2447 		0.6576 		1.2132
v 0.41 		0.8943 		1.1725
v 0.4114 		0.8992 		1.1652
v -0.2344 		0.6736 		1.2044
v 0.4287 		0.8819 		1.1431
v -0.2465 		0.6619 		1.2319
v 0.3084 		0.6402 		1.0064
v 0.3281 		0.6205 		0.9926
v 0.4128 		0.8924 		1.1578
v 0.4119 		0.8819 		1.1608
v -0.167 		0.6279 		1.2789
v -0.1768 		0.6285 		1.2931
v 0.4091 		0.8819 		1.1667
v -0.1871 		0.6304 		1.3049
v -0.1707 		0.6297 		1.3044
v -0.1717 		0.6328 		1.3162
v -0.1754 		0.6353 		1.3211
v 0.3702 		0.6409 		0.8789
v -0.1558 		0.6297 		1.3064
v 0.3332 		0.6223 		0.8951
v 0.3917 		0.911 		1.2005
v 0.3768 		0.9178 		1.2123
v 0.3796 		0.9072 		1.2132
v 0.3482 		0.6273 		0.9147
v 0.3566 		0.6341 		0.8686
v -0.0304 		1.4122 		1.123
v -0.0364 		1.5173 		0.8137
v 0.3403 		0.6254 		0.9025
v -0.0257 		1.4239 		1.1172
v -0.0369 		1.3955 		1.1103
v -0.035 		1.398 		1.1034
v -0.0275 		1.4307 		1.1152
v -0.0299 		1.4239 		1.1275
v -0.0439 		1.427 		1.1363
v -0.1122 		0.8275 		1.3824
v -0.0495 		1.4307 		1.1382
v 0.3038 		0.6205 		0.8789
v -0.0739 		1.5506 		0.8196
v 0.3042 		0.6199 		0.8608
v -0.0416 		1.4307 		1.124
v 0.2944 		0.6267 		0.8672
v -0.0748 		1.5438 		0.8569
v -0.0706 		1.5377 		0.8289
v 0.3108 		0.6199 		0.8402
v -0.0692 		1.5309 		0.8451
v 0.3211 		0.6211 		0.848
v -0.0425 		1.3875 		1.1348
v -0.0678 		1.5599 		0.7956
v -0.0481 		1.5092 		0.8113
v -0.0439 		1.4969 		0.8284
v -0.0519 		1.5049 		0.8279
v 0.3309 		0.6236 		0.8525
v -0.0477 		1.3813 		1.102
v -0.0449 		1.5098 		0.8088
v -0.0542 		1.3733 		1.1167
v -0.0692 		1.3646 		1.1225
v -0.0369 		1.5024 		0.8152
v 0.3197 		0.6205 		0.9407
v -0.036 		1.495 		0.823
v 0.2925 		0.6199 		0.9368
v -0.0388 		1.3924 		1.0809
v -0.0397 		1.3899 		1.0995
v 0.3281 		0.6211 		0.9211
v -0.0477 		1.3776 		1.1373
v 0.3403 		0.6217 		0.9279
v 0.1863 		1.1273 		0.702
v 0.2149 		1.118 		0.6877
v 0.1596 		1.1223 		0.7054
v 0.1507 		1.1328 		0.7127
v 0.1737 		1.1458 		0.7142
v 0.2897 		0.6242 		0.9809
v -0.0416 		1.3881 		1.124
v 0.11 		1.1489 		0.7397
v 0.1325 		1.1576 		0.7358
v 0.1283 		1.1705 		0.749
v 0.0988 		1.1761 		0.7662
v 0.1269 		1.1427 		0.7279
v 0.0029 		1.4301 		0.998
v 0.147 		1.152 		0.7265
v -0.1539 		0.8417 		1.3809
v 0.1325 		1.1909 		0.7711
v -0.1815 		0.8553 		1.3794
v -0.1759 		0.8504 		1.3745
v 0.3824 		0.8949 		1.2152
v 0.4002 		0.8992 		1.1956
v 0.3997 		0.8875 		1.2
v 0.4053 		0.8838 		1.1902
v 0.3524 		0.9419 		1.2417
v 0.3496 		0.9239 		1.2466
v 0.3655 		0.932 		1.2289
v 0.3674 		0.9221 		1.2279
v 0.3679 		0.948 		1.2206
v 0.3258 		0.9295 		1.2725
v 0.3258 		0.9369 		1.2716
v 0.3225 		0.9468 		1.274
v 0.3412 		0.9561 		1.2505
v 0.3258 		0.9493 		1.2667
v 0.33 		0.9357 		1.2593
v 0.3351 		0.9437 		1.2559
v 0.3276 		0.9431 		1.2608
v 0.2018 		1.0723 		1.2495
v 0.1915 		1.0562 		1.2681
v 0.1938 		1.0611 		1.2627
v 0.2083 		1.0543 		1.2564
v 0.3304 		0.9264 		1.2598
v 0.1994 		1.0506 		1.2627
v 0.1872 		1.0667 		1.2657
v 0.2008 		1.042 		1.2642
v 0.359 		0.9054 		1.2377
v 0.1882 		1.042 		1.2833
v 0.3501 		0.8912 		1.2402
v 0.1648 		1.1106 		1.2471
v 0.1573 		1.0964 		1.2657
v 0.1793 		1.0852 		1.2583
v 0.3585 		0.8949 		1.2333
v 0.3688 		0.8949 		1.2235
v 0.1648 		1.0834 		1.2696
v 0.1493 		1.0865 		1.277
v 0.1339 		1.0964 		1.2833
v 0.132 		1.0822 		1.2961
v -0.1778 		0.8473 		1.3686
v 0.1264 		1.0828 		1.3108
v 0.125 		1.1013 		1.2917
v 0.1217 		1.0902 		1.3206
v -0.1689 		0.6409 		1.327
v 0.2691 		0.6205 		0.9691
v 0.2733 		0.6199 		0.9559
v 0.3075 		0.6199 		0.9574
v 0.2893 		0.6217 		0.9088
v 0.1844 		1.0482 		1.2824
v 0.3014 		0.6199 		0.901
v 0.1741 		1.0698 		1.2735
v 0.0951 		1.126 		0.7319
v 0.1096 		1.1279 		0.7275
v 0.2818 		0.6273 		0.8833
v 0.0684 		1.1254 		0.7451
v 0.2991 		0.6229 		0.8838
v 0.088 		1.1532 		0.7559
v 0.0908 		1.1396 		0.7451
v 0.2719 		0.6254 		0.8966
v 0.1479 		1.058 		1.301
v 0.0572 		1.1192 		0.752
v 0.0637 		1.1402 		0.7588
v 0.1568 		1.0506 		1.2985
v 0.133 		1.0451 		1.3216
v 0.1461 		1.0395 		1.3108
v 0.2907 		0.6273 		0.8809
v 0.2832 		0.6501 		1.0564
v 0.278 		0.6501 		1.0706
v 0.0319 		1.1971 		0.8735
v 0.0342 		1.1798 		0.8485
v 0.0324 		1.1699 		0.8338
v -0.1988 		0.6427 		1.324
v -0.1993 		0.6347 		1.3137
v -0.1829 		0.6378 		1.324
v -0.1979 		0.6396 		1.3221
v -0.1282 		0.8133 		1.3598
v 0.3711 		0.9178 		1.2211
v 0.1372 		1.076 		1.2956
v 0.3702 		0.906 		1.2221
v -0.189 		0.6291 		1.2931
v -0.1895 		0.6273 		1.2574
v -0.1515 		0.8071 		1.3314
v -0.1239 		0.8071 		1.3466
v -0.0009 		1.4283 		0.9833
v -0.3345 		1.4925 		1.076
v -0.3214 		1.4826 		1.0819
v -0.1586 		0.8152 		1.3417
v -0.0215 		1.411 		1.0284
v -0.0107 		1.4196 		1.0426
v -0.006 		1.4239 		1.0348
v -0.1558 		0.8294 		1.3672
v -0.1525 		0.822 		1.3598
v -0.1595 		0.8195 		1.3475
v -0.0009 		1.432 		1.0353
v -0.1684 		0.8343 		1.3588
v -0.2161 		0.6285 		1.2667
v -0.0182 		1.4165 		1.0025
v -0.0037 		1.4246 		1.0078
v -0.1441 		0.8244 		1.3696
v -0.1965 		0.631 		1.3029
v -0.2203 		0.6396 		1.3015
v -0.1684 		0.8288 		1.35
v 0.315 		0.9048 		1.2711
v -0.2222 		0.6359 		1.2956
v -0.2058 		0.6316 		1.3
v -0.2157 		0.6322 		1.2956
v -0.2063 		0.6402 		1.3172
v 0.3253 		0.919 		1.2691
v -0.182 		0.8782 		1.4103
v -0.1941 		0.8702 		1.3956
v 0.3281 		0.9072 		1.2593
v -0.1689 		0.8603 		1.3985
v -0.1974 		0.8603 		1.3755
v 0.3276 		0.8875 		1.2559
v 0.329 		0.8974 		1.2564
v 0.1311 		1.0642 		1.3147
v 0.3117 		0.8899 		1.2657
v -0.2437 		0.6316 		1.2338
v 0.3337 		0.9178 		1.2554
v -0.2414 		0.6316 		1.2559
v -0.2063 		0.8782 		1.3926
v -0.203 		0.6273 		1.2343
v -0.218 		0.6279 		1.2353
v -0.013 		1.4307 		0.9539
v -0.0149 		1.427 		0.9657
v -0.2306 		0.6285 		1.2309
v -0.0158 		1.4208 		0.9873
v -0.0158 		1.4246 		0.9745
v -0.0023 		1.4313 		0.9623
v -0.2428 		0.639 		1.2613
v -0.0458 		1.4054 		1.0216
v -0.2339 		0.639 		1.2814
v -0.036 		1.4134 		1.0015
v -0.0271 		1.414 		1.002
v -0.233 		0.6335 		1.2765
v -0.057 		1.4134 		1.0088
v -0.2414 		1.1155 		1.401
v -0.2423 		1.0933 		1.4157
v -0.0355 		1.4221 		0.9804
v -0.0491 		1.4258 		0.9809
v -0.2405 		0.6328 		1.2088
v -0.2367 		0.6304 		1.2049
v -0.2695 		1.0525 		1.398
v -0.262 		1.0648 		1.4049
v -0.2414 		0.631 		1.2235
v -0.0589 		1.3992 		1.0392
v -0.0378 		1.398 		1.0564
v -0.0355 		1.4017 		1.0451
v -0.0233 		1.4085 		1.0549
v -0.2596 		1.0846 		1.3946
v -0.2489 		0.6402 		1.2294
v -0.2489 		1.1106 		1.3941
v -0.0154 		1.4171 		1.0544
v -0.0416 		1.4023 		1.0338
v -0.2671 		1.058 		1.3995
v -0.05 		1.3856 		1.0789
v -0.0486 		1.3906 		1.0647
v -0.0795 		1.0976 		0.8775
v -0.0706 		1.0939 		0.8701
v -0.0626 		1.3924 		1.0549
v -0.087 		1.0883 		0.8804
v -0.0954 		1.0933 		0.8922
v -0.0715 		1.3918 		1.0564
v -0.1019 		1.0852 		0.8951
v -0.2821 		1.042 		1.3789
v -0.2756 		1.0543 		1.3848
v 0.1334 		1.0562 		1.3152
v -0.0963 		1.1106 		0.9059
v -0.0823 		1.1106 		0.8902
v -0.0996 		1.3862 		1.0848
v 0.2893 		0.9629 		1.2863
v -0.0884 		1.3838 		1.0789
v 0.2855 		1.0092 		1.2578
v 0.2631 		0.9851 		1.2775
v -0.2915 		1.058 		1.3446
v -0.3153 		1.4944 		1.1147
v -0.2774 		1.0698 		1.3681
v 0.0852 		1.1885 		0.7931
v 0.0726 		1.1705 		0.7819
v 0.074 		1.1835 		0.798
v 0.0576 		1.1742 		0.8034
v 0.0829 		1.194 		0.8074
v -0.3518 		1.4771 		1.0392
v -0.3673 		1.508 		1.0485
v -0.2699 		1.0995 		1.3642
v -0.2727 		1.1155 		1.3387
v 0.0534 		1.1934 		0.851
v -0.3429 		1.4857 		1.0564
v -0.35 		1.5092 		1.0775
v 0.0455 		1.1656 		0.7985
v 0.0562 		1.1619 		0.7824
v -0.3294 		1.4709 		1.0618
v -0.2554 		1.0253 		1.4186
v -0.2629 		0.9993 		1.4137
v -0.3532 		1.4629 		1.0338
v 0.0501 		1.1254 		0.7583
v -0.2573 		1.0327 		1.4186
v -0.2657 		1.0302 		1.4069
v 0.0267 		1.1304 		0.7809
v -0.3443 		1.4623 		1.0422
v -0.3308 		1.448 		1.0534
v 0.0412 		1.1551 		0.7873
v 0.0431 		1.1347 		0.7676
v 0.2897 		0.647 		1.0534
v -0.2657 		1.0142 		1.4049
v -0.2723 		1.0284 		1.3882
v 0.2602 		0.6501 		1.0324
v 0.3014 		0.6464 		1.0137
v -0.2741 		0.9944 		1.399
v 0.2935 		0.6458 		1.0034
v -0.2704 		0.9839 		1.402
v 0.0314 		1.1508 		0.7936
v 0.2808 		0.6501 		1.0147
v 0.0146 		1.126 		0.7975
v 0.016 		1.1384 		0.8039
v 0.2883 		0.9944 		1.2696
v 0.2907 		0.6495 		1.0201
v 0.0047 		1.1205 		0.802
v 0.2663 		0.9647 		1.2887
v 0.2925 		0.6495 		1.0328
v 0.2818 		0.6501 		1.0461
v 0.2855 		1.0166 		1.249
v -0.0041 		1.1279 		0.8132
v 0.0076 		1.1254 		0.8039
v 0.2874 		0.6501 		1.0422
v 0.03 		1.1551 		0.8029
v 0.0211 		1.1545 		0.8221
v 0.0104 		1.1458 		0.8265
v 0.2266 		0.652 		1.1637
v 0.228 		0.6514 		1.1368
v 0.009 		1.186 		0.8858
v 0.0113 		1.1835 		0.8745
v 0.2191 		0.652 		1.1539
v 0.0061 		1.1606 		0.8515
v 0.2392 		0.652 		1.1387
v 0.2457 		0.6514 		1.1279
v 0.2443 		0.6483 		1.149
v -0.0318 		1.1668 		0.9039
v 0.0005 		1.1841 		0.8966
v -0.0224 		1.1674 		0.8922
v 0.2242 		0.6514 		1.1779
v -0.0079 		1.1742 		0.8838
v 0.2368 		0.6508 		1.1539
v 0.2602 		0.6508 		1.101
v -0.0009 		1.1372 		0.8235
v -0.0126 		1.139 		0.8387
v 0.0094 		1.1526 		0.8382
v 0.2083 		0.6495 		1.0946
v -0.0275 		1.1223 		0.8279
v -0.0201 		1.1378 		0.8466
v -0.4178 		1.5173 		0.9779
v -0.3776 		1.516 		1.0466
v -0.0144 		1.1236 		0.8162
v -0.4103 		1.5302 		1.0083
v -0.3907 		1.5166 		1.025
v -0.4253 		1.5426 		0.9956
v -0.4141 		1.5241 		0.9907
v -0.4543 		1.5723 		0.9593
v -0.4403 		1.5574 		0.9789
v -0.0439 		1.1452 		0.8902
v -0.0388 		1.1353 		0.875
v -0.0229 		1.144 		0.8662
v -0.0271 		1.1372 		0.8608
v -0.0163 		1.1508 		0.8662
v -0.474 		1.5673 		0.9191
v -0.4688 		1.5593 		0.9137
v -0.0715 		1.118 		0.8887
v -0.2601 		0.9913 		1.4176
v -0.2582 		0.9839 		1.4167
v -0.1249 		1.0927 		0.925
v -0.1188 		1.0883 		0.9137
v -0.2508 		0.9734 		1.4196
v -0.2639 		0.9653 		1.3971
v -0.043 		1.1205 		0.8598
v -0.1043 		1.097 		0.9044
v -0.247 		0.961 		1.4088
v 0.0244 		1.3702 		1.398
v 0.0001 		1.3813 		1.4402
v 0.0033 		1.3893 		1.4172
v -0.2887 		1.0339 		1.3593
v -0.2756 		1.0346 		1.3868
v 0.0104 		1.3733 		1.4343
v 0.0132 		1.3819 		1.4118
v -0.116 		1.1174 		0.9529
v 0.0155 		1.3714 		1.4221
v 0.0141 		1.3609 		1.448
v -0.1361 		1.092 		0.9417
v -0.1455 		1.0964 		0.9711
v -0.1464 		1.0797 		0.9515
v -0.4712 		1.571 		0.9221
v -0.4688 		1.5673 		0.9196
v 0.2308 		1.0377 		1.2446
v 0.2602 		1.0092 		1.2588
v 0.2434 		1.0098 		1.2569
v 0.2359 		1.0377 		1.2392
v 0.1868 		0.647 		1.0074
v 0.2041 		0.6458 		1.0069
v 0.4048 		0.8658 		1.1789
v 0.4264 		0.8658 		1.1446
v 0.4151 		0.8473 		1.1495
v 0.402 		0.8498 		1.1721
v 0.2649 		0.6489 		1.0118
v 0.2467 		0.6483 		1.0123
v 0.2411 		1.0296 		1.2348
v 0.4105 		0.8665 		1.1603
v 0.2298 		1.0247 		1.2436
v 0.2317 		0.6446 		1.0064
v -0.4791 		1.5766 		0.9294
v -0.4786 		1.5815 		0.9328
v 0.2738 		1.0185 		1.2475
v -0.4833 		1.5822 		0.9377
v -0.481 		1.5859 		0.9402
v 0.2546 		1.0197 		1.2431
v -0.4763 		1.5877 		0.9451
v -0.1366 		1.1174 		0.9784
v 0.3852 		0.8782 		1.2152
v 0.2551 		1.0315 		1.224
v 0.3899 		0.8621 		1.2054
v 0.4048 		0.8745 		1.1868
v -0.1707 		1.1063 		1.0044
v 0.2514 		1.0346 		1.2221
v 0.4011 		0.8566 		1.1789
v -0.1632 		1.1124 		0.9985
v 0.2481 		1.0321 		1.2265
v 0.3917 		0.8479 		1.1887
v -0.1548 		1.1087 		0.9858
v -0.1515 		1.1013 		0.9794
v 0.3931 		0.8733 		1.2069
v -0.1656 		1.0846 		0.9931
v 0.3744 		0.8411 		1.2029
v -0.2826 		1.0253 		1.3716
v -0.4861 		1.5593 		0.9348
v 0.403 		0.8028 		1.1721
v 0.4133 		0.804 		1.1593
v -0.4599 		1.5655 		0.9319
v -0.4506 		1.5531 		0.9377
v -0.291 		1.021 		1.3549
v 0.4203 		0.8053 		1.1451
v -0.2905 		1.003 		1.3564
v 0.4137 		0.8182 		1.1559
v 0.4128 		0.8325 		1.1529
v -0.4716 		1.5828 		0.9373
v -0.4585 		1.5716 		0.9422
v 0.3988 		0.8269 		1.1735
v -0.2737 		1.0216 		1.3858
v -0.2816 		1.0179 		1.3686
v 0.3702 		0.8016 		1.2015
v 0.3983 		0.8077 		1.1779
v 0.3814 		0.8084 		1.1936
v 0.3707 		0.8145 		1.2039
v -0.2933 		0.9616 		1.3485
v -0.2849 		0.9598 		1.3623
v 0.3814 		0.8356 		1.1956
v -0.2952 		0.9771 		1.3525
v -0.4412 		1.542 		0.9505
v -0.4318 		1.5253 		0.9574
v 0.3903 		0.8368 		1.1863
v -0.4328 		1.5438 		0.975
v 0.234 		1.0191 		1.2441
v -0.4258 		1.5327 		0.9765
v -0.4403 		1.5173 		0.9436
v 0.2443 		1.0265 		1.2343
v 0.3571 		0.8559 		1.227
v 0.3744 		0.8559 		1.2157
v 0.3707 		0.8671 		1.2235
v 0.3749 		0.8801 		1.2221
v 0.2008 		1 		1.2711
v 0.2078 		1.0117 		1.2725
v 0.3379 		0.8411 		1.2284
v 0.2532 		0.6464 		1.0064
v 0.3506 		0.8776 		1.2338
v 0.2036 		1.0234 		1.276
v 0.3487 		0.8683 		1.2338
v 0.2116 		1.0154 		1.2686
v -0.1651 		1.0445 		0.9662
v -0.1801 		1.0642 		0.9985
v 0.3169 		0.8417 		1.2495
v 0.2083 		1.0241 		1.2681
v 0.3108 		0.8665 		1.2608
v 0.2237 		0.6446 		1.0069
v 0.3215 		0.872 		1.2525
v 0.2116 		1.0228 		1.2578
v 0.3239 		0.8454 		1.2373
v -0.2863 		0.9697 		1.3706
v -0.2821 		0.9876 		1.3858
v -0.0781 		1.3875 		1.0681
v -0.2896 		0.9857 		1.3672
v -0.057 		1.377 		1.0971
v -0.2765 		0.9697 		1.3897
v -0.2844 		0.9746 		1.3775
v -0.4693 		1.5482 		0.9093
v -0.4623 		1.5339 		0.9167
v -0.4595 		1.5451 		0.9206
v -0.4454 		1.5271 		0.9382
v -0.0776 		1.3726 		1.0961
v -0.4609 		1.5519 		0.9201
v -0.0762 		1.3671 		1.1093
v -0.2849 		0.9802 		1.3789
v -0.4609 		1.5271 		0.9172
v -0.284 		1.1137 		1.2593
v -0.0776 		1.4023 		1.0412
v -0.3078 		1.0469 		1.2422
v -0.0636 		1.4072 		1.0235
v -0.0907 		1.4252 		1.0176
v -0.4749 		1.5414 		0.9103
v -0.2938 		1.0896 		1.2559
v -0.2774 		1.1038 		1.2044
v -0.0715 		1.4264 		0.9956
v -0.4702 		1.5432 		0.9083
v -0.079 		1.4246 		1.0044
v -0.4683 		1.5203 		0.9103
v -0.0701 		1.4134 		1.0167
v -0.4524 		1.5185 		0.9279
v -0.2807 		1.1075 		1.3265
v -0.2863 		1.0877 		1.3353
v -0.291 		1.097 		1.2843
v -0.4726 		1.5203 		0.9108
v -0.1146 		1.4313 		1.0466
v -0.2961 		1.0686 		1.3299
v -0.299 		1.0735 		1.3025
v -0.3013 		1.058 		1.3186
v -0.1048 		1.4196 		1.0461
v -0.2929 		1.0766 		1.3294
v -0.1066 		1.411 		1.0598
v -0.0912 		1.4029 		1.0515
v -0.2966 		1.0537 		1.3343
v -0.0912 		1.3955 		1.0613
v -0.48 		1.5432 		0.9176
v -0.481 		1.5321 		0.9216
v 0.3197 		0.8504 		1.2456
v -0.4777 		1.5185 		0.9191
v -0.4833 		1.5247 		0.9338
v 0.3229 		0.8603 		1.2431
v 0.3281 		0.859 		1.2397
v 0.2013 		1.0339 		1.2716
v 0.3623 		0.8399 		1.2118
v 0.3459 		0.8047 		1.226
v 0.3393 		0.8201 		1.2279
v -0.3663 		1.4752 		1.024
v 0.227 		1.0117 		1.2534
v -0.3687 		1.4888 		1.0275
v -0.3813 		1.5006 		1.0211
v 0.2186 		1.0061 		1.2593
v 0.3127 		0.8257 		1.2431
v 0.308 		0.8362 		1.2529
v 0.2275 		0.6477 		1.0137
v 0.3244 		0.8368 		1.2328
v 0.2186 		1.0123 		1.2544
v 0.3258 		0.8158 		1.2353
v 0.22 		1.0092 		1.2559
v 0.3183 		0.8325 		1.2363
v 0.2251 		1.021 		1.2466
v 0.1648 		0.6489 		1.1029
v 0.3136 		0.8121 		1.2402
v 0.3159 		0.8213 		1.2377
v 0.3019 		0.8269 		1.2515
v 0.3066 		0.8189 		1.2466
v 0.3014 		0.6273 		1.0912
v 0.2981 		0.6285 		1.0956
v 0.3113 		0.6223 		1.0819
v 0.4446 		0.7571 		1.0324
v 0.4488 		0.7632 		1.0191
v 0.4484 		0.7787 		1.0324
v 0.4521 		0.7917 		1.0137
v 0.3234 		0.6211 		1.0593
v 0.3258 		0.6223 		1.049
v 0.4577 		0.7855 		0.9745
v 0.461 		0.7954 		0.9642
v 0.4549 		0.7737 		0.9549
v 0.3309 		0.6192 		1.0593
v 0.4605 		0.7972 		0.9431
v 0.4507 		0.7663 		0.977
v 0.4544 		0.7781 		0.9779
v 0.307 		0.6415 		1.0235
v 0.4577 		0.7818 		0.9451
v 0.2701 		0.6365 		1.1309
v 0.4512 		0.7793 		1.0039
v 0.4521 		0.7873 		1
v 0.2616 		0.6223 		0.9789
v 0.2565 		0.6242 		0.9833
v 0.2429 		0.6254 		0.9868
v 0.2724 		0.6254 		0.9833
v 0.4526 		0.7941 		0.9936
v 0.4409 		0.7435 		0.9549
v 0.4474 		0.7558 		0.9618
v 0.2701 		0.6291 		0.9887
v 0.2481 		0.6421 		1.002
v 0.4348 		0.733 		1.0191
v 0.4437 		0.7509 		1.002
v 0.2317 		0.6223 		0.9789
v 0.2401 		0.6199 		0.9662
v 0.2064 		0.6192 		0.9554
v 0.4324 		0.7323 		0.9971
v 0.4348 		0.7385 		0.9779
v 0.4334 		0.7367 		0.9686
v 0.2237 		0.6285 		0.9912
v 0.4268 		0.7255 		0.9814
v 0.1854 		0.6242 		0.9745
v 0.198 		0.6242 		0.9799
v 0.1947 		0.6372 		0.9941
v 0.4465 		0.7589 		1
v 0.2088 		0.6217 		0.9775
v 0.4427 		0.7527 		0.9853
v -0.0977 		1.4171 		1.0377
v 0.2443 		0.9703 		1.2833
v 0.2392 		0.9962 		1.2681
v 0.1961 		0.9734 		1.274
v 0.1882 		0.6421 		0.9971
v 0.0193 		1.3739 		1.4083
v -0.1469 		1.0556 		0.9451
v 0.0225 		1.3584 		1.4108
v -0.1558 		1.0772 		0.9691
v -0.3032 		1.0426 		1.3118
v 0.0178 		1.3603 		1.4265
v 0.0169 		1.3584 		1.4363
v -0.3032 		1.0506 		1.3098
v -0.1726 		1.0704 		0.9917
v 0.0319 		1.2941 		1.4657
v 0.0314 		1.3077 		1.476
v 0.2069 		0.9851 		1.2706
v -0.1487 		1.0426 		0.9441
v 0.0366 		1.2824 		1.4833
v -0.1927 		0.9975 		0.9912
v 0.2228 		0.9765 		1.2765
v 0.0263 		1.3498 		1.3902
v -0.1796 		1.0222 		0.9775
v 0.0249 		1.3386 		1.3917
v 0.2008 		0.9647 		1.274
v 0.0211 		1.3436 		1.4456
v 0.0202 		1.3424 		1.425
v 0.023 		1.3207 		1.4377
v 0.0193 		1.3195 		1.4221
v 0.2018 		0.9894 		1.2701
v 0.2083 		0.9925 		1.2672
v 0.0197 		1.3263 		1.4069
v -0.3724 		1.4375 		1.0265
v -0.3729 		1.4536 		1.0201
v -0.3804 		1.4604 		1.0123
v 0.2106 		0.9981 		1.2657
v -0.3556 		1.453 		1.0333
v -0.0463 		1.3967 		1.1887
v 0.205 		1.0346 		1.2608
v -0.0411 		1.4079 		1.1618
v -0.0416 		1.3967 		1.1593
v -0.0444 		1.406 		1.1721
v -0.0402 		1.4128 		1.1559
v 0.2134 		1.0228 		1.2539
v 0.2261 		0.7336 		0.6809
v -0.1899 		0.9833 		0.9931
v -0.1876 		0.9857 		0.9868
v -0.3032 		1.055 		1.3
v -0.0481 		1.4103 		1.1789
v -0.0477 		1.4215 		1.1529
v -0.3041 		1.0488 		1.2892
v -0.1801 		0.9697 		0.9828
v -0.3032 		1.0574 		1.2686
v -0.3785 		1.4697 		1.0123
v -0.3041 		1 		1.3353
v -0.0491 		1.4344 		1.1593
v -0.3004 		1.0222 		1.3402
v -0.2961 		1.0302 		1.3466
v -0.0509 		1.4208 		1.1907
v -0.0495 		1.4326 		1.1667
v -0.305 		1.016 		1.3314
v -0.4155 		1.4894 		0.9755
v -0.3986 		1.5024 		0.9971
v -0.3953 		1.4919 		0.9966
v -0.0495 		1.4196 		1.1608
v -0.05 		1.4258 		1.1583
v -0.4103 		1.4771 		0.9828
v 0.0216 		1.3114 		1.4333
v 0.0141 		1.3053 		1.4118
v 0.2078 		1.0377 		1.2578
v -0.2957 		1.0364 		1.3451
v -0.3013 		1.0333 		1.3304
v -0.1759 		0.961 		0.9804
v 0.2158 		1.0197 		1.2515
v -0.1174 		1.0784 		0.9054
v 0.016 		1.2886 		1.4088
v 0.0155 		1.3139 		1.4005
v 0.2125 		0.7119 		0.6961
v 0.2074 		1.0296 		1.2583
v 0.2097 		1.0296 		1.2559
v 0.2092 		0.699 		0.7064
v 0.2092 		1.0265 		1.2564
v 0.0216 		1.2787 		1.4294
v 0.0164 		1.2966 		1.4211
v 0.2055 		0.6897 		0.7132
v 0.2083 		0.6922 		0.7113
v 0.2102 		1.1279 		1.2054
v 0.228 		1.1328 		1.1887
v -0.3097 		1.0129 		1.3147
v -0.3078 		1.0247 		1.3127
v 0.0572 		1.2076 		1.3804
v 0.0483 		1.2385 		1.3691
v 0.0529 		1.2218 		1.3623
v 0.0501 		1.2422 		1.4936
v 0.0609 		1.2126 		1.4814
v -0.2994 		0.9697 		1.3412
v -0.0884 		1.042 		0.8534
v 0.0656 		1.2021 		1.4922
v -0.3092 		0.9981 		1.3172
v -0.3046 		0.9845 		1.326
v -0.4005 		1.5129 		1.0039
v 0.066 		1.1977 		1.5142
v -0.4244 		1.4375 		0.9907
v -0.4061 		1.4505 		0.9961
v -0.3008 		0.9882 		1.3387
v 0.0342 		1.2534 		1.4436
v 0.038 		1.2558 		1.4632
v 0.0328 		1.2676 		1.4618
v -0.101 		1.0407 		0.8716
v 0.038 		1.2669 		1.4779
v -0.0856 		1.0587 		0.8652
v -0.0996 		1.0537 		0.8779
v 0.0487 		1.2218 		1.4451
v 0.0473 		1.2194 		1.4319
v 0.0562 		1.2249 		1.4775
v 0.0515 		1.1983 		1.4451
v 0.03 		1.2632 		1.4137
v 0.0445 		1.2472 		1.3868
v -0.1076 		1.0451 		0.8843
v 0.2284 		0.7218 		0.6863
v 0.0389 		1.2404 		1.4221
v 0.0384 		1.2416 		1.4353
v 0.2163 		0.7212 		0.6902
v 0.0305 		1.2583 		1.4299
v 0.2186 		0.7138 		0.6946
v 0.2055 		0.6953 		0.7093
v -0.0711 		1.4178 		1.2373
v -0.0654 		1.4147 		1.2324
v 0.2074 		0.7058 		0.7015
v -0.0664 		1.4227 		1.2216
v -0.0814 		1.4252 		1.2333
v 0.1999 		0.6878 		0.7172
v -0.0509 		1.3974 		1.2103
v 0.2181 		0.6594 		0.7255
v 0.2373 		0.6644 		0.7074
v 0.2303 		0.6804 		0.699
v -0.0603 		1.4122 		1.2211
v -0.0458 		1.3825 		1.1598
v -0.0467 		1.3844 		1.1814
v 0.2298 		0.6538 		0.723
v -0.0533 		1.3597 		1.2078
v 0.2237 		0.6477 		0.7353
v -0.0477 		1.3844 		1.1892
v -0.0509 		1.3714 		1.1554
v 0.1769 		0.6545 		0.7461
v 0.2027 		0.6786 		0.723
v 0.2078 		0.6625 		0.7304
v -0.3121 		1.0191 		1.2897
v -0.3121 		1.008 		1.2711
v 0.4193 		0.7416 		1.1039
v -0.3149 		1.0074 		1.2446
v 0.4123 		0.736 		1.1103
v -0.3121 		1.0271 		1.2779
v 0.1994 		0.6477 		0.75
v 0.424 		0.7898 		1.1216
v -0.3135 		1.021 		1.2598
v 0.4222 		0.7552 		1.1059
v 0.4067 		0.7379 		1.1191
v 0.1919 		0.6588 		0.7412
v 0.4133 		0.7737 		1.126
v 0.1919 		0.6668 		0.7353
v 0.4268 		0.7935 		1.099
v -0.3083 		0.9771 		1.2907
v -0.3092 		0.9907 		1.2985
v 0.2092 		1.0265 		1.2554
v 0.4236 		0.7657 		1.1044
v 0.4231 		0.7843 		1.1078
v 0.184 		0.6489 		0.7525
v 0.1596 		1.0055 		1.3132
v -0.0921 		1.0463 		0.8672
v 0.1938 		1.0111 		1.2833
v -0.0851 		1.0469 		0.8608
v 0.1807 		1 		1.298
v 0.176 		1.0105 		1.302
v 0.4226 		0.7768 		1.1044
v 0.1943 		1.0364 		1.2799
v 0.1924 		1.0197 		1.2868
v 0.1662 		1.0228 		1.3044
v 0.4456 		0.7719 		1.0382
v -0.4033 		1.4697 		0.9912
v 0.4441 		0.7966 		1.0387
v 0.4413 		0.7972 		1.0525
v -0.423 		1.4981 		0.9667
v -0.4314 		1.4777 		0.9608
v 0.4399 		0.7867 		1.05
v 0.431 		0.77 		1.0662
v 0.4329 		0.7873 		1.0681
v -0.3097 		0.9653 		1.2804
v 0.4268 		0.7799 		1.0882
v -0.4239 		1.5117 		0.9657
v -0.313 		0.9969 		1.2593
v -0.3153 		0.9833 		1.2471
v 0.4282 		0.7923 		1.0877
v -0.3083 		0.9888 		1.2868
v -0.4688 		1.4857 		0.9245
v -0.3121 		0.9598 		1.2623
v -0.4754 		1.5037 		0.9206
v -0.4721 		1.4956 		0.9211
v -0.0528 		1.3646 		1.1936
v -0.1324 		1.0587 		0.9191
v -0.0566 		1.359 		1.1848
v -0.1263 		1.0432 		0.9049
v -0.115 		1.058 		0.8961
v -0.2395 		0.9283 		1.4069
v -0.0547 		1.3627 		1.1799
v -0.1352 		1.0766 		0.9279
v -0.2531 		0.9375 		1.3966
v -0.2447 		0.9474 		1.4093
v -0.2578 		0.9443 		1.3917
v -0.0505 		1.3683 		1.2098
v 0.1807 		0.982 		1.2931
v 0.1765 		0.9938 		1.3015
v -0.0495 		1.427 		1.148
v 0.1746 		0.9826 		1.2975
v -0.065 		1.3553 		1.1564
v -0.0575 		1.364 		1.1456
v 0.1844 		0.9796 		1.2873
v -0.1062 		1.0383 		0.876
v -0.0804 		1.3578 		1.1314
v -0.4698 		1.5098 		0.9137
v -0.4683 		1.5049 		0.9152
v -0.4651 		1.482 		0.9275
v -0.0926 		1.4326 		1.2284
v -0.0996 		1.4221 		1.2495
v -0.0837 		1.4202 		1.2485
v -0.109 		1.4202 		1.2632
v -0.466 		1.5006 		0.9176
v -0.131 		1.0284 		0.901
v -0.138 		1.0241 		0.9044
v 0.1587 		0.9647 		1.3132
v -0.1052 		1.4289 		1.2368
v -0.1492 		1.0166 		0.9064
v 0.1517 		0.9653 		1.3196
v -0.1441 		1.0197 		0.9049
v -0.1141 		1.4326 		1.2294
v -0.1127 		1.4246 		1.2426
v -0.1207 		1.4295 		1.2304
v 0.1381 		1.0259 		1.3201
v 0.1489 		1.0148 		1.3167
v 0.1695 		1.0321 		1.299
v -0.1249 		1.4258 		1.2338
v -0.1207 		1.4221 		1.2461
v -0.1352 		1.0321 		0.9123
v -0.1324 		1.419 		1.276
v -0.1441 		1.0216 		0.9186
v 0.1643 		0.961 		1.2975
v -0.1333 		1.0259 		0.8407
v -0.1483 		1.4184 		1.2779
v 0.1886 		0.9641 		1.277
v -0.1183 		1.0315 		0.8436
v 0.1667 		0.9672 		1.2951
v -0.1427 		1.4159 		1.2525
v -0.1296 		1.021 		0.8142
v 0.1774 		0.9672 		1.2858
v 0.1755 		0.9715 		1.2907
v 0.0511 		1.1996 		1.4132
v 0.0553 		1.2064 		1.3971
v 0.0487 		1.2132 		1.4225
v 0.0506 		1.2224 		1.4059
v 0.0464 		1.2231 		1.4211
v -0.1136 		1.0321 		0.8328
v 0.0735 		1.1211 		1.3456
v -0.459 		1.4864 		0.9279
v -0.4609 		1.4938 		0.923
v -0.2531 		0.9252 		1.3897
v -0.4538 		1.5123 		0.9255
v 0.0483 		1.1736 		1.3691
v -0.2442 		0.9536 		1.4098
v 0.0487 		1.1489 		1.4931
v -0.1754 		1.0018 		0.8544
v 0.06 		1.1625 		1.5088
v 0.0553 		1.1606 		1.4833
v -0.1763 		1.0012 		0.8632
v 0.0656 		1.1891 		1.4843
v 0.0675 		1.1823 		1.4951
v 0.0665 		1.178 		1.499
v 0.0679 		1.1922 		1.5054
v -0.481 		1.5086 		0.9304
v -0.4786 		1.5 		0.9279
v -0.481 		1.4919 		0.9392
v 0.0398 		1.1674 		1.4368
v -0.4543 		1.4765 		0.9377
v 0.059 		1.1817 		1.4667
v 0.06 		1.1903 		1.4676
v 0.0483 		1.1934 		1.4338
v 0.0487 		1.1817 		1.4441
v 0.0295 		1.1372 		1.475
v 0.0375 		1.1427 		1.4745
v -0.4538 		1.4431 		0.9637
v -0.4623 		1.4697 		0.9363
v -0.4698 		1.466 		0.9422
v -0.4665 		1.4616 		0.9446
v -0.474 		1.4709 		0.9426
v -0.4609 		1.461 		0.9436
v 0.0455 		1.1551 		1.4642
v 0.0324 		1.1489 		1.4495
v 0.0239 		1.1384 		1.4554
v -0.4515 		1.4715 		0.9436
v -0.4515 		1.4579 		0.9525
v 0.0539 		1.1922 		1.3877
v -0.1183 		1.4196 		1.2721
v -0.1333 		1.4178 		1.2534
v -0.2601 		0.953 		1.3902
v -0.1735 		1.0024 		0.8789
v -0.1478 		1.021 		0.8745
v -0.1558 		1.0166 		0.8505
v -0.1515 		1.4023 		1.201
v -0.1544 		1.4023 		1.2108
v -0.233 		0.8875 		1.3735
v -0.145 		1.4153 		1.1951
v 0.1681 		0.6588 		0.7417
v -0.2503 		0.9165 		1.3858
v 0.1784 		0.6613 		0.7417
v -0.225 		0.898 		1.3868
v 0.1933 		0.6823 		0.723
v -0.1436 		1.419 		1.2142
v -0.1487 		1.411 		1.2137
v -0.1469 		1.414 		1.2284
v 0.1737 		0.6674 		0.7368
v -0.1398 		1.4276 		1.2005
v -0.1413 		1.4233 		1.2118
v -0.1342 		1.4338 		1.2083
v -0.1632 		1.0123 		0.8574
v -0.1665 		1.0061 		0.8382
v -0.283 		0.9363 		1.3358
v -0.1689 		1.0068 		0.8466
v -0.2648 		0.9264 		1.3725
v -0.2676 		0.9511 		1.3775
v -0.1338 		1.4295 		1.2176
v -0.2639 		0.9363 		1.3775
v -0.269 		0.94 		1.3652
v -0.276 		0.9295 		1.3471
v -0.1909 		0.982 		0.8686
v 0.1596 		0.9678 		1.3064
v -0.1609 		1.0136 		0.9471
v 0.2883 		0.6205 		0.8363
v 0.2972 		0.6186 		0.825
v -0.137 		1.4208 		1.2309
v -0.1684 		1.4103 		1.2441
v -0.1829 		1.4128 		1.2475
v -0.2891 		1.4777 		1.2
v -0.2929 		1.4839 		1.1853
v -0.3013 		1.4888 		1.1794
v -0.181 		1.4085 		1.2377
v -0.277 		1.4752 		1.1902
v -0.1562 		1.411 		1.2363
v -0.2793 		1.4777 		1.1721
v -0.2807 		1.4783 		1.1814
v 0.439 		0.7435 		1.0294
v 0.4217 		0.7317 		1.0446
v 0.425 		0.7459 		1.0627
v 0.4329 		0.7509 		1.0475
v 0.4292 		0.7564 		1.0623
v 0.425 		0.7416 		1.0529
v -0.306 		1.4796 		1.201
v 0.4287 		0.7589 		1.0775
v -0.327 		1.4789 		1.2015
v -0.3252 		1.474 		1.2064
v 0.4137 		0.7292 		1.098
v -0.2676 		1.4684 		1.1745
v -0.2756 		1.4721 		1.2015
v 0.4147 		0.7255 		1.0794
v 0.424 		0.7472 		1.0961
v 0.4189 		0.733 		1.077
v -0.3336 		1.4548 		1.2123
v -0.3387 		1.4635 		1.2059
v -0.3083 		1.4493 		1.2319
v 0.4137 		0.6501 		0.9912
v 0.4165 		0.6823 		0.9922
v 0.4189 		0.6705 		0.9779
v -0.3275 		1.4604 		1.2147
v 0.4161 		0.6724 		1.0005
v -0.3106 		1.4388 		1.2333
v 0.4165 		0.6637 		0.9873
v -0.3242 		1.4363 		1.224
v -0.335 		1.4412 		1.2147
v 0.417 		0.7163 		1.0005
v 0.4016 		0.7126 		1.102
v 0.3936 		0.6965 		1.074
v 0.4006 		0.7051 		1.0608
v -0.2971 		1.4629 		1.225
v -0.3102 		1.4629 		1.2221
v -0.1778 		1.4035 		1.2304
v -0.1679 		1.4072 		1.2368
v -0.16 		1.4042 		1.2255
v -0.3036 		1.4919 		1.1475
v -0.1689 		1.3955 		1.2181
v -0.3149 		1.4987 		1.1583
v -0.3032 		1.4919 		1.1647
v 0.0441 		1.1644 		1.3804
v -0.3289 		1.5037 		1.1593
v 0.0389 		1.1693 		1.4103
v -0.3336 		1.4981 		1.173
v -0.3252 		1.4901 		1.1848
v -0.3378 		1.4765 		1.199
v 0.0408 		1.1749 		1.4221
v -0.1623 		1.0006 		0.9181
v -0.1483 		1.0166 		0.9191
v 0.0436 		1.181 		1.425
v -0.1782 		1 		0.9681
v -0.1576 		1.0006 		0.9319
v 0.0417 		1.1186 		1.3838
v 0.0295 		1.152 		1.3926
v -0.1647 		0.9851 		0.9402
v -0.1717 		0.9814 		0.9485
v -0.1689 		0.9771 		0.9417
v -0.159 		0.9956 		0.9363
v 0.0164 		1.139 		1.3995
v 0.0347 		1.1538 		1.3843
v 0.0239 		1.1538 		1.4093
v 0.0235 		1.1495 		1.4265
v -0.1651 		0.9833 		0.9397
v -0.1679 		0.9907 		0.9211
v 0.0174 		1.144 		1.4211
v 0.016 		1.1378 		1.4402
v 0.0057 		1.1254 		1.4235
v 0.0174 		1.1458 		1.4064
v -0.1735 		0.9647 		0.9466
v -0.1726 		0.9691 		0.9417
v 0.0061 		1.1297 		1.426
v -0.1632 		0.9864 		0.9368
v -0.1796 		0.9715 		0.9686
v -0.1848 		0.9845 		0.9779
v 0.0277 		1.1569 		1.4191
v -0.1782 		0.9647 		0.9672
v 0.0043 		1.1297 		1.4407
v -0.1763 		0.9777 		0.9593
v 0.0113 		1.1347 		1.4147
v -0.1834 		0.9913 		0.9745
v 0.286 		0.6273 		0.8564
v 0.2668 		0.6273 		0.8461
v 0.2673 		0.626 		0.8387
v 0.0113 		1.1242 		1.4157
v 0.2799 		0.6248 		0.8392
v 0.1582 		0.9864 		1.3118
v 0.0164 		1.1297 		1.4034
v 0.0136 		1.1396 		1.4093
v 0.1592 		0.974 		1.3069
v 0.3258 		0.6229 		0.8225
v -0.0168 		1.3782 		1.4696
v 0.3117 		0.6223 		0.7853
v -0.0023 		1.372 		1.4652
v 0.1568 		0.9796 		1.3123
v 0.132 		0.9771 		1.3304
v 0.1325 		0.9932 		1.3309
v -0.0392 		1.3739 		1.498
v -0.0187 		1.3646 		1.499
v -0.0435 		1.3918 		1.4642
v -0.0481 		1.3597 		1.5211
v -0.0622 		1.3856 		1.4887
v 0.14 		0.9777 		1.324
v 0.1372 		0.9901 		1.325
v -0.0055 		1.3658 		1.4824
v 0.2574 		0.6186 		0.8176
v 0.2457 		0.6186 		0.8132
v 0.2387 		0.6192 		0.8098
v 0.2504 		0.6205 		0.7926
v -0.1815 		0.9913 		0.8892
v -0.1866 		0.9814 		0.8956
v -0.0842 		1.3621 		1.5225
v -0.0748 		1.3776 		1.5039
v -0.2606 		0.9066 		1.3613
v -0.1768 		0.9888 		0.9069
v -0.2554 		0.8974 		1.3569
v -0.1445 		1.4153 		1.2426
v -0.1473 		1.0105 		0.8152
v -0.1576 		1.0086 		0.827
v 0.1077 		1.0426 		1.3716
v -0.1866 		0.9672 		0.8299
v -0.0617 		1.3504 		1.1902
v -0.2756 		0.9097 		1.3289
v -0.2732 		0.9171 		1.3461
v 0.2542 		0.6242 		0.8299
v -0.0631 		1.3535 		1.173
v -0.2582 		0.8899 		1.3353
v -0.0692 		1.3473 		1.1775
v -0.2508 		0.8887 		1.351
v -0.1698 		0.9641 		0.7985
v -0.1647 		0.9789 		0.802
v -0.1927 		0.9752 		0.852
v -0.0603 		1.3374 		1.2025
v -0.2695 		0.8998 		1.3245
v -0.0561 		1.351 		1.2078
v -0.1773 		0.9913 		0.8358
v -0.1918 		0.9678 		0.8402
v -0.0678 		1.3374 		1.1926
v -0.2625 		0.8912 		1.3211
v -0.1539 		0.9944 		0.8025
v -0.2096 		0.8522 		1.3441
v -0.2077 		0.8566 		1.352
v -0.196 		0.8491 		1.3544
v -0.0767 		1.3294 		1.1873
v -0.0753 		1.3374 		1.1838
v 0.4095 		0.7181 		1.0662
v 0.4025 		0.7113 		1.0843
v -0.1988 		0.9678 		0.8681
v 0.111 		1.1118 		1.3132
v 0.286 		0.6229 		0.773
v 0.0979 		1.1093 		1.3348
v 0.3833 		0.6891 		1.0789
v 0.2673 		0.6199 		0.7946
v 0.1058 		1.0809 		1.3471
v 0.1189 		1.0828 		1.3324
v -0.0762 		1.2935 		1.1828
v -0.0767 		1.3133 		1.1873
v -0.0453 		1.2892 		1.2044
v -0.0547 		1.2861 		1.1956
v 0.2397 		0.6248 		0.8912
v -0.1852 		0.8281 		1.3373
v -0.2063 		0.8405 		1.3348
v -0.1974 		0.8263 		1.3196
v -0.1904 		0.8405 		1.3495
v -0.0589 		1.3152 		1.201
v 0.2392 		0.6267 		0.8446
v 0.2322 		0.6211 		0.8147
v -0.0762 		1.3461 		1.1672
v -0.2021 		1.1025 		1.0441
v -0.0804 		1.3547 		1.1382
v -0.1796 		0.8176 		1.3245
v -0.1731 		0.8133 		1.3235
v -0.0814 		1.343 		1.1686
v 0.2247 		0.6223 		0.8167
v 0.2233 		0.6267 		0.8495
v 0.1077 		1.0951 		1.3363
v 0.4114 		0.694 		1.0025
v 0.2439 		0.6242 		0.827
v 0.1058 		1.1081 		1.3265
v 0.4151 		0.7169 		1.027
v 0.4053 		0.7076 		1.0422
v 0.41 		0.7144 		1.0431
v 0.2074 		0.6273 		0.827
v 0.4034 		0.6953 		1.0225
v 0.3978 		0.6946 		1.0363
v 0.0894 		1.0914 		1.3525
v 0.403 		0.7014 		1.027
v 0.0908 		1.084 		1.3539
v -0.1997 		1.0945 		1.0319
v -0.182 		1.0939 		1.0113
v -0.2105 		1.0815 		1.0373
v 0.0782 		1.0809 		1.3721
v 0.0852 		1.0809 		1.3608
v -0.1876 		1.0784 		1.0132
v 0.0726 		1.1044 		1.3593
v 0.082 		1.0976 		1.3544
v 0.0656 		1.1149 		1.3598
v 0.4076 		0.7045 		1.0093
v 0.0834 		1.1118 		1.3461
v -0.2091 		1.1161 		1.0593
v 0.4109 		0.7095 		1.002
v -0.2086 		1.1001 		1.051
v -0.1857 		0.8133 		1.3044
v 0.4062 		0.7045 		1.0157
v -0.2227 		1.1112 		1.0735
v -0.2278 		1.092 		1.0711
v 0.3824 		0.6847 		1.0642
v 0.3871 		0.6909 		1.0662
v 0.3913 		0.6909 		1.0471
v 0.3941 		0.6977 		1.0569
v -0.2086 		1.0438 		1.0275
v -0.233 		0.8473 		1.298
v -0.2063 		1.0574 		1.027
v -0.2166 		0.8436 		1.325
v -0.2395 		0.8559 		1.2971
v -0.1885 		1.0482 		1.0054
v -0.2269 		0.851 		1.3201
v 0.4095 		0.6526 		1.0142
v 0.4081 		0.6433 		1
v -0.2292 		0.8597 		1.3265
v -0.2451 		0.864 		1.3
v 0.4091 		0.6755 		1.0265
v 0.4114 		0.6656 		1.0191
v 0.4123 		0.6804 		1.0142
v 0.402 		0.6557 		1.0358
v -0.2428 		0.8671 		1.3132
v -0.196 		1.0611 		1.0172
v -0.2433 		1.0525 		1.0637
v 0.402 		0.673 		1.0387
v -0.2292 		1.0716 		1.0539
v -0.2189 		1.0704 		1.0422
v -0.2358 		1.0778 		1.0686
v 0.3847 		0.6749 		1.0618
v 0.3959 		0.6563 		1.0461
v -0.2662 		1.0933 		1.1377
v 0.373 		0.6724 		1.0789
v -0.2536 		1.1137 		1.1314
v 0.3768 		0.6823 		1.074
v 0.1245 		1.0445 		1.3402
v -0.2526 		1.1044 		1.1206
v 0.1199 		1.0611 		1.3412
v 0.1175 		1.0735 		1.3397
v 0.0174 		1.3077 		1.5338
v 0.0071 		1.2997 		1.5544
v -0.0018 		1.3127 		1.55
v 0.009 		1.2898 		1.5613
v 0.1891 		0.6242 		0.8696
v 0.0993 		1.0667 		1.3569
v 0.1947 		0.626 		0.8441
v 0.0005 		1.3201 		1.5407
v 0.0235 		1.2972 		1.5363
v 0.11 		1.0506 		1.3564
v 0.0314 		1.2979 		1.5123
v 0.2013 		0.6248 		0.8657
v 0.0843 		1.0469 		1.3882
v 0.1975 		0.6254 		0.8559
v 0.0937 		1.0661 		1.3676
v 0.0384 		1.2768 		1.5078
v 0.0908 		1.0741 		1.3598
v 0.2677 		0.6328 		0.7431
v -0.2138 		0.8244 		1.2711
v -0.2128 		0.8312 		1.2985
v 0.2546 		0.6341 		0.7431
v 0.2551 		0.6415 		0.725
v 0.0066 		1.343 		1.5029
v 0.0061 		1.3331 		1.5191
v -0.1782 		0.8059 		1.2809
v 0.0169 		1.3399 		1.4892
v 0.2373 		0.6372 		0.7436
v 0.0263 		1.3275 		1.4804
v 0.2345 		0.6223 		0.7838
v -0.0149 		1.3158 		1.5529
v -0.0257 		1.3504 		1.523
v 0.2312 		0.626 		0.7735
v -0.2423 		0.872 		1.3255
v 0.2041 		0.6347 		0.7686
v 0.2191 		0.6365 		0.7569
v -0.0917 		1.3442 		1.1588
v 0.2266 		0.6384 		0.749
v -0.1038 		1.3479 		1.1549
v 0.0745 		1.0723 		1.3838
v 0.0791 		1.063 		1.3828
v -0.3462 		1.487 		1.1863
v -0.3663 		1.4894 		1.176
v -0.1207 		1.338 		1.1686
v -0.1127 		1.3436 		1.1642
v -0.1146 		1.3158 		1.1721
v -0.1132 		1.3349 		1.1686
v -0.3542 		1.5012 		1.1681
v 0.0787 		1.0568 		1.3882
v 0.0469 		1.0389 		1.4333
v 0.0492 		1.0482 		1.4279
v -0.1005 		1.3368 		1.1681
v -0.233 		0.8757 		1.3578
v -0.2274 		0.8794 		1.3706
v -0.0898 		1.3275 		1.1775
v -0.0879 		1.3356 		1.1745
v -0.2292 		0.8652 		1.3343
v 0.2247 		0.6217 		0.7853
v -0.2171 		0.8782 		1.3814
v 0.2219 		0.6205 		0.799
v -0.3635 		1.4505 		1.1848
v -0.3565 		1.44 		1.1667
v 0.3899 		0.6236 		1.0191
v -0.3509 		1.4375 		1.1833
v 0.4016 		0.6341 		1.0225
v -0.2143 		0.8708 		1.3745
v 0.3988 		0.6384 		1.0363
v 0.3964 		0.6335 		1.0387
v 0.4039 		0.6372 		1.0132
v -0.3588 		1.4517 		1.1936
v -0.3677 		1.4573 		1.1853
v -0.3673 		1.466 		1.1858
v -0.3448 		1.4474 		1.2064
v -0.3495 		1.4555 		1.2015
v -0.2779 		0.8856 		1.2804
v -0.2849 		0.8924 		1.2642
v -0.2891 		0.8998 		1.252
v 0.3927 		0.6273 		1.0368
v -0.2877 		0.8974 		1.2181
v -0.2723 		0.8825 		1.2392
v 0.3828 		0.6217 		1.0333
v 0.3711 		0.6217 		1.0652
v 0.3749 		0.6223 		1.0613
v 0.373 		0.6199 		1.0456
v -0.2863 		0.8974 		1.2422
v 0.3889 		0.6267 		1.0456
v 0.3529 		0.618 		1.0569
v 0.358 		0.6186 		1.0515
v 0.2008 		0.6254 		0.7848
v -0.2947 		0.9122 		1.2402
v -0.1019 		1.2972 		1.1706
v -0.3064 		0.9412 		1.2377
v -0.1122 		1.304 		1.1696
v 0.2106 		0.6223 		0.7912
v -0.1048 		1.3145 		1.1725
v 0.1877 		0.6199 		0.8093
v -0.0968 		1.309 		1.175
v 0.2083 		0.6217 		0.8172
v -0.3013 		0.9536 		1.3196
v -0.1211 		1.3949 		1.1093
v -0.2966 		0.9443 		1.3167
v 0.1854 		0.6205 		0.8245
v 0.1919 		0.6211 		0.8206
v -0.2873 		0.9221 		1.3167
v 0.1989 		0.6267 		0.826
v -0.1366 		1.4147 		1.1294
v -0.1403 		1.4153 		1.149
v -0.1394 		1.4295 		1.1451
v 0.1746 		0.6205 		0.8417
v -0.2966 		0.9332 		1.299
v -0.3027 		0.9555 		1.3064
v -0.3032 		0.9536 		1.2961
v -0.1417 		1.4128 		1.1613
v -0.1427 		1.4035 		1.1662
v -0.3734 		1.4616 		1.1804
v -0.3429 		1.4388 		1.2064
v -0.2826 		0.906 		1.3147
v -0.2727 		0.885 		1.3005
v -0.2873 		0.898 		1.2833
v -0.2929 		0.919 		1.2971
v -0.1384 		1.3974 		1.151
v 0.0721 		1.0445 		1.4069
v 0.074 		1.0531 		1.401
v -0.3481 		1.4381 		1.1961
v 0.0656 		1.084 		1.3922
v -0.1141 		1.3893 		1.101
v 0.0525 		1.1007 		1.3922
v -0.1005 		1.3683 		1.1132
v -0.1066 		1.3665 		1.1225
v -0.0987 		1.3597 		1.127
v -0.0902 		1.3702 		1.1034
v 0.0253 		1.0945 		1.4245
v -0.0013 		1.1081 		1.4368
v 0.038 		1.1025 		1.4054
v 0.0164 		1.1093 		1.4201
v 0.3936 		0.6365 		1.0456
v 0.3833 		0.6285 		1.0593
v -0.3532 		1.4629 		1.1966
v 0.4091 		0.7645 		1.1275
v 0.4105 		0.7737 		1.1358
v 0.4189 		0.7861 		1.1328
v 0.4105 		0.7948 		1.1603
v -0.3588 		1.5216 		1.1221
v 0.4025 		0.7861 		1.1647
v -0.3921 		1.516 		1.1422
v 0.3997 		0.775 		1.1549
v 0.3927 		0.77 		1.1583
v -0.2625 		1.1075 		1.1505
v 0.4165 		0.7948 		1.15
v -0.2653 		1.105 		1.1672
v -0.2737 		1.0482 		1.1466
v -0.2498 		1.0809 		1.1059
v -0.2414 		1.0883 		1.0941
v 0.0183 		1.0574 		1.4525
v 0.0305 		1.0599 		1.4426
v 0.0576 		1.0692 		1.4142
v 0.016 		1.0723 		1.448
v -0.0121 		1.3479 		1.5186
v -0.2292 		1.1001 		1.0814
v 0.0693 		1.063 		1.4039
v -0.2695 		1.0636 		1.1324
v -0.2676 		1.0747 		1.1284
v -0.2475 		1.0624 		1.077
v 0.03 		1.3127 		1.4951
v -0.2568 		1.0432 		1.0887
v -0.2526 		1.0537 		1.0833
v -0.2615 		1.0593 		1.1191
v 0.0366 		1.288 		1.498
v -0.2545 		1.0686 		1.1088
v 0.1919 		0.626 		0.8333
v 0.1769 		0.6199 		0.8333
v -0.0135 		1.2768 		1.5799
v -0.0832 		1.3658 		1.1118
v -0.0818 		1.3621 		1.1211
v -0.0907 		1.3609 		1.1225
v 0.1667 		0.6384 		0.7608
v -0.0369 		1.309 		1.5632
v -0.0603 		1.3096 		1.5652
v -0.0594 		1.2948 		1.573
v 0.162 		0.6248 		0.7794
v 0.176 		0.6279 		0.7784
v -0.08 		1.2861 		1.5721
v 0.1273 		0.6217 		0.8108
v 0.1386 		0.6211 		0.802
v -0.0626 		1.3275 		1.552
v -0.036 		1.3201 		1.5544
v -0.0874 		1.3349 		1.5466
v -0.0566 		1.351 		1.5309
v -0.1038 		1.3368 		1.5422
v -0.2657 		1.0475 		1.1245
v -0.2433 		1.0321 		1.0627
v -0.1927 		1.0228 		0.9961
v -0.204 		0.9993 		1.0108
v -0.2353 		1.0339 		1.0525
v -0.1249 		1.385 		1.1299
v -0.2381 		1.0185 		1.0603
v -0.1165 		1.3609 		1.1426
v -0.1267 		1.3689 		1.1475
v 0.3847 		0.7867 		1.1824
v 0.381 		0.7911 		1.1873
v 0.3945 		0.7898 		1.176
v -0.1375 		1.377 		1.1608
v -0.211 		1.029 		1.027
v 0.381 		0.7985 		1.1902
v -0.1319 		1.3751 		1.151
v 0.3576 		0.7632 		1.1912
v -0.2021 		1.0352 		1.0157
v 0.3857 		0.7787 		1.1735
v -0.225 		1.0074 		1.0466
v -0.1015 		1.3294 		1.5475
v -0.211 		0.9802 		1.027
v -0.2035 		0.9771 		1.0201
v -0.0842 		1.3003 		1.5657
v 0.3857 		0.7682 		1.1676
v -0.196 		0.9882 		1.0015
v -0.1899 		0.9765 		1.0039
v -0.1895 		0.9641 		1.0074
v -0.0973 		1.3102 		1.5578
v -0.1132 		1.2898 		1.5549
v -0.1108 		1.2775 		1.5583
v -0.116 		1.3003 		1.55
v -0.1997 		0.9857 		1.0123
v 0.3637 		0.7836 		1.1985
v 0.373 		0.7979 		1.1956
v -0.0991 		1.2861 		1.5647
v 0.1124 		0.6236 		0.802
v 0.3609 		0.7688 		1.1877
v 0.3669 		0.7793 		1.1833
v 0.1269 		0.6446 		0.9426
v 0.1316 		0.6452 		0.9525
v 0.1171 		0.6495 		0.9412
v -0.3603 		1.516 		1.1412
v -0.3523 		1.516 		1.1387
v 0.3693 		0.7737 		1.1789
v 0.403 		0.7274 		1.1221
v 0.3983 		0.7255 		1.1328
v 0.0417 		1.2441 		1.5407
v 0.0436 		1.2515 		1.526
v 0.0375 		1.2602 		1.5382
v -0.349 		1.516 		1.1029
v 0.3894 		0.7255 		1.1431
v 0.3833 		0.7262 		1.1485
v 0.0459 		1.2509 		1.5098
v 0.1114 		0.6495 		0.9235
v 0.4034 		0.741 		1.1324
v 0.3871 		0.7472 		1.1583
v 0.3899 		0.7577 		1.1554
v 0.1606 		0.6446 		0.9848
v 0.402 		0.7608 		1.1358
v 0.0703 		0.6508 		0.9902
v 0.0066 		1.2713 		1.5755
v 0.0108 		1.2552 		1.5809
v 0.0277 		1.2589 		1.5642
v 0.3959 		0.7515 		1.1441
v 0.0267 		1.2713 		1.5574
v 0.0324 		1.2688 		1.5475
v 0.0225 		1.2478 		1.5735
v 0.1414 		0.6458 		0.9686
v 0.4006 		0.7484 		1.1373
v 0.3922 		0.7428 		1.149
v 0.3959 		0.736 		1.1431
v -0.1216 		1.4239 		1.0735
v 0.1592 		0.647 		0.9912
v -0.1132 		1.4048 		1.0804
v 0.1185 		0.6495 		0.9789
v -0.1324 		1.4165 		1.1093
v 0.1283 		0.6489 		0.9627
v -0.2353 		0.9796 		1.0574
v -0.2128 		0.9932 		1.0279
v -0.1235 		1.406 		1.099
v 0.1451 		0.6483 		0.9863
v 0.104 		0.6508 		0.9049
v -0.2826 		1.0296 		1.1471
v -0.1427 		1.4221 		1.1721
v -0.3649 		1.5241 		1.098
v -0.3846 		1.5309 		1.1029
v -0.3855 		1.5315 		1.0814
v -0.401 		1.5383 		1.0868
v -0.2643 		1.0327 		1.0985
v -0.2554 		1.0191 		1.0784
v -0.2503 		1.0352 		1.073
v 0.104 		0.647 		0.8676
v -0.2503 		1.0018 		1.0691
v -0.2044 		1.4072 		1.2083
v 0.1068 		0.6464 		0.8755
v -0.2615 		1.0105 		1.0848
v 0.1147 		1.0253 		1.3662
v -0.2915 		0.906 		1.2691
v -0.3097 		0.9505 		1.252
v 0.0291 		1.2367 		1.5667
v -0.2957 		0.919 		1.2627
v -0.2709 		1.0111 		1.124
v -0.306 		0.9456 		1.2775
v -0.2676 		1.0265 		1.1127
v 0.0136 		1.2428 		1.5819
v 0.1175 		0.6433 		0.9152
v -0.2695 		1.0358 		1.1304
v -0.1918 		1.4072 		1.2284
v 0.1138 		0.6446 		0.9034
v -0.203 		1.4171 		1.2294
v 0.1021 		0.6508 		0.8873
v -0.2054 		1.414 		1.2191
v 0.1063 		0.6477 		0.8819
v 0.3936 		0.7571 		1.1466
v 0.1119 		1.0086 		1.3721
v 0.3791 		0.7478 		1.1775
v 0.3693 		0.7404 		1.1828
v 0.3875 		0.7558 		1.1637
v 0.3847 		0.7472 		1.1696
v -0.1445 		1.3578 		1.1789
v 0.104 		0.6446 		0.852
v -0.2699 		0.8751 		1.2642
v 0.0937 		0.6526 		0.8549
v 0.0908 		0.6526 		0.8412
v -0.2339 		0.8411 		1.2529
v -0.1455 		1.3893 		1.174
v -0.145 		1.3739 		1.1755
v -0.2606 		0.8714 		1.2809
v -0.2751 		0.9993 		1.1304
v 0.0997 		0.6477 		0.8387
v -0.2681 		0.9808 		1.0985
v 0.1091 		1.0136 		1.3809
v -0.3757 		1.5234 		1.0691
v -0.2653 		0.9888 		1.0897
v 0.3604 		0.7342 		1.1853
v 0.3758 		0.7311 		1.1721
v 0.3515 		0.7231 		1.1799
v -0.1642 		1.3652 		1.1946
v -0.2433 		0.8529 		1.2363
v -0.4019 		1.5185 		1.1368
v -0.1576 		1.3838 		1.1995
v -0.1548 		1.3924 		1.2005
v 0.3796 		0.7305 		1.1662
v 0.3786 		0.728 		1.1564
v -0.4253 		1.5321 		1.1132
v -0.4042 		1.5358 		1.102
v -0.1693 		1.3584 		1.1961
v -0.2531 		0.8634 		1.2515
v -0.2526 		0.8665 		1.2755
v -0.2489 		0.8621 		1.2647
v -0.408 		1.5302 		1.1157
v -0.3808 		1.5253 		1.1225
v 0.3604 		0.8009 		1.2137
v 0.3421 		0.7873 		1.224
v -0.1515 		1.3813 		1.1873
v -0.1586 		1.3745 		1.1956
v 0.3609 		0.7911 		1.2103
v 0.3468 		0.7812 		1.2181
v 0.3566 		0.7768 		1.2029
v -0.2143 		0.8201 		1.252
v -0.4244 		1.5228 		1.125
v 0.3328 		0.7892 		1.2289
v 0.1058 		1.0018 		1.3794
v 0.3482 		0.7639 		1.2029
v 0.1086 		1.0278 		1.3784
v 0.1021 		1.0241 		1.3853
v 0.0894 		1.0352 		1.3897
v -0.1689 		1.3745 		1.2025
v -0.1656 		1.3838 		1.2088
v 0.3375 		0.7639 		1.2103
v -0.3275 		1.5055 		1.1265
v 0.3309 		0.7676 		1.2172
v -0.3317 		1.5068 		1.1123
v 0.33 		0.7762 		1.223
v -0.1787 		1.3646 		1.198
v -0.1899 		1.3621 		1.1971
v -0.3331 		1.5092 		1.1343
v 0.0801 		1.0216 		1.4044
v 0.3159 		0.7985 		1.2397
v 0.3033 		0.7886 		1.2402
v 0.3061 		0.7843 		1.2353
v 0.2921 		0.762 		1.2363
v 0.2869 		0.7787 		1.2436
v 0.0857 		1 		1.4064
v 0.2958 		0.7799 		1.2392
v -0.2021 		1.3794 		1.1922
v -0.1918 		1.3838 		1.2039
v -0.1824 		1.3763 		1.2049
v -0.1801 		1.3869 		1.2123
v -0.3972 		1.5043 		1.1515
v -0.2217 		0.8263 		1.2245
v -0.2175 		0.8207 		1.2348
v -0.2587 		0.9616 		1.0848
v -0.3865 		1.5086 		1.152
v -0.2231 		0.8281 		1.2554
v -0.2274 		0.8374 		1.2745
v 0.0908 		0.6501 		0.8265
v 0.0871 		1.0074 		1.398
v -0.2461 		0.9796 		1.0676
v -0.2517 		0.9697 		1.0775
v -0.2437 		0.9684 		1.0672
v 0.104 		1.008 		1.3833
v 0.0941 		0.6526 		0.8701
v -0.2681 		0.9938 		1.0985
v -0.1782 		1.3943 		1.2191
v 0.3201 		0.7898 		1.2353
v 0.0937 		1.016 		1.3902
v 0.3328 		0.7985 		1.2319
v -0.3682 		1.5098 		1.1544
v 0.3084 		0.7731 		1.2279
v 0.3201 		0.7694 		1.2235
v -0.1876 		1.3943 		1.2142
v -0.2194 		1.4147 		1.1926
v -0.2143 		1.4066 		1.1922
v -0.2231 		1.3967 		1.1711
v 0.0558 		0.6551 		0.8672
v 0.1222 		0.9783 		1.3554
v 0.1245 		0.9641 		1.3529
v -0.2311 		1.4184 		1.1706
v -0.2868 		0.9728 		1.1426
v -0.2325 		1.4326 		1.1868
v 0.118 		0.9802 		1.3686
v -0.276 		0.9604 		1.1225
v 0.118 		0.9721 		1.3735
v -0.2765 		0.9789 		1.1279
v -0.2311 		1.4344 		1.1971
v -0.3925 		1.4703 		1.1574
v -0.3696 		1.4493 		1.1559
v -0.3691 		1.4406 		1.1426
v 0.3056 		0.762 		1.225
v -0.2194 		1.3776 		1.173
v 0.0459 		1.2119 		1.548
v 0.0515 		1.2138 		1.5412
v -0.3841 		1.466 		1.1681
v -0.1712 		0.9462 		0.9745
v -0.1731 		0.9517 		0.9765
v -0.1721 		0.9462 		0.9686
v 0.0946 		0.9629 		1.4039
v -0.3687 		1.4524 		1.1716
v 0.0558 		1.2311 		1.5064
v 0.0923 		0.9857 		1.4005
v -0.1717 		0.9425 		0.974
v 0.0866 		0.9888 		1.4074
v 0.0534 		1.2323 		1.5206
v -0.1721 		0.9307 		0.9686
v 0.0604 		1.2175 		1.5191
v 0.1025 		0.9604 		1.3956
v 0.3024 		0.7948 		1.2441
v 0.1035 		0.9882 		1.3868
v 0.0623 		1.2039 		1.526
v 0.1124 		0.9814 		1.3794
v 0.3524 		0.7571 		1.1966
v 0.1068 		0.9962 		1.3765
v 0.3389 		0.7299 		1.1931
v 0.33 		0.7459 		1.2074
v -0.2044 		0.8139 		1.2426
v -0.4276 		1.495 		1.1225
v 0.322 		0.7292 		1.2039
v -0.2143 		0.8195 		1.2235
v -0.423 		1.4913 		1.1225
v 0.3262 		0.7577 		1.2142
v 0.0043 		1.2027 		1.5701
v -0.2568 		0.8652 		1.1995
v 0.0207 		1.2299 		1.5755
v 0.3155 		0.7317 		1.2098
v -0.4113 		1.5111 		1.1407
v 0.0529 		0.6526 		0.9515
v 0.3038 		0.733 		1.2181
v 0.3084 		0.7255 		1.2113
v -0.1754 		0.9425 		0.9819
v 0.038 		1.233 		1.5525
v 0.1189 		1.0315 		1.352
v -0.1721 		0.9344 		0.9814
v 0.2158 		0.6211 		0.9211
v -0.2288 		0.8362 		1.2152
v -0.2377 		0.8479 		1.202
v 0.1849 		0.6192 		0.9495
v -0.1815 		0.9449 		1.001
v -0.1763 		0.9394 		0.9966
v 0.1667 		0.6205 		0.9392
v 0.1587 		0.6229 		0.9456
v 0.1409 		0.6402 		0.9574
v -0.2671 		0.8745 		1.2142
v -0.2536 		0.8621 		1.2255
v -0.2596 		0.8708 		1.2397
v 0.1676 		0.6267 		0.9657
v -0.174 		0.9208 		1.0098
v 0.1245 		1.0037 		1.3451
v -0.4085 		1.4666 		1.0956
v 0.2981 		0.7552 		1.227
v -0.4052 		1.4709 		1.1059
v -0.2447 		0.8541 		1.2172
v 0.2996 		0.7466 		1.2225
v 0.1536 		0.6335 		0.9637
v 0.293 		0.7391 		1.2235
v 0.2864 		0.7224 		1.2176
v 0.1264 		0.9765 		1.3363
v 0.1854 		0.6211 		0.9059
v 0.1554 		0.6199 		0.9147
v 0.1606 		0.6229 		0.8956
v 0.2771 		0.736 		1.2304
v 0.1559 		0.6205 		0.8828
v 0.1194 		0.9919 		1.3505
v 0.2832 		0.7583 		1.2387
v 0.1648 		0.6229 		0.8853
v 0.1657 		0.6236 		0.8745
v 0.1765 		0.6236 		0.8858
v 0.1273 		0.9598 		1.3412
v 0.147 		0.6205 		0.8922
v 0.1231 		0.9839 		1.3446
v 0.0604 		1.0037 		1.4407
v 0.0562 		1.0247 		1.4353
v -0.3963 		1.4412 		1.1034
v -0.3939 		1.4672 		1.1333
v 0.074 		1.0098 		1.4245
v 0.3669 		0.7218 		1.1676
v 0.3735 		0.7181 		1.152
v 0.0759 		1.0203 		1.4137
v 0.06 		1.037 		1.4196
v 0.3885 		0.7089 		1.1225
v 0.3917 		0.7033 		1.1083
v 0.3707 		0.6922 		1.1167
v 0.3828 		0.7126 		1.1363
v -0.3972 		1.4598 		1.1113
v 0.3641 		0.6922 		1.1225
v 0.0824 		1.0111 		1.4078
v -0.3879 		1.4505 		1.1201
v -0.3986 		1.4777 		1.1578
v 0.3726 		0.6878 		1.1049
v 0.3665 		0.6829 		1.0985
v 0.0749 		1.0333 		1.4049
v 0.3852 		0.6946 		1.1005
v -0.3836 		1.4715 		1.1725
v -0.3855 		1.4796 		1.1706
v -0.2657 		0.8788 		1.2961
v -0.3808 		1.4684 		1.1745
v 0.1638 		0.7979 		1.2333
v 0.1685 		0.788 		1.2304
v 0.1662 		0.7688 		1.2289
v 0.1596 		0.741 		1.2368
v 0.1559 		0.7626 		1.2319
v -0.4033 		1.5 		1.152
v 0.1713 		0.7435 		1.2314
v 0.1634 		0.7447 		1.2319
v 0.3393 		0.7008 		1.1564
v 0.3304 		0.6841 		1.1412
v 0.1587 		0.754 		1.2299
v -0.4323 		1.4987 		1.1216
v 0.3529 		0.6965 		1.1373
v -0.4304 		1.503 		1.1324
v -0.4253 		1.4975 		1.1358
v 0.3272 		0.686 		1.1475
v 0.1653 		0.6242 		0.8672
v 0.3351 		0.6922 		1.1431
v 0.3384 		0.686 		1.1309
v 0.1479 		0.6236 		0.9353
v 0.1493 		0.6217 		0.925
v 0.329 		0.6922 		1.1495
v 0.1264 		0.6421 		0.9373
v 0.1362 		0.6291 		0.9319
v 0.133 		0.6273 		0.9206
v 0.3426 		0.6854 		1.1255
v 0.3487 		0.6538 		1.1172
v 0.1358 		0.6236 		0.9147
v 0.3463 		0.681 		1.1176
v 0.344 		0.6631 		1.125
v 0.1255 		0.6328 		0.9147
v 0.3337 		0.6594 		1.1456
v 0.3496 		0.6742 		1.1123
v 0.3375 		0.6804 		1.1299
v 0.14 		0.6205 		0.8799
v 0.1339 		0.6211 		0.8833
v 0.3267 		0.6712 		1.1608
v 0.14 		0.6205 		0.8672
v 0.3585 		0.6755 		1.1
v 0.1554 		0.6205 		0.8618
v 0.3707 		0.6804 		1.0863
v 0.359 		0.6582 		1.1005
v 0.3562 		0.6514 		1.1044
v 0.125 		0.6248 		0.8799
v 0.3669 		0.6588 		1.0892
v -0.4206 		1.4907 		1.1348
v -0.4103 		1.4864 		1.1495
v -0.4201 		1.4981 		1.1422
v 0.0684 		1.0315 		1.4127
v -0.4267 		1.5117 		1.1333
v -0.4225 		1.5043 		1.1387
v 0.0225 		1.0278 		1.4549
v 0.0174 		1.0117 		1.4632
v 0.3089 		0.6835 		1.1912
v 0.0464 		1.0098 		1.4505
v 0.3094 		0.6965 		1.175
v 0.3215 		0.7039 		1.175
v 0.308 		0.7014 		1.1804
v 0.3169 		0.6953 		1.1662
v 0.3164 		0.7107 		1.1902
v 0.0281 		1.0339 		1.449
v 0.3052 		0.7045 		1.1873
v -0.4843 		1.5933 		0.9701
v 0.3145 		0.7132 		1.1951
v -0.4871 		1.5927 		0.9779
v 0.081 		0.9882 		1.4162
v 0.0543 		0.9623 		1.4392
v 0.1236 		0.6279 		0.8912
v 0.0637 		0.9919 		1.4363
v 0.0745 		0.9752 		1.4181
v 0.3206 		0.6903 		1.1583
v 0.2874 		0.6891 		1.2382
v 0.0281 		1.2231 		1.5637
v 0.2804 		0.7008 		1.2377
v 0.2949 		0.6903 		1.2176
v 0.038 		1.2058 		1.5564
v 0.118 		0.6396 		0.9049
v 0.0272 		1.199 		1.5627
v 0.0464 		0.9845 		1.4564
v 0.0469 		0.9734 		1.4539
v -0.1642 		0.9208 		0.9956
v 0.1582 		0.7756 		1.2324
v 0.132 		0.6229 		0.898
v 0.1208 		0.6236 		0.8382
v 0.0188 		1.2113 		1.5667
v 0.1774 		0.7546 		1.2289
v 0.1138 		0.6254 		0.8181
v -0.1632 		0.9017 		0.9799
v -0.1609 		0.906 		0.9912
v 0.023 		1.2175 		1.5662
v -0.1642 		0.906 		1.0044
v -0.1721 		0.9079 		1.0147
v 0.118 		0.626 		0.8471
v 0.0347 		0.9839 		1.4637
v 0.0319 		0.961 		1.4627
v 0.023 		0.9839 		1.4701
v -0.0093 		1.2373 		1.5912
v 0.0993 		0.6409 		0.8196
v 0.1096 		0.6335 		0.8343
v -0.0229 		1.2472 		1.5926
v -0.1618 		0.8856 		1.0137
v -0.1558 		0.8869 		0.9985
v -0.0013 		1.2546 		1.5868
v 0.0543 		0.9845 		1.449
v -0.1675 		0.8899 		1.0186
v -0.0439 		1.2645 		1.5882
v -0.1684 		0.8899 		0.9657
v 0.1564 		0.7917 		1.2441
v -0.0411 		1.2373 		1.5931
v -0.1628 		0.8943 		0.9765
v -0.1572 		0.8899 		0.9882
v 0.2041 		1.0568 		0.6539
v 0.2308 		1.0401 		0.6485
v 0.2223 		1.0945 		0.674
v 0.2387 		1.0747 		0.6618
v 0.227 		1.0642 		0.6554
v 0.2158 		1.0791 		0.6632
v -0.0219 		1.2169 		1.5887
v 0.0061 		1.2218 		1.5828
v -0.0308 		1.2113 		1.5892
v -0.1464 		0.8479 		1.0191
v -0.0009 		1.2113 		1.5814
v -0.145 		0.8578 		1.0049
v -0.1389 		0.8454 		1.0034
v -0.2086 		1.3671 		1.1843
v -0.204 		1.3621 		1.1882
v -0.1544 		0.8665 		1.0157
v 0.3159 		0.9462 		1.2799
v 0.3136 		0.9573 		1.2775
v -0.2096 		1.3751 		1.1833
v -0.1267 		0.8071 		0.9956
v -0.1253 		0.8127 		1.0078
v 0.2818 		0.9499 		1.2922
v 0.2939 		0.9375 		1.2912
v -0.2068 		1.3936 		1.1922
v 0.3089 		0.9301 		1.2853
v 0.3187 		0.9239 		1.2789
v -0.1235 		1.2923 		1.1647
v 0.2762 		0.9388 		1.2951
v -0.1394 		0.8294 		1.0235
v -0.1342 		0.8368 		1.0083
v -0.1408 		1.3195 		1.173
v -0.1324 		1.3263 		1.1721
v -0.1207 		1.3473 		1.1647
v 0.3094 		0.94 		1.2848
v -0.1286 		0.8139 		1.0211
v -0.145 		1.2873 		1.1627
v -0.1366 		0.8182 		1.0284
v -0.137 		1.3424 		1.175
v 0.2579 		0.932 		1.2936
v -0.138 		0.8053 		1.0426
v 0.2434 		0.9425 		1.2882
v 0.2579 		0.9443 		1.2917
v 0.2874 		0.7027 		1.2078
v -0.0018 		1.2336 		1.5892
v -0.0369 		1.2262 		1.5926
v 0.2439 		0.9246 		1.2887
v -0.1286 		0.8232 		1.0074
v 0.0076 		1.236 		1.5863
v 0.2612 		0.8887 		1.2794
v 0.2719 		0.8967 		1.2838
v 0.2748 		0.9072 		1.2897
v -0.1562 		0.8794 		0.9843
v 0.3014 		0.9079 		1.2804
v -0.1525 		0.877 		0.9971
v 0.2752 		0.919 		1.2941
v 0.2972 		0.8899 		1.273
v 0.279 		0.8813 		1.2745
v -0.1455 		0.8572 		0.9917
v -0.0425 		1.2002 		1.5946
v -0.0453 		1.2175 		1.5936
v 0.2846 		0.898 		1.2814
v -0.1618 		0.8665 		0.9627
v -0.1515 		0.8553 		0.9735
v -0.1539 		0.8454 		0.9623
v -0.0683 		1.262 		1.5824
v -0.0828 		1.2447 		1.5848
v -0.1384 		0.8356 		0.9912
v 0.256 		0.9072 		1.2877
v 0.2209 		1.0222 		0.6471
v -0.1773 		0.9573 		0.9642
v 0.2223 		1 		0.6387
v -0.0486 		1.2552 		1.5902
v -0.1857 		0.9357 		0.9387
v -0.0921 		1.2021 		1.5975
v -0.1754 		0.9524 		0.9525
v 0.2097 		1.0068 		0.6422
v 0.205 		1.0185 		0.6471
v -0.0963 		1.2175 		1.5931
v 0.2696 		0.9122 		1.2922
v -0.0804 		1.2107 		1.598
v -0.0888 		1.228 		1.5912
v -0.1759 		0.9456 		0.9559
v -0.0762 		1.2206 		1.5956
v -0.1782 		0.9246 		0.9534
v -0.0552 		1.2206 		1.5941
v -0.065 		1.22 		1.5956
v -0.1857 		0.9054 		0.9446
v -0.1904 		0.8992 		0.926
v 0.2415 		1.0105 		0.6451
v 0.234 		1.0284 		0.6471
v -0.1829 		0.9128 		0.9475
v -0.0589 		1.2268 		1.5931
v 0.2673 		0.9808 		0.6328
v 0.22 		0.9604 		0.6216
v 0.2448 		0.9616 		0.626
v 0.2996 		0.7175 		1.2108
v 0.2818 		0.715 		1.2147
v -0.1328 		1.2416 		1.5569
v -0.1038 		1.2367 		1.5814
v 0.2303 		0.9802 		0.6294
v 0.2542 		0.9826 		0.6309
v -0.1188 		1.2571 		1.5598
v -0.1726 		0.906 		0.9642
v 0.2935 		0.7126 		1.2074
v -0.1286 		1.3053 		1.1701
v 0.2818 		0.7095 		1.2127
v 0.2687 		0.9691 		0.6314
v 0.2846 		0.7058 		1.2108
v 0.1919 		0.995 		0.6343
v -0.1792 		1.3207 		1.1799
v 0.2027 		0.9851 		0.6279
v 0.2733 		0.7126 		1.2196
v 0.2046 		0.9721 		0.623
v 0.2668 		0.7163 		1.2235
v -0.1548 		1.3454 		1.1858
v 0.1901 		0.9728 		0.6255
v 0.2902 		0.7058 		1.2039
v -0.1651 		1.3491 		1.1926
v -0.1679 		1.3356 		1.1877
v -0.174 		1.3386 		1.1922
v 0.2682 		0.7194 		1.2221
v 0.2256 		0.9283 		0.6225
v 0.1437 		0.7305 		1.2632
v 0.1386 		0.7441 		1.2637
v 0.1433 		0.7373 		1.2559
v 0.256 		0.9283 		0.6309
v 0.1428 		0.7496 		1.2544
v -0.1675 		1.3257 		1.1784
v -0.1427 		1.3356 		1.176
v 0.2944 		0.7058 		1.1985
v 0.1456 		0.7608 		1.2515
v -0.1544 		1.3325 		1.1794
v 0.2514 		0.8936 		0.6397
v -0.1604 		1.322 		1.175
v 0.2439 		0.914 		0.6319
v 0.3248 		0.6495 		1.1647
v 0.2602 		0.906 		0.6392
v 0.3215 		0.6594 		1.1721
v 0.2546 		0.9165 		0.6343
v 0.2949 		0.6755 		1.2314
v 0.228 		0.9017 		0.6348
v -0.2044 		1.3213 		1.1917
v 0.1596 		0.736 		1.2466
v 0.1493 		0.7373 		1.2485
v 0.1461 		0.7373 		1.251
v 0.2312 		0.9122 		0.6294
v -0.2007 		1.3318 		1.1917
v 0.1526 		0.7447 		1.2373
v -0.1932 		1.3306 		1.1907
v 0.242 		0.8813 		0.6377
v 0.1503 		0.7435 		1.2417
v -0.1876 		1.343 		1.1936
v 0.2078 		0.8949 		0.6343
v -0.1932 		1.3362 		1.1917
v -0.1838 		1.3356 		1.1917
v 0.2312 		0.8912 		0.6382
v 0.139 		0.6495 		1.1956
v 0.1161 		0.6483 		1.1892
v 0.1826 		0.6508 		1.1559
v 0.2018 		0.6514 		1.1995
v -0.1656 		1.3127 		1.1716
v -0.1824 		1.3096 		1.1765
v 0.2074 		0.8838 		0.6377
v 0.227 		0.8819 		0.6377
v -0.1969 		0.9388 		0.9123
v 0.307 		0.6606 		1.2049
v -0.2016 		0.9536 		0.8838
v -0.1965 		0.9462 		0.9039
v -0.2044 		0.9239 		0.8887
v -0.1544 		1.3152 		1.1716
v 0.2345 		0.9536 		1.2858
v 0.1957 		0.953 		1.2735
v 0.2008 		0.9592 		1.274
v -0.1759 		1.2917 		1.1716
v 0.2195 		0.9283 		1.2809
v 0.2172 		0.9561 		1.2794
v 0.1765 		0.6526 		1.2123
v -0.1618 		1.2805 		1.1647
v 0.1063 		0.6452 		1.2103
v 0.2153 		0.9091 		1.2735
v -0.188 		1.2855 		1.1745
v 0.2153 		0.8967 		1.2686
v 0.1362 		0.6489 		1.2191
v -0.1614 		1.288 		1.1681
v 0.1142 		0.647 		1.2167
v 0.111 		0.644 		1.2211
v -0.1473 		1.2966 		1.1691
v 0.1166 		0.6483 		1.1515
v 0.1283 		0.6483 		1.1108
v 0.0937 		0.6477 		1.1461
v 0.0768 		0.647 		1.1324
v -0.2012 		0.8856 		0.8735
v -0.1955 		0.8838 		0.9039
v -0.2213 		1.3232 		1.2005
v -0.2372 		1.338 		1.1917
v -0.2493 		1.3436 		1.1819
v -0.1927 		0.9122 		0.9255
v -0.2274 		1.338 		1.1902
v -0.2016 		0.9134 		0.9074
v -0.1979 		0.8949 		0.9074
v 0.0791 		0.6452 		1.1495
v 0.0581 		0.6446 		1.1196
v -0.2049 		0.9116 		0.8922
v -0.218 		1.3312 		1.1951
v -0.2292 		1.3306 		1.201
v 0.0679 		0.6477 		1.1172
v -0.211 		1.3325 		1.1936
v 0.0923 		0.644 		1.1848
v 0.0941 		0.6464 		1.1809
v -0.2316 		1.3522 		1.1711
v 0.1077 		0.6267 		1.2539
v 0.1344 		0.6267 		1.2652
v -0.2283 		1.3479 		1.1765
v -0.2185 		1.3362 		1.1917
v 0.1142 		0.6372 		1.2343
v 0.1405 		0.631 		1.2559
v 0.1536 		0.6421 		1.2363
v -0.2161 		1.3516 		1.1824
v -0.2068 		1.3448 		1.1902
v 0.1222 		0.6248 		1.275
v -0.2147 		1.3405 		1.1897
v -0.2054 		1.3071 		1.1887
v 0.0941 		0.6304 		1.2191
v -0.2082 		1.2892 		1.1877
v 0.0908 		0.6322 		1.2049
v 0.0913 		0.6273 		1.2279
v 0.1063 		0.6322 		1.2358
v 0.1049 		0.6372 		1.2245
v -0.4843 		1.5933 		0.9868
v 0.3159 		0.6582 		1.1838
v 0.3113 		0.652 		1.1936
v -0.4351 		1.5574 		1.0608
v -0.459 		1.5556 		1.0819
v 0.0534 		0.6254 		1.2353
v -0.4066 		1.5414 		1.0672
v 0.052 		0.6254 		1.2426
v -0.408 		1.5407 		1.0529
v -0.3953 		1.5327 		1.0544
v 0.0735 		0.6248 		1.2417
v -0.4 		1.5296 		1.0309
v -0.4375 		1.5482 		1.0887
v 0.0511 		0.6229 		1.1848
v -0.4478 		1.5154 		1.073
v 0.0698 		0.6248 		1.1966
v 0.0689 		0.626 		1.1828
v -0.4206 		1.5488 		1.0711
v 0.3187 		0.6736 		1.176
v -0.437 		1.5605 		1.0294
v -0.4576 		1.5778 		1.0176
v -0.4609 		1.5791 		1.0289
v -0.4669 		1.5766 		1.0461
v -0.4875 		1.5772 		1.049
v 0.3492 		0.6384 		1.1167
v 0.3281 		0.6341 		1.1613
v -0.4655 		1.5704 		1.0583
v -0.4824 		1.5772 		1.0475
v -0.4861 		1.5741 		1.0525
v 0.3365 		0.6273 		1.1368
v 0.3295 		0.6285 		1.1539
v -0.4838 		1.5704 		1.0598
v 0.3468 		0.6267 		1.1172
v -0.4875 		1.5729 		1.0539
v 0.3412 		0.6285 		1.1289
v -0.4899 		1.5661 		1.0574
v -0.4861 		1.5556 		1.0574
v 0.3445 		0.6211 		1.102
v 0.3506 		0.6186 		1.0652
v 0.3576 		0.6223 		1.0892
v -0.1062 		1.262 		1.5681
v 0.3332 		0.6186 		1.0696
v 0.037 		1.1625 		1.5466
v 0.3239 		0.6192 		1.0784
v 0.0455 		1.1625 		1.5387
v 0.0595 		1.1687 		1.523
v 0.0548 		1.1712 		1.5348
v 0.0483 		1.186 		1.5475
v 0.3669 		0.6291 		1.0882
v 0.0562 		1.1872 		1.5373
v 0.3534 		0.6267 		1.1074
v 0.3618 		0.6267 		1.0936
v 0.0656 		1.1829 		1.5176
v 0.0637 		1.1946 		1.5265
v 0.0061 		1.1674 		1.5632
v 0.0253 		1.1724 		1.5598
v 0.0169 		1.1588 		1.5559
v 0.0492 		0.6229 		1.177
v 0.0291 		1.1847 		1.5608
v 0.3613 		0.6384 		1.0971
v 0.1952 		0.9171 		1.2701
v 0.0338 		0.6322 		1.2127
v 0.1807 		0.8869 		1.2559
v 0.0506 		0.6297 		1.2275
v 0.2064 		0.8813 		1.2603
v 0.315 		0.6199 		1.124
v 0.3183 		0.6205 		1.1402
v 0.0394 		1.1965 		1.5549
v 0.3075 		0.6205 		1.1103
v 0.3145 		0.6205 		1.0941
v -0.2035 		0.898 		0.8877
v 0.3389 		0.6229 		1.1176
v 0.3323 		0.6229 		1.1294
v 0.0417 		1.1427 		1.5113
v 0.045 		1.1477 		1.5225
v 0.0553 		1.1569 		1.5176
v 0.0375 		1.144 		1.5255
v -0.1843 		0.8405 		0.8676
v 0.0333 		1.1372 		1.5103
v -0.1768 		0.8189 		0.8804
v 0.2972 		0.6229 		1.1221
v 0.2228 		0.8899 		0.6382
v 0.0534 		0.6267 		1.2304
v -0.0018 		1.144 		1.549
v 0.0197 		1.1483 		1.548
v 0.0558 		0.6254 		1.2201
v 0.0164 		1.1341 		1.5279
v 0.0146 		1.152 		1.5525
v 0.2074 		0.9425 		0.6191
v 0.0567 		0.6248 		1.2113
v 0.2036 		0.9517 		0.6201
v 0.1765 		0.9233 		0.625
v 0.1769 		0.9313 		0.6235
v 0.1957 		0.9394 		0.6196
v 0.0225 		1.1322 		1.5137
v -0.2255 		1.296 		1.201
v 0.0085 		1.126 		1.498
v 0.0127 		1.1285 		1.4701
v 0.0375 		1.2231 		1.0127
v 0.1985 		0.9029 		0.6314
v 0.0333 		1.22 		1.0564
v 0.1943 		0.8813 		0.6358
v 0.0754 		1.2311 		1.0338
v 0.0759 		1.2274 		1.0637
v -0.1698 		0.872 		0.9515
v -0.1768 		0.8411 		0.9157
v 0.1919 		0.9134 		0.6265
v 0.2032 		0.9159 		0.6255
v 0.045 		1.2194 		1.0922
v -0.0294 		1.1217 		1.5309
v -0.0224 		1.1192 		1.5157
v -0.0238 		1.1291 		1.5426
v 0.2134 		0.9196 		0.6235
v -0.0102 		1.1402 		1.5451
v 0.0019 		1.1353 		1.5363
v 0.1587 		0.94 		1.3123
v 0.1536 		0.9375 		1.3176
v 0.1746 		0.9283 		1.2701
v 0.1793 		0.9283 		1.2681
v 0.0431 		0.6279 		1.1931
v 0.2134 		0.8726 		0.6382
v 0.0553 		0.6242 		1.1971
v 0.1798 		0.9375 		1.2696
v 0.1915 		0.9474 		1.2721
v 0.2373 		0.8683 		0.6348
v 0.1849 		0.9567 		1.274
v 0.2046 		0.8634 		0.6368
v 0.0684 		0.6242 		1.2157
v 0.2064 		0.8535 		0.6348
v 0.2364 		0.8454 		0.6328
v 0.1638 		0.9215 		1.2843
v 0.2607 		0.8535 		0.6387
v 0.052 		0.6297 		1.2152
v 0.2471 		0.8516 		0.6353
v 0.1643 		0.9388 		1.2995
v 0.1723 		0.9505 		1.2784
v 0.1676 		0.9394 		1.2814
v 0.1667 		0.9499 		1.2941
v -0.174 		0.8467 		0.9265
v 0.2883 		0.6322 		1.2431
v 0.1596 		0.9295 		1.3054
v -0.1703 		0.825 		0.9255
v -0.1731 		0.8312 		0.9245
v -0.1647 		0.8325 		0.9382
v 0.1302 		0.9567 		1.3314
v 0.1344 		0.9487 		1.3279
v 0.1297 		0.9505 		1.3309
v 0.0207 		1.2181 		1.0549
v -0.1595 		0.8393 		0.9495
v 0.0118 		1.2175 		1.075
v 0.1419 		0.9233 		1.3211
v 0.1573 		0.9208 		1.3069
v -0.1717 		0.8121 		0.9113
v 0.1493 		0.9326 		1.3201
v 0.2177 		0.8127 		0.6397
v -0.0013 		1.2169 		1.0681
v 0.2336 		0.8213 		0.6377
v 0.0478 		0.6316 		1.2265
v 0.0511 		0.631 		1.2211
v -0.4576 		1.5729 		1.0461
v 0.227 		0.8053 		0.6426
v 0.2537 		0.822 		0.6431
v -0.451 		1.5636 		1.0647
v 0.3229 		0.631 		1.1716
v 0.3159 		0.6341 		1.1868
v -0.4679 		1.5667 		1.0657
v 0.3117 		0.626 		1.1804
v 0.3187 		0.6304 		1.1779
v 0.1989 		0.8152 		0.6387
v 0.3042 		0.626 		1.1922
v -0.4693 		1.5624 		1.0721
v 0.1886 		0.8269 		0.6348
v 0.2963 		0.6211 		1.1701
v 0.3042 		0.6211 		1.1676
v 0.0071 		1.233 		1.1368
v 0.0061 		1.2299 		1.1211
v 0.0403 		1.22 		1.1127
v -0.4814 		1.55 		1.0583
v 0.3052 		0.631 		1.2039
v 0.3005 		0.626 		1.201
v 0.2874 		0.6217 		1.1902
v 0.2794 		0.6217 		1.1936
v 0.0001 		1.2354 		1.148
v 0.278 		0.6217 		1.201
v -0.036 		1.2416 		1.1456
v -0.4515 		1.5173 		1.0534
v -0.1628 		0.8096 		0.9245
v -0.4595 		1.5247 		1.0363
v -0.0224 		1.241 		1.1618
v -0.4552 		1.5241 		1.0662
v -0.4674 		1.5377 		1.0505
v -0.0509 		1.2373 		1.1142
v -0.1829 		0.8448 		0.8926
v -0.1782 		0.8349 		0.9015
v -0.1796 		0.8356 		0.8912
v -0.028 		1.2354 		1.1157
v -0.4665 		1.5871 		0.9858
v -0.4627 		1.5822 		0.9623
v -0.4375 		1.5568 		0.9917
v 0.2069 		0.8343 		0.6333
v -0.188 		0.8578 		0.8971
v 0.1405 		0.9313 		1.3245
v -0.1923 		0.8683 		0.8926
v -0.0009 		1.2187 		1.0775
v -0.1923 		0.8751 		0.9034
v -0.1951 		0.8658 		0.8701
v -0.1918 		0.8559 		0.8706
v -0.0079 		1.1335 		1.5368
v -0.035 		1.2051 		1.0279
v -0.0238 		1.2039 		1.0083
v -0.021 		1.1427 		1.5495
v -0.0154 		1.1267 		1.5328
v -0.466 		1.5859 		1.0039
v 0.191 		1.0488 		0.6539
v 0.1737 		1.1063 		0.6897
v -0.0051 		1.1211 		1.4789
v 0.162 		1.11 		0.699
v -0.4698 		1.5883 		0.9676
v 0.1807 		1.0673 		0.6627
v 0.0483 		0.6291 		1.2015
v 0.0361 		0.6229 		1.1691
v 0.1695 		1.0871 		0.6784
v 0.0543 		0.6279 		1.151
v 0.1348 		0.9208 		1.3275
v -0.473 		1.5908 		0.9799
v 0.1292 		0.9425 		1.3304
v 0.06 		0.6365 		1.1431
v -0.4871 		1.592 		0.9985
v -0.007 		1.1211 		1.4426
v 0.0384 		0.6242 		1.1441
v 0.0506 		0.6254 		1.1559
v -0.4838 		1.5574 		0.9863
v 0.038 		0.6229 		1.1603
v -0.0215 		1.1594 		1.5686
v -0.0055 		1.186 		1.5676
v -0.0163 		1.1606 		1.5632
v 0.1484 		1.0995 		0.6975
v -0.1848 		0.9412 		0.8132
v -0.042 		1.1613 		1.5863
v -0.0135 		1.1965 		1.573
v -0.1656 		0.9301 		0.7892
v -0.1698 		0.9505 		0.7946
v -0.0243 		1.1835 		1.5824
v -0.1768 		0.9394 		0.8029
v 0.1306 		0.932 		1.3289
v -0.1843 		0.927 		0.8118
v 0.1461 		1.0834 		0.6863
v 0.1255 		1.0667 		0.6824
v 0.11 		1.05 		0.676
v 0.1601 		0.8825 		1.2873
v -0.1941 		0.9202 		0.8289
v 0.1653 		0.9128 		1.2779
v 0.1751 		0.9066 		1.2647
v -0.196 		0.94 		0.8348
v 0.1624 		0.8949 		1.2838
v 0.1784 		0.9153 		1.2662
v -0.2002 		0.9524 		0.852
v 0.1376 		1.055 		0.6696
v 0.1596 		1.0692 		0.6701
v 0.1746 		0.8813 		1.2574
v -0.1693 		0.8807 		0.7951
v -0.1745 		0.9178 		0.8034
v 0.1713 		0.8875 		1.2637
v -0.1834 		0.9029 		0.8098
v 0.1334 		0.8912 		1.3299
v 0.1451 		0.893 		1.3098
v 0.1517 		0.8943 		1.301
v 0.1503 		0.9122 		1.3093
v 0.1302 		1.0871 		0.701
v 0.1405 		0.8955 		1.3216
v 0.1559 		0.9066 		1.2975
v -0.1951 		0.9079 		0.8299
v 0.1316 		1.1149 		0.7113
v 0.1414 		0.911 		1.3235
v -0.1974 		0.8881 		0.8392
v -0.1829 		0.8831 		0.8103
v 0.1339 		0.9054 		1.3324
v 0.1166 		1.0834 		0.7064
v 0.1138 		1.0988 		0.7142
v 0.0993 		1.0964 		0.7216
v 0.1011 		1.0865 		0.7167
v 0.2813 		0.8288 		1.2574
v 0.2864 		0.8102 		1.249
v -0.2035 		0.9517 		0.8662
v -0.2054 		0.932 		0.875
v 0.2836 		0.8609 		1.2676
v 0.2883 		0.822 		1.2529
v 0.2939 		0.8411 		1.2598
v -0.2058 		0.9276 		0.8627
v -0.2026 		0.9054 		0.8613
v 0.0604 		1.0964 		0.7456
v 0.2724 		0.8677 		1.2696
v 0.0843 		1.1056 		0.7314
v -0.1572 		0.8584 		0.7882
v -0.1576 		0.8448 		0.7917
v 0.2649 		0.8096 		1.248
v -0.1618 		0.8726 		0.7892
v 0.2677 		0.8244 		1.2549
v -0.1904 		0.8566 		0.8505
v 0.2397 		0.8442 		1.2559
v -0.1923 		0.8751 		0.8299
v -0.1857 		0.8609 		0.824
v 0.2223 		0.8683 		1.2583
v -0.1679 		0.864 		0.7985
v 0.1769 		0.8522 		1.2451
v 0.176 		0.8714 		1.2529
v -0.4847 		1.5859 		0.9441
v -0.4847 		1.589 		0.952
v -0.4805 		1.5908 		0.9534
v 0.1779 		0.8776 		1.2539
v -0.1773 		0.8547 		0.8123
v 0.1802 		0.8584 		1.2456
v -0.4847 		1.592 		0.9647
v 0.1844 		0.864 		1.2471
v -0.4871 		1.5914 		0.9721
v -0.1749 		0.8349 		0.8225
v -0.1651 		0.83 		0.8064
v -0.1647 		0.8127 		0.8206
v 0.2083 		0.8084 		1.2368
v 0.176 		0.8133 		1.2333
v 0.3 		0.6304 		1.2142
v 0.2869 		0.6248 		1.2211
v 0.1798 		0.8386 		1.2392
v 0.2696 		0.6217 		1.2039
v 0.1798 		0.8306 		1.2363
v -0.488 		1.5871 		0.9574
v 0.1568 		0.8702 		1.2907
v 0.1704 		0.8479 		1.249
v 0.1592 		0.8479 		1.2784
v 0.2855 		0.6267 		1.2324
v 0.1671 		0.8584 		1.2583
v -0.4871 		1.5636 		0.9495
v -0.4908 		1.5809 		0.9691
v 0.2911 		0.6223 		1.1402
v 0.293 		0.6211 		1.1569
v 0.1699 		0.8683 		1.2574
v 0.1662 		0.8708 		1.2652
v 0.285 		0.6217 		1.1583
v 0.2869 		0.6211 		1.1652
v -0.4875 		1.5723 		0.9441
v 0.2762 		0.6248 		1.1588
v 0.1536 		0.8473 		1.2912
v 0.2818 		0.6242 		1.148
v 0.1376 		0.8708 		1.3147
v 0.1348 		0.8572 		1.3157
v -0.4749 		1.5877 		1.0152
v -0.4913 		1.5865 		1.0098
v -0.4922 		1.5877 		1
v -0.4927 		1.5859 		0.9936
v 0.1531 		0.8207 		1.275
v 0.1484 		0.8034 		1.2789
v -0.4931 		1.5754 		1.0363
v -0.4936 		1.5791 		1.023
v -0.4931 		1.5828 		1.0176
v 0.1648 		0.8399 		1.2529
v -0.4936 		1.5828 		1.0083
v -0.4931 		1.5698 		1.0382
v 0.1545 		0.8133 		1.2608
v -0.4931 		1.5741 		1.0235
v 0.264 		0.6242 		1.1873
v 0.2743 		0.6229 		1.1745
v -0.4917 		1.5655 		1.0505
v 0.2551 		0.6254 		1.2015
v 0.1306 		0.8368 		1.3191
v 0.1386 		0.8281 		1.3108
v 0.2607 		0.6254 		1.1907
v 0.1344 		0.8114 		1.3113
v -0.4927 		1.5754 		1.0152
v 0.1395 		0.8034 		1.302
v 0.1451 		0.8158 		1.298
v -0.4796 		1.5902 		1.0083
v -0.48 		1.5834 		1.0324
v -0.4866 		1.5593 		1.0382
v 0.4432 		1.0624 		0.8544
v 0.4399 		1.084 		0.8951
v 0.454 		1.0494 		0.8882
v 0.1185 		0.94 		1.3574
v 0.1203 		0.9505 		1.3652
v -0.4903 		1.5723 		1.002
v 0.1086 		0.9301 		1.3716
v 0.0412 		0.6242 		1.1814
v 0.0066 		0.6347 		1.1931
v 0.0202 		0.6328 		1.1926
v 0.1166 		0.9592 		1.376
v 0.0328 		0.6279 		1.1814
v 0.1156 		0.9468 		1.3711
v 0.0286 		0.6254 		1.1711
v 0.0876 		0.9431 		1.4074
v 0.0904 		0.9332 		1.4005
v 0.0913 		0.9443 		1.4015
v 0.0983 		0.9406 		1.3882
v 0.4568 		1.042 		0.9127
v 0.0174 		0.626 		1.1623
v 0.4465 		1.0426 		0.8363
v 0.0941 		0.9307 		1.3887
v -0.0135 		1.1798 		1.5691
v 0.008 		0.6335 		1.1613
v -0.0163 		1.1693 		1.5672
v -0.0294 		1.1767 		1.5868
v -0.0378 		1.1736 		1.5907
v 0.0122 		0.6328 		1.1608
v 0.0183 		0.6297 		1.1672
v -0.0355 		1.1576 		1.5804
v -0.1576 		0.8176 		0.8064
v -0.1661 		0.8393 		0.8015
v 0.0324 		0.7836 		1.3279
v -0.1539 		0.8275 		0.7926
v -0.0318 		1.1965 		1.5892
v 0.0338 		0.796 		1.3294
v 0.0136 		1.2119 		0.9721
v 0.4736 		0.9789 		0.8716
v -0.014 		1.1891 		1.5706
v -0.0154 		1.2095 		1.0358
v 0.4629 		1.0296 		0.8966
v -0.0084 		1.2101 		1.0216
v 0.4778 		0.987 		0.8995
v 0.4746 		1.0018 		0.9088
v 0.468 		1.0197 		0.9196
v -0.0275 		1.1569 		1.575
v 0.0506 		0.7626 		1.3324
v 0.475 		0.9901 		0.8848
v 0.0745 		0.7892 		1.3328
v 0.4587 		0.9691 		0.8235
v 0.4619 		1.0037 		0.8446
v 0.454 		1.0148 		0.8304
v 0.0207 		1.2181 		1.0157
v -0.1469 		0.8114 		0.7922
v -0.0472 		1.199 		1.0123
v -0.0182 		1.2033 		0.9907
v -0.1703 		0.8114 		0.8363
v -0.1763 		0.8263 		0.8397
v 0.0745 		0.7602 		1.3328
v -0.21 		0.8856 		1.0858
v -0.204 		0.898 		1.0647
v -0.1983 		0.8862 		1.0667
v 0.0338 		0.7608 		1.3294
v -0.196 		0.8912 		1.0574
v 0.0529 		0.7299 		1.3456
v -0.1857 		0.9493 		1.0044
v -0.1993 		0.9524 		1.0216
v 0.0698 		0.7391 		1.3368
v 0.0586 		0.7428 		1.3368
v -0.0842 		1.1656 		1.5931
v 0.0483 		0.7262 		1.3515
v -0.0912 		1.1798 		1.5966
v -0.0762 		1.1736 		1.5966
v -0.0589 		1.1761 		1.5971
v -0.0767 		1.194 		1.6
v -0.0561 		1.1594 		1.5892
v 0.0366 		0.7274 		1.3471
v 0.0483 		0.7348 		1.3407
v 0.0356 		0.7348 		1.3382
v -0.181 		0.9283 		1.0142
v -0.1876 		0.9202 		1.025
v -0.057 		1.1872 		1.598
v -0.0519 		1.173 		1.5946
v -0.1993 		0.9332 		1.0333
v -0.2044 		0.9474 		1.0309
v 0.4212 		1.1087 		0.8451
v 0.0623 		0.7299 		1.3426
v 0.4273 		1.0896 		0.8319
v 0.4207 		1.0852 		0.8123
v -0.006 		0.7707 		1.3074
v 0.4203 		1.0735 		0.801
v 0.4334 		1.0729 		0.8265
v 0.4268 		1.05 		0.7951
v -0.4899 		1.5803 		1.0368
v -0.4903 		1.5815 		1.0294
v 0.4404 		1.0562 		0.8279
v 0.0024 		0.7892 		1.3162
v 0.0076 		0.7985 		1.3216
v -0.4861 		1.5525 		0.9387
v -0.4852 		1.5457 		0.9387
v -0.1899 		0.9542 		1.0098
v -0.0112 		0.7898 		1.3088
v 0.0024 		0.7608 		1.3132
v 0.0047 		0.7435 		1.3186
v 0.3983 		1.1087 		0.8034
v 0.009 		0.7342 		1.326
v 0.4058 		1.0859 		0.7907
v -0.0065 		0.7459 		1.3088
v 0.3917 		1.076 		0.7642
v 0.0169 		0.7558 		1.3235
v 0.4264 		1.0179 		0.7711
v 0.0164 		0.7379 		1.3289
v 0.4287 		1.0383 		0.7902
v 0.0122 		0.7311 		1.3314
v 0.4329 		0.9962 		0.7711
v 0.4287 		0.9672 		0.7588
v 0.4446 		0.9944 		0.7902
v 0.4526 		0.9623 		0.8015
v 0.4413 		1.0166 		0.7966
v 0.0141 		0.7243 		1.3461
v -0.0327 		0.8003 		1.3255
v -0.0051 		0.7292 		1.3181
v -0.2157 		0.9567 		1.0368
v -0.0065 		0.7237 		1.3235
v 0.4437 		1.0302 		0.8167
v 0.0038 		0.7249 		1.3343
v -0.2316 		0.9443 		1.0574
v -0.1801 		0.8838 		1.0309
v -0.1726 		0.8955 		1.0211
v -0.189 		0.8936 		1.0382
v -0.188 		0.9072 		1.0314
v -0.0144 		0.8003 		1.3201
v -0.0346 		1.1971 		0.9951
v 0.0033 		1.2045 		0.9564
v 0.0342 		0.7212 		1.3681
v 0.0267 		0.7175 		1.3838
v -0.0823 		1.2305 		1.0882
v -0.0542 		1.2323 		1.0941
v 0.0066 		0.7175 		1.3725
v 0.0122 		0.7163 		1.3882
v -0.0622 		1.1316 		1.5593
v -0.0416 		1.1359 		1.5593
v -0.0514 		1.1384 		1.5696
v -0.0187 		0.6977 		1.4088
v -0.0313 		0.6928 		1.4034
v -0.0285 		0.6996 		1.3946
v -0.058 		1.2076 		1.0431
v -0.0463 		1.2076 		1.0417
v -0.0144 		0.7076 		1.3917
v 0.001 		0.7126 		1.3941
v -0.0603 		1.2169 		1.0583
v -0.1941 		0.9035 		1.0436
v -0.0659 		1.2237 		1.0701
v -0.2143 		0.9091 		1.0667
v 0.4858 		0.8417 		0.699
v 0.4928 		0.83 		0.6975
v 0.4844 		0.8349 		0.6809
v -0.0842 		1.2008 		1.0373
v 0.4778 		0.843 		0.6779
v -0.4838 		1.5506 		0.9657
v 0.4849 		0.825 		0.6725
v 0.4919 		0.8164 		0.6819
v 0.4811 		0.8065 		0.6618
v -0.0486 		1.1223 		1.5333
v -0.0364 		1.1335 		1.5529
v 0.5022 		0.8053 		0.7064
v -0.0154 		1.152 		1.5564
v -0.028 		1.1396 		1.5529
v -0.0369 		1.144 		1.5681
v 0.475 		0.9017 		0.8868
v 0.4769 		0.8955 		0.8995
v 0.4727 		0.8992 		0.8676
v 0.4764 		0.9487 		0.8922
v 0.4774 		0.9246 		0.9059
v 0.4788 		0.9369 		0.9113
v -0.0931 		1.1545 		1.5828
v -0.0823 		1.1415 		1.5745
v 0.4774 		0.8936 		0.9078
v -0.0673 		1.1464 		1.5804
v -0.1094 		1.1619 		1.5824
v 0.4718 		0.9233 		0.8529
v 0.4704 		0.9573 		0.8534
v -0.0837 		1.1211 		1.5142
v 0.4643 		0.8936 		0.8353
v -0.0715 		1.1229 		1.5328
v -0.0697 		1.1186 		1.5152
v -0.0739 		1.1291 		1.5529
v 0.4615 		0.9178 		0.8225
v 0.0637 		1.0741 		0.7363
v 0.4601 		0.9375 		0.8172
v 0.0675 		1.0679 		0.7235
v 0.0796 		1.0661 		0.7059
v 0.0768 		1.0778 		0.7265
v 0.0515 		1.0667 		0.7441
v 0.4727 		0.8603 		0.8922
v 0.4708 		0.8695 		0.8755
v 0.4755 		0.8794 		0.8951
v 0.1063 		1.071 		0.6946
v 0.4694 		0.8615 		0.8809
v 0.4689 		0.8491 		0.8824
v 0.4718 		0.8578 		0.9157
v 0.4708 		0.8504 		0.9049
v 0.125 		1.0241 		0.6603
v -0.1207 		1.2132 		1.0627
v 0.1414 		1.0259 		0.6549
v -0.2068 		0.9159 		1.052
v -0.1099 		1.2218 		1.073
v -0.0823 		1.2163 		1.0559
v -0.0921 		1.2101 		1.0495
v -0.2573 		0.8856 		1.1353
v -0.0135 		0.6847 		1.424
v -0.0566 		1.2014 		1.0289
v 0.0015 		0.7045 		1.4123
v -0.0472 		1.1934 		0.9966
v -0.0654 		1.1841 		0.9941
v -0.4814 		1.5234 		0.9544
v -0.0561 		1.1866 		0.9882
v -0.0032 		0.7212 		1.3368
v -0.0294 		1.1965 		0.9809
v -0.0416 		1.1903 		0.9779
v -0.0252 		1.1953 		0.9667
v -0.021 		0.7107 		1.3397
v -0.0126 		0.7163 		1.3358
v -0.0402 		1.186 		0.9618
v -0.4829 		1.5148 		0.9422
v -0.4754 		1.5327 		0.9824
v -0.4693 		1.5253 		0.9985
v -0.2414 		0.8906 		1.1069
v -0.4651 		1.5265 		1.0186
v -0.276 		0.8967 		1.1549
v -0.2737 		0.9048 		1.1426
v -0.4758 		1.5494 		1.025
v 0.1568 		1.037 		0.6583
v 0.1662 		1.0173 		0.6485
v 0.0979 		0.9283 		1.3838
v 0.088 		0.9517 		1.4088
v 0.4727 		0.8739 		0.9167
v 0.104 		0.9276 		1.3775
v 0.1886 		1.0377 		0.6525
v 0.184 		1.0154 		0.6475
v -0.254 		0.9208 		1.0966
v -0.2508 		0.9246 		1.0892
v -0.4651 		1.5346 		1.0951
v 0.4704 		0.804 		0.9093
v -0.4576 		1.5241 		1.1029
v 0.468 		0.8399 		0.8706
v -0.2606 		0.9338 		1.0936
v -0.2587 		0.9406 		1.0858
v -0.4618 		1.5265 		1.0917
v 0.4708 		0.8281 		0.9
v -0.2676 		0.9369 		1.1069
v -0.4599 		1.5309 		1.1015
v -0.2863 		0.9437 		1.1422
v -0.2746 		0.9351 		1.126
v 0.4652 		0.8016 		0.9275
v -0.4646 		1.5482 		1.0897
v -0.4552 		1.5401 		1.0995
v -0.0449 		0.6891 		1.3863
v -0.0229 		0.7076 		1.3701
v -0.0449 		0.6946 		1.3627
v -0.4571 		1.5358 		1.1015
v -0.4398 		1.5185 		1.1216
v -0.0472 		0.6928 		1.3436
v 0.1376 		0.995 		0.6451
v 0.1456 		0.9826 		0.6397
v 0.0815 		0.9147 		1.3971
v 0.1021 		0.9171 		1.3784
v 0.1011 		0.9042 		1.3745
v 0.1054 		0.9079 		1.3711
v -0.269 		0.9585 		1.1015
v -0.0378 		0.7002 		1.3534
v 0.088 		0.9054 		1.3863
v -0.0542 		0.6817 		1.3824
v 0.1147 		0.9208 		1.3456
v -0.0622 		0.6755 		1.3721
v -0.2554 		0.9035 		1.1098
v 0.1241 		0.9505 		1.3456
v -0.0659 		0.6668 		1.376
v -0.2386 		0.8998 		1.0951
v -0.4459 		1.5364 		1.1054
v -0.1829 		0.8603 		1.0475
v -0.4538 		1.5271 		1.1078
v -0.181 		0.8461 		1.0583
v -0.4506 		1.5148 		1.1034
v -0.1932 		0.8794 		1.0554
v 0.4685 		0.8356 		0.9152
v -0.48 		1.563 		1.0706
v -0.4871 		1.5599 		1.0642
v -0.4824 		1.5562 		1.0721
v -0.189 		0.8454 		1.0765
v -0.4824 		1.5519 		1.0701
v -0.4716 		1.5414 		1.0863
v -0.4772 		1.5506 		1.0784
v -0.4758 		1.5426 		1.0779
v 0.4568 		0.8801 		0.8147
v 0.4619 		0.8547 		0.8377
v -0.1909 		0.8584 		1.0706
v -0.1955 		0.8609 		1.0833
v 0.4647 		0.8121 		0.8613
v -0.4693 		1.5438 		1.0887
v -0.474 		1.5519 		1.0809
v -0.1951 		0.8689 		1.077
v -0.2143 		0.8782 		1.0941
v -0.0926 		1.1372 		1.5647
v -0.1029 		1.1427 		1.5676
v -0.437 		1.5037 		1.0961
v -0.2086 		0.8627 		1.102
v -0.2026 		0.8702 		1.0877
v 0.4647 		0.8325 		0.8525
v -0.4379 		1.4987 		1.0618
v 0.1727 		0.9826 		0.6309
v 0.4577 		0.8022 		0.8441
v 0.4568 		0.8158 		0.8373
v 0.1507 		0.9666 		0.6353
v -0.1141 		1.1508 		1.5696
v -0.4361 		1.5012 		1.0735
v -0.0973 		1.1267 		1.5343
v -0.1136 		1.1328 		1.5348
v 0.0459 		1.0401 		0.7275
v -0.108 		1.1378 		1.5564
v 0.0558 		1.0531 		0.7211
v 0.0927 		1.0513 		0.6843
v 0.089 		1.0593 		0.6912
v 0.0782 		1.0562 		0.6985
v -0.4201 		1.4876 		1.0961
v 0.0637 		1.0482 		0.7088
v -0.4267 		1.4851 		1.0745
v -0.0121 		0.7632 		1.301
v -0.0261 		0.7626 		1.2833
v 0.0955 		1.0414 		0.6784
v -0.4141 		1.4758 		1.0926
v -0.0285 		0.7725 		1.2848
v -0.0313 		0.7768 		1.2858
v -0.4216 		1.4802 		1.0809
v -0.4225 		1.4721 		1.073
v -0.4173 		1.4548 		1.0745
v -0.4103 		1.4468 		1.0838
v -0.0229 		0.7805 		1.2946
v -0.0341 		0.7713 		1.2779
v -0.4309 		1.4419 		1.0534
v -0.1122 		1.1909 		1.0353
v -0.0767 		1.1835 		1.0059
v -0.0149 		0.7404 		1.301
v -0.4482 		1.5061 		1.0431
v -0.4435 		1.487 		1.0402
v -0.4496 		1.4925 		1.0299
v -0.4515 		1.5012 		1.0299
v -0.0907 		1.1872 		1.0245
v -0.1108 		1.199 		1.5917
v -0.437 		1.4796 		1.049
v -0.0743 		1.194 		1.027
v -0.123 		1.2206 		1.576
v -0.1272 		1.2027 		1.5775
v -0.1291 		1.233 		1.5647
v -0.4496 		1.4456 		1.025
v -0.1085 		1.1804 		1.5912
v -0.1122 		1.1718 		1.5863
v -0.1253 		1.1934 		1.5814
v -0.1398 		1.1817 		1.5642
v -0.4501 		1.4653 		1.0225
v -0.4347 		1.4684 		1.0495
v -0.0481 		1.2466 		1.1603
v -0.13 		1.1637 		1.5667
v -0.0383 		1.2484 		1.1716
v -0.1244 		1.1829 		1.5814
v -0.4318 		1.4511 		1.0515
v 0.1213 		0.9301 		1.3377
v 0.1217 		0.9443 		1.3461
v -0.0697 		1.2713 		1.176
v -0.0477 		1.2713 		1.1902
v -0.0495 		1.2583 		1.1765
v -0.0383 		1.5951 		0.9627
v -0.0383 		1.5976 		0.9569
v 0.1082 		0.9789 		0.6505
v 0.1096 		0.9116 		1.3598
v 0.0908 		0.9715 		0.6569
v 0.1339 		0.9623 		0.6392
v -0.0341 		1.5976 		0.9515
v 0.1245 		0.8875 		1.3382
v 0.1236 		1.0006 		0.6529
v 0.0993 		0.9987 		0.6637
v -0.0318 		1.5927 		0.9559
v 0.1054 		0.8893 		1.3534
v 0.1255 		0.9048 		1.3392
v -0.0594 		1.2564 		1.1691
v -0.0416 		1.5191 		1.0877
v -0.0439 		1.5179 		1.0931
v -0.036 		1.516 		1.077
v -0.0266 		1.2447 		1.175
v 0.118 		0.9147 		1.3422
v 0.1119 		0.9097 		1.3485
v -0.0041 		1.4363 		1.0505
v -0.0013 		1.4363 		1.0426
v 0.1054 		1.0247 		0.6701
v -0.0065 		1.4394 		1.0529
v 0.0768 		0.893 		1.3892
v 0.067 		0.8831 		1.3887
v -0.0397 		1.2546 		1.1799
v -0.0388 		1.4962 		1.0907
v -0.0369 		1.5123 		1.0848
v 0.0937 		0.8825 		1.3647
v 0.0815 		0.9079 		1.3922
v -0.0402 		1.4851 		1.1108
v -0.0486 		1.4802 		1.1382
v -0.05 		1.4919 		1.1299
v 0.0806 		0.9425 		1.4157
v 0.0876 		1.0271 		0.6809
v 0.0834 		0.9381 		1.4127
v 0.0735 		1.0086 		0.6819
v -0.0304 		1.2527 		1.1868
v 0.0735 		0.9221 		1.4152
v 0.0637 		0.9585 		1.4245
v 0.0698 		0.9487 		1.4201
v 0.0576 		0.9332 		1.425
v 0.0562 		0.9437 		1.4275
v -0.0294 		0.7527 		1.277
v -0.0753 		1.2416 		1.1299
v -0.0842 		1.2459 		1.1451
v -0.0931 		1.2682 		1.1613
v -0.0346 		0.7558 		1.2686
v 0.0483 		0.94 		1.4338
v -0.0874 		1.2589 		1.1564
v -0.0304 		0.7274 		1.2789
v 0.4502 		0.8071 		0.8235
v -0.1001 		1.2589 		1.1529
v 0.0773 		0.9295 		1.4162
v -0.0931 		1.2472 		1.1456
v 0.4329 		0.8906 		0.7583
v 0.4381 		0.9029 		0.7657
v 0.4184 		0.885 		0.7392
v 0.4165 		0.9017 		0.7373
v -0.0715 		1.2589 		1.1642
v -0.0776 		1.2509 		1.1539
v 0.4324 		0.9171 		0.7578
v 0.0244 		0.932 		1.4569
v 0.0398 		0.927 		1.4387
v 0.0389 		0.9381 		1.4475
v -0.1979 		0.8553 		1.0936
v 0.0319 		0.9449 		1.4578
v -0.043 		1.4758 		1.1265
v 0.0473 		0.9592 		1.4466
v -0.0416 		1.4876 		1.1191
v -0.0481 		1.5117 		1.1034
v -0.0612 		1.5049 		1.1221
v 0.0651 		0.9079 		1.4132
v 0.0745 		0.9116 		1.4064
v -0.0435 		1.5024 		1.1093
v 0.0824 		1.0339 		0.6873
v 0.0543 		1.0049 		0.6873
v 0.037 		0.8807 		1.4172
v 0.0497 		0.9054 		1.4245
v 0.0693 		0.9017 		1.402
v 0.0637 		0.8906 		1.399
v 0.0258 		1.0197 		0.7064
v -0.0467 		1.4944 		1.1225
v -0.0397 		1.4919 		1.1093
v 0.052 		1.0358 		0.7172
v -0.1632 		0.8121 		1.0623
v 0.0164 		0.8838 		1.4299
v -0.1745 		0.8318 		1.0603
v 0.0225 		0.9171 		1.448
v 0.0244 		0.9091 		1.4412
v 0.0361 		0.919 		1.4368
v -0.1665 		0.8318 		1.051
v -0.1548 		0.817 		1.0515
v 0.0979 		0.8436 		1.3397
v 0.0969 		0.8671 		1.3515
v 0.4521 		0.8887 		0.8
v 0.4521 		0.948 		0.7951
v 0.4507 		0.9227 		0.7907
v 0.1217 		0.8634 		1.3343
v 0.453 		0.9017 		0.802
v 0.1161 		0.8794 		1.3441
v -0.0645 		1.2478 		1.1549
v -0.4805 		1.4777 		0.9515
v 0.0422 		1.0296 		0.7147
v -0.4805 		1.482 		0.9583
v -0.4824 		1.503 		0.9466
v -0.4566 		1.495 		1.0147
v -0.1038 		1.2466 		1.1431
v -0.1038 		1.2385 		1.1235
v -0.1127 		1.2441 		1.1397
v -0.0233 		0.7231 		1.2961
v -0.4758 		1.5018 		0.9691
v -0.4683 		1.4987 		0.9868
v -0.0252 		0.7453 		1.2843
v -0.0261 		0.7348 		1.2843
v -0.4548 		1.4369 		0.9716
v -0.4674 		1.4425 		0.9975
v 0.0595 		1.0253 		0.7034
v -0.4688 		1.4499 		0.9931
v -0.4646 		1.4629 		0.9975
v 0.0459 		1.0247 		0.7069
v -0.0425 		0.7669 		1.2662
v -0.4688 		1.4462 		0.9686
v -0.4613 		1.4351 		0.9784
v -0.0701 		0.7676 		1.2461
v -0.4721 		1.4456 		0.977
v 0.461 		0.843 		0.7583
v 0.468 		0.8504 		0.7382
v 0.4456 		0.8436 		0.7657
v -0.1759 		0.8127 		1.0775
v -0.196 		0.8399 		1.1142
v 0.4395 		0.8467 		0.7721
v -0.0608 		0.7639 		1.2451
v -0.1843 		0.8182 		1.0931
v -0.1852 		0.8325 		1.0804
v 0.0398 		1.0012 		0.6838
v -0.0491 		0.7676 		1.2603
v -0.0523 		0.7639 		1.249
v 0.0824 		0.9765 		0.6608
v -0.0612 		0.7527 		1.2407
v -0.0519 		0.7472 		1.2426
v 0.0745 		0.9839 		0.6662
v -0.0683 		0.7602 		1.2412
v -0.0402 		0.7385 		1.2569
v -0.043 		0.7558 		1.2549
v -0.05 		0.7404 		1.2446
v -0.0449 		0.7466 		1.249
v -0.0392 		0.7237 		1.2618
v 0.0651 		0.9888 		0.6721
v -0.0453 		0.7274 		1.2515
v -0.1216 		1.2398 		1.1314
v -0.1225 		1.2453 		1.1422
v -0.064 		0.7379 		1.2417
v -0.0701 		0.7231 		1.2461
v -0.1193 		1.2694 		1.1534
v -0.1239 		1.2577 		1.1485
v -0.1506 		1.2731 		1.1559
v -0.0608 		0.7249 		1.2461
v -0.1108 		1.2602 		1.1515
v -0.1225 		1.2515 		1.1461
v -0.1366 		1.2422 		1.1431
v -0.1562 		1.2558 		1.1529
v -0.1483 		1.241 		1.1475
v -0.05 		0.7824 		1.2926
v -0.0617 		0.788 		1.3059
v -0.0668 		0.796 		1.3221
v -0.0313 		0.7818 		1.2917
v 0.4816 		0.8442 		0.7319
v -0.1918 		0.8356 		1.1059
v 0.476 		0.8436 		0.7446
v 0.5017 		0.8071 		0.752
v -0.1703 		0.8689 		1.0284
v 0.5045 		0.8084 		0.7255
v -0.188 		0.8702 		1.0471
v 0.5036 		0.8102 		0.7373
v 0.4937 		0.8337 		0.7142
v -0.2147 		0.8553 		1.1191
v -0.2269 		0.8658 		1.1181
v -0.2021 		0.8442 		1.1216
v -0.2241 		0.8553 		1.1319
v 0.4891 		0.8393 		0.7152
v 0.4975 		0.8257 		0.7299
v 0.4923 		0.8306 		0.7392
v 0.4914 		0.825 		0.752
v 0.4937 		0.8152 		0.7613
v -0.2147 		0.8671 		1.1034
v 0.0375 		0.9826 		0.6725
v 0.0132 		0.9907 		0.6843
v 0.4764 		0.83 		0.7667
v 0.4479 		0.8337 		0.7838
v 0.0141 		0.9993 		0.6892
v 0.476 		0.8152 		0.7838
v -0.1291 		1.2336 		1.1186
v -0.1492 		1.2317 		1.1387
v 0.4849 		0.817 		0.7725
v -0.1562 		1.2348 		1.149
v -0.1408 		1.233 		1.1319
v 0.0113 		0.9808 		0.6814
v 0.03 		0.9721 		0.6706
v 0.0197 		0.974 		0.6745
v 0.4544 		0.859 		0.727
v 0.4418 		0.8652 		0.7059
v 0.4746 		0.8529 		0.7059
v 0.4675 		0.8559 		0.6887
v 0.4708 		0.8529 		0.7255
v 0.4624 		0.8597 		0.7088
v 0.06 		0.9629 		0.6618
v 0.0422 		0.9721 		0.6676
v 0.4287 		0.8677 		0.7539
v 0.4184 		0.8689 		0.7353
v 0.4348 		0.8535 		0.7466
v 0.0319 		1.1112 		0.7735
v 0.4329 		0.8547 		0.7603
v 0.4381 		0.864 		0.7167
v -0.2433 		0.8652 		1.1382
v -0.2559 		0.8714 		1.1534
v -0.2456 		0.859 		1.1564
v 0.425 		0.8597 		0.7314
v -0.2629 		0.8763 		1.1667
v 0.4254 		0.8603 		0.7387
v 0.4446 		0.8652 		0.7863
v -0.1544 		1.2311 		1.1441
v 0.4437 		0.8461 		0.7863
v -0.1188 		1.2299 		1.099
v 0.4488 		0.8281 		0.7917
v -0.1221 		1.2224 		1.0819
v -0.1361 		1.22 		1.0877
v -0.1375 		1.2243 		1.099
v 0.0469 		1.0828 		0.75
v 0.0408 		1.0988 		0.7632
v 0.037 		1.0865 		0.7593
v -0.0388 		1.4981 		1.1025
v 0.0178 		1.0784 		0.7716
v -0.0397 		1.5055 		1.1005
v -0.1689 		1.2169 		1.1358
v -0.1675 		1.2051 		1.1
v -0.1595 		1.2224 		1.1328
v 0.1175 		0.8498 		1.3319
v 0.1142 		0.8634 		1.3412
v -0.1693 		1.2737 		1.1637
v -0.0112 		1.4388 		1.0686
v 0.0866 		0.8782 		1.3681
v -0.0084 		1.4357 		1.0657
v 0.0291 		1.0976 		0.7745
v 0.0614 		0.8448 		1.3525
v 0.0735 		0.8615 		1.3564
v 0.0693 		0.8757 		1.3804
v 0.082 		0.8695 		1.3593
v -0.2877 		1.084 		1.2093
v -0.2751 		1.089 		1.1667
v 0.0941 		0.877 		1.3583
v -0.0107 		1.4351 		1.073
v 0.0946 		0.809 		1.3324
v -0.0224 		0.7867 		1.3
v 0.0899 		0.8182 		1.3343
v -0.036 		0.7935 		1.3113
v 0.0791 		0.809 		1.3338
v -0.3046 		1.0506 		1.225
v -0.0191 		1.4351 		1.0926
v 0.0913 		0.8312 		1.3368
v -0.2821 		1.0636 		1.1721
v -0.2896 		1.0389 		1.174
v -0.3004 		1.0432 		1.2
v 0.104 		0.8189 		1.3314
v -0.2849 		1.0704 		1.1838
v -0.0785 		0.783 		1.2902
v 0.1217 		0.8226 		1.3235
v -0.2788 		1.0716 		1.1588
v 0.1161 		0.8343 		1.3284
v -0.284 		1.0389 		1.1564
v -0.2802 		1.0543 		1.1632
v -0.0804 		0.7731 		1.2559
v -0.3149 		1.0037 		1.227
v 0.0469 		0.8763 		1.4029
v 0.06 		0.8733 		1.3843
v -0.3102 		1.0092 		1.2132
v -0.0729 		0.77 		1.251
v -0.0683 		0.7744 		1.2676
v -0.3008 		1.0216 		1.1917
v -0.2915 		1.0228 		1.175
v -0.2929 		1.0111 		1.1745
v -0.4805 		1.4697 		0.9593
v -0.4768 		1.4573 		0.9691
v -0.4772 		1.4734 		0.9706
v -0.1155 		0.788 		1.2926
v -0.474 		1.4517 		0.9691
v -0.3088 		1.0377 		1.2235
v 0.0464 		0.8467 		1.3701
v 0.0342 		0.8522 		1.3868
v -0.0079 		1.1131 		0.8034
v -0.0332 		1.4431 		1.0858
v -0.0182 		1.4375 		1.0848
v 0.015 		1.0902 		0.7814
v 0.0164 		1.1155 		0.7917
v -0.0308 		1.1106 		1.4667
v -0.167 		1.228 		1.1515
v -0.0074 		1.1149 		1.4402
v -0.0486 		0.7058 		1.2627
v -0.0299 		0.7157 		1.2892
v -0.2007 		1.254 		1.176
v -0.0491 		0.7194 		1.2515
v -0.2133 		1.2496 		1.1833
v -0.013 		1.1087 		1.4451
v -0.0294 		1.1063 		1.4593
v -0.2236 		1.2639 		1.1922
v -0.0243 		1.1087 		1.4539
v 0.4502 		0.8182 		0.799
v -0.0322 		1.1069 		1.4632
v 0.4516 		0.8386 		0.8142
v 0.008 		1.0803 		0.7809
v -0.0219 		1.1161 		1.4848
v -0.0135 		1.1161 		1.4475
v 0.0441 		1.0543 		0.7441
v 0.4465 		0.8331 		0.7902
v 0.0408 		1.0599 		0.7515
v -0.0243 		1.1143 		1.4647
v -0.0163 		1.1174 		1.4623
v 0.4507 		0.8133 		0.8044
v 0.4484 		0.8207 		0.8049
v -0.0215 		1.1131 		1.4529
v -0.0275 		1.1143 		0.8191
v 0.4498 		0.8077 		0.8142
v -0.0453 		1.1044 		0.8387
v 0.4488 		0.8127 		0.8093
v -0.0603 		1.0988 		0.8603
v -0.0229 		1.0988 		1.4534
v -0.0453 		1.0896 		1.473
v -0.0439 		1.0791 		1.4735
v -0.0552 		1.1155 		0.8735
v -0.042 		1.1013 		1.4735
v -0.1778 		1.2113 		1.1412
v -0.1993 		1.2064 		1.1627
v -0.2063 		1.2058 		1.1672
v 0.3646 		1.11 		0.7642
v -0.1918 		1.2119 		1.1598
v 0.358 		1.0828 		0.7309
v -0.1815 		1.2348 		1.1618
v -0.0514 		1.105 		1.4804
v -0.0486 		1.4412 		1.1167
v -0.0495 		1.4456 		1.1314
v -0.0458 		1.44 		1.1118
v -0.0341 		1.4363 		1.1054
v -0.0612 		1.1075 		1.4828
v -0.0566 		1.1124 		1.4956
v -0.0477 		1.4351 		1.1255
v -0.0374 		1.1093 		1.4765
v -0.0336 		1.1143 		1.4961
v -0.0463 		1.4573 		1.1348
v -0.0439 		1.4684 		1.1294
v -0.1904 		1.2051 		1.1505
v -0.0514 		1.1093 		1.4853
v -0.0453 		1.1056 		1.4779
v -0.3018 		0.961 		1.175
v -0.3149 		0.9666 		1.2142
v -0.3102 		0.9826 		1.2025
v -0.0388 		1.1118 		1.4848
v -0.0374 		0.7144 		1.2716
v -0.1843 		1.2181 		1.1578
v -0.0477 		0.7113 		1.2578
v -0.0055 		1.063 		1.4627
v -0.0528 		0.6885 		1.324
v -0.021 		1.0673 		1.4681
v -0.0575 		0.6841 		1.3377
v -0.0472 		1.063 		1.4779
v -0.21 		1.2262 		1.176
v -0.0196 		1.0537 		1.4745
v -0.2128 		1.2126 		1.175
v 0.0146 		1.0401 		0.7505
v -0.0589 		0.6829 		1.3069
v -0.0388 		0.7002 		1.3005
v 0.008 		1.042 		1.4632
v -0.0444 		0.6946 		1.2995
v 0.0295 		1.0463 		0.7495
v -0.0495 		1.4474 		1.1108
v -0.0458 		1.4499 		1.0912
v 0.0099 		0.974 		1.475
v 0.0085 		1.0024 		1.4696
v -0.0477 		1.4505 		1.098
v -0.0411 		1.4431 		1.0961
v 0.001 		1.0123 		1.4755
v -0.2325 		1.1742 		1.1819
v -0.2334 		1.1804 		1.1917
v -0.4403 		1.5092 		1.1221
v -0.0505 		1.4604 		1.0961
v -0.2227 		1.1953 		1.1824
v -0.4464 		1.5129 		1.1157
v -0.2147 		1.1798 		1.1446
v -0.0336 		1.5519 		1.0157
v -0.0336 		1.5475 		1.0324
v -0.3163 		0.9653 		1.2245
v -0.0346 		1.5599 		1.0225
v -0.3149 		0.9598 		1.2338
v -0.255 		1.4072 		1.1328
v -0.2498 		1.3887 		1.1431
v -0.3055 		0.9962 		1.1946
v -0.2952 		0.9728 		1.1603
v -0.036 		1.5636 		1.0191
v -0.0364 		1.5593 		1.0284
v -0.2517 		1.4184 		1.1373
v -0.2947 		0.9839 		1.1647
v -0.2461 		1.3683 		1.1539
v -0.2531 		1.3609 		1.1534
v -0.2695 		1.3615 		1.1451
v 0.0001 		1.0679 		0.7824
v -0.0065 		1.0537 		0.7843
v -0.24 		1.4215 		1.1554
v 0.0076 		1.05 		0.7696
v -0.0004 		1.0463 		0.7711
v -0.0336 		1.5716 		0.9716
v -0.0322 		1.5797 		0.9652
v -0.058 		0.6854 		1.2912
v -0.0261 		1.0445 		0.7745
v -0.0196 		1.0543 		0.7971
v -0.2671 		1.4221 		1.1181
v -0.2919 		1.4011 		1.1
v -0.2741 		1.4332 		1.1108
v 0.337 		1.0877 		0.7157
v 0.3473 		1.1001 		0.7363
v 0.3262 		1.0958 		0.7142
v -0.269 		1.3844 		1.1279
v 0.3094 		1.1137 		0.7162
v -0.2919 		0.9616 		1.151
v 0.3604 		1.0673 		0.7216
v -0.2957 		1.3714 		1.1196
v -0.2868 		1.0166 		1.1495
v -0.2774 		1.3702 		1.1309
v -0.2901 		0.9913 		1.152
v -0.291 		1.3603 		1.1412
v -0.2915 		1.3671 		1.1279
v 0.3552 		1.0395 		0.7005
v -0.3158 		0.9703 		1.2426
v -0.2433 		1.3516 		1.1667
v -0.2639 		1.3522 		1.1618
v 0.3679 		1.0049 		0.6971
v 0.3492 		0.9715 		0.6745
v 0.3964 		1.0321 		0.7407
v -0.2929 		1.4227 		1.0922
v 0.3931 		1.0197 		0.7304
v -0.0224 		0.7169 		1.3049
v -0.32 		1.4178 		1.0696
v -0.3041 		1.3819 		1.102
v -0.3083 		1.377 		1.1054
v -0.2049 		1.1928 		1.152
v -0.328 		1.3757 		1.0995
v -0.3359 		1.3813 		1.0882
v -0.0378 		1.5661 		0.9613
v -0.2105 		1.194 		1.1647
v -0.0285 		1.3961 		1.4407
v -0.0636 		1.411 		1.4245
v -0.0327 		1.5883 		0.9716
v -0.0701 		1.4072 		1.4422
v -0.3345 		1.4017 		1.0681
v -0.0322 		1.592 		0.9613
v -0.356 		1.4171 		1.0466
v -0.3537 		1.4029 		1.0578
v -0.3682 		1.3943 		1.0603
v -0.1019 		1.419 		1.4108
v -0.3369 		1.4295 		1.0529
v -0.0135 		1.05 		0.7848
v -0.3355 		1.4134 		1.0613
v -0.0275 		0.7107 		1.3015
v -0.0177 		1.0142 		1.4863
v -0.0177 		1.0871 		0.8039
v -0.0084 		1.0222 		1.4814
v -0.0285 		1.0982 		0.8152
v -0.0285 		1.0241 		1.4877
v -0.057 		1.0383 		1.4873
v -0.0341 		1.105 		0.8221
v -0.065 		0.6767 		1.3152
v 0.0122 		1.0259 		1.4627
v -0.0743 		0.647 		1.3593
v -0.0243 		1.0822 		0.8078
v -0.0177 		0.9919 		1.4873
v -0.0065 		0.9796 		1.4794
v -0.0598 		0.9975 		1.4951
v -0.08 		0.6538 		1.3338
v -0.0603 		0.9728 		1.4956
v -0.0832 		0.6588 		1.3216
v -0.0514 		0.9647 		1.4922
v -0.0205 		0.9752 		1.4863
v -0.0776 		0.6489 		1.3451
v -0.0687 		0.6681 		1.3564
v -0.0725 		0.6656 		1.3387
v -0.0435 		1.084 		0.827
v -0.0654 		0.6749 		1.349
v -0.0514 		1.0605 		0.8245
v -0.0402 		0.927 		1.4765
v -0.0065 		0.9561 		1.4765
v -0.0318 		1.5704 		0.9971
v -0.0411 		1.0729 		0.8206
v -0.0332 		1.0593 		0.8113
v -0.0233 		0.9208 		1.4686
v -0.0275 		1.0648 		0.8064
v -0.0261 		1.0741 		0.8059
v -0.0318 		1.5815 		0.9775
v -0.0481 		0.9419 		1.4838
v -0.0327 		1.5778 		0.9912
v -0.0369 		1.5698 		1.0123
v -0.0238 		0.8819 		1.4456
v -0.0158 		0.9042 		1.4569
v -0.0144 		0.8943 		1.4495
v -0.0481 		1.5704 		1.0113
v -0.0659 		1.0426 		0.8015
v -0.0402 		1.5729 		1.0069
v -0.0425 		0.898 		1.4623
v -0.0439 		1.0513 		0.8127
v -0.035 		1.5809 		0.9887
v -0.042 		1.5846 		0.9843
v -0.0294 		1.0513 		0.8025
v -0.0355 		1.5741 		1.001
v 0.2832 		0.7985 		1.2475
v -0.0566 		1.0482 		0.8201
v 0.3585 		1.029 		0.6971
v 0.2635 		0.7793 		1.2446
v 0.3866 		1.0061 		0.7176
v -0.0795 		1.0432 		0.8304
v 0.2757 		0.7873 		1.2466
v -0.0594 		1.0735 		0.8368
v -0.0711 		1.0723 		0.851
v 0.3735 		0.9826 		0.6971
v -0.0762 		1.076 		0.8623
v -0.0991 		1.4103 		1.4451
v -0.3794 		1.4215 		1.0309
v -0.393 		1.4196 		1.0255
v 0.3314 		1.0543 		0.6882
v -0.0888 		1.4072 		1.451
v 0.3211 		1.0605 		0.6843
v -0.0739 		1.3974 		1.4696
v 0.2935 		1.0995 		0.6975
v 0.3117 		1.0834 		0.6961
v 0.3033 		1.0513 		0.6716
v 0.3033 		1.0667 		0.6804
v -0.1179 		1.3671 		1.5157
v -0.1132 		1.3819 		1.501
v -0.0926 		1.3831 		1.499
v -0.1015 		1.3936 		1.4838
v 0.2546 		1.0475 		0.6539
v 0.256 		1.1137 		0.6907
v -0.1801 		1.3695 		1.4975
v 0.2476 		1.097 		0.6789
v -0.1731 		1.3813 		1.4912
v -0.1792 		1.3912 		1.4779
v -0.1581 		1.3652 		1.5059
v -0.0795 		0.6625 		1.3196
v -0.0697 		0.6699 		1.3279
v -0.1263 		1.3955 		1.4824
v -0.1413 		1.4029 		1.4657
v -0.137 		1.3547 		1.5181
v -0.1291 		1.3461 		1.5255
v -0.0748 		0.6681 		1.3147
v -0.0711 		0.6724 		1.3108
v -0.1165 		1.3399 		1.5348
v -0.0893 		0.6489 		1.326
v -0.0832 		0.6433 		1.3363
v -0.1225 		1.3176 		1.5412
v -0.1193 		1.3331 		1.5368
v -0.1501 		1.3368 		1.5181
v -0.1436 		1.3269 		1.5221
v -0.0898 		0.7095 		1.2588
v -0.0725 		0.7107 		1.2564
v -0.0748 		0.694 		1.2765
v -0.0514 		0.7008 		1.2676
v -0.0341 		1.5846 		0.9799
v -0.0369 		1.5883 		0.977
v -0.1525 		1.317 		1.5137
v -0.0491 		1.589 		0.9721
v -0.0584 		1.5735 		0.9995
v -0.1422 		1.3127 		1.5225
v -0.1277 		1.2972 		1.5397
v -0.1244 		1.309 		1.5412
v -0.1473 		1.2793 		1.5221
v -0.1389 		1.2793 		1.5299
v 0.2748 		1.05 		0.6603
v 0.2808 		1.0686 		0.6755
v -0.1464 		1.3003 		1.5152
v 0.3379 		1.0092 		0.6755
v -0.3996 		1.411 		1.0275
v 0.3206 		0.9839 		0.6574
v -0.2947 		0.9289 		1.1696
v -0.0547 		1.5784 		0.9917
v -0.0561 		1.0513 		0.8255
v -0.0491 		1.1637 		0.9319
v -0.0439 		1.1656 		0.9255
v -0.0668 		1.055 		0.8436
v -0.0481 		1.178 		0.9525
v -0.0364 		1.1823 		0.951
v -0.0294 		1.1792 		0.9407
v -0.0781 		0.6891 		1.2848
v -0.0252 		1.1755 		0.9186
v -0.0247 		1.1792 		0.9348
v -0.1314 		0.686 		1.3025
v -0.3032 		0.9456 		1.1833
v -0.0528 		0.6928 		1.2789
v -0.0734 		1.1693 		0.9672
v -0.072 		1.1755 		0.9804
v -0.0837 		1.1619 		0.9681
v -0.0542 		0.6959 		1.2725
v -0.3008 		0.9283 		1.1975
v -0.3088 		0.9412 		1.2127
v -0.3092 		0.948 		1.1995
v -0.0715 		0.678 		1.2995
v -0.0645 		1.1637 		0.95
v -0.3149 		0.9555 		1.2221
v -0.0654 		0.6817 		1.2941
v -0.3027 		0.9264 		1.2201
v -0.1076 		0.6736 		1.3088
v -0.086 		0.6668 		1.3118
v -0.0912 		1.1402 		0.9525
v -0.1029 		0.6446 		1.3275
v -0.0673 		1.1514 		0.9294
v -0.1094 		0.6501 		1.3235
v -0.0968 		0.6563 		1.3201
v -0.0753 		1.1495 		0.9407
v -0.0589 		1.1538 		0.9186
v -0.3032 		0.9295 		1.2255
v -0.0477 		1.1538 		0.9029
v -0.0556 		1.1458 		0.8975
v -0.0762 		1.1347 		0.9113
v 0.0759 		0.6267 		1.301
v -0.0612 		1.1477 		0.9064
v 0.0267 		0.6248 		1.2799
v -0.3097 		0.9579 		1.1971
v -0.0598 		1.1378 		0.8922
v 0.0235 		0.6279 		1.3265
v 0.0164 		0.6254 		1.2907
v -0.072 		1.1297 		0.901
v -0.2709 		0.885 		1.1652
v -0.2896 		0.911 		1.1721
v -0.2844 		0.9054 		1.1627
v -0.2877 		0.9011 		1.1848
v -0.0622 		1.1211 		0.8828
v 0.0707 		0.626 		1.276
v 0.0473 		0.6254 		1.2632
v -0.2882 		0.8992 		1.202
v -0.1066 		1.1186 		0.9324
v -0.0542 		1.5822 		0.9824
v -0.0954 		1.1211 		0.9186
v -0.0776 		1.0661 		0.8608
v -0.0991 		1.131 		0.949
v -0.0739 		1.0482 		0.848
v -0.0814 		1.1353 		0.9235
v -0.1052 		1.1335 		0.9574
v -0.283 		0.8967 		1.1779
v -0.1347 		1.194 		1.049
v 0.315 		0.9641 		0.6515
v 0.3211 		0.9728 		0.6559
v -0.0926 		1.1625 		0.9794
v -0.1118 		1.181 		1.027
v -0.109 		1.1749 		1.0201
v -0.1104 		1.1668 		1.0078
v 0.3244 		1.0358 		0.676
v -0.0748 		1.0599 		0.8569
v -0.1427 		1.1792 		1.0426
v -0.1356 		1.1662 		1.0255
v -0.1394 		1.1699 		1.0333
v -0.0168 		1.0327 		0.7431
v -0.0252 		1.0358 		0.7529
v -0.145 		1.1551 		1.0206
v 0.0183 		1.0241 		0.7142
v -0.1403 		1.1458 		1.0029
v -0.0444 		1.5247 		1.0142
v -0.1085 		1.1483 		0.9725
v -0.1225 		1.1409 		0.9794
v -0.1179 		1.1526 		0.9892
v -0.1328 		1.1563 		1.0088
v -0.0416 		1.537 		1.0005
v -0.0477 		1.5259 		0.9833
v -0.1155 		0.7824 		1.0015
v -0.137 		1.1365 		0.9917
v -0.0369 		1.555 		1.0328
v -0.1852 		1.351 		1.498
v -0.1749 		1.3547 		1.5049
v -0.0547 		1.5574 		1.0348
v -0.1801 		1.3182 		1.4897
v 0.2326 		0.7941 		1.2397
v -0.1731 		1.3201 		1.498
v -0.0439 		1.5333 		1.0696
v -0.0425 		1.5389 		1.0613
v -0.1778 		1.3312 		1.5
v -0.035 		1.5506 		1.0348
v 0.2663 		0.7688 		1.2426
v -0.1169 		0.7917 		1.0078
v -0.0378 		1.5451 		1.0475
v -0.0374 		1.0037 		0.7167
v -0.0416 		1.5513 		1.0417
v 0.0038 		1.0203 		0.7137
v -0.0163 		1.021 		0.7191
v -0.0055 		1.0259 		0.7245
v -0.0154 		1.0049 		0.7034
v 0.2383 		0.7224 		1.2475
v -0.1113 		0.783 		1.0137
v 0.235 		0.7583 		1.2392
v 0.2631 		0.7249 		1.2265
v 0.256 		0.7336 		1.2338
v 0.2528 		0.7231 		1.2314
v -0.1866 		1.33 		1.4897
v -0.0439 		1.5333 		1.0696
v -0.0439 		1.5333 		1.0696
v -0.0617 		1.5457 		1.0569
v -0.0463 		1.5296 		1.0779
v -0.167 		1.3312 		1.5093
v -0.0439 		1.5333 		1.0696
v 0.2556 		0.7527 		1.2392
v -0.0505 		1.5432 		1.0578
v 0.278 		0.749 		1.2373
v -0.0486 		1.5494 		1.0471
v -0.1553 		1.3522 		1.5127
v -0.1857 		1.2904 		1.4868
v -0.1717 		1.2799 		1.5054
v 0.2743 		1.021 		0.652
v -0.153 		1.2917 		1.5103
v 0.2794 		1.0364 		0.6574
v 0.2439 		0.7255 		1.2348
v 0.2392 		0.7311 		1.2348
v 0.2991 		0.9882 		0.6495
v 0.2691 		1.0012 		0.6426
v 0.234 		0.7268 		1.2373
v 0.3 		0.9771 		0.6475
v 0.1994 		0.7694 		1.2333
v 0.2181 		0.7639 		1.2363
v -0.1689 		1.3133 		1.4966
v 0.2064 		0.7873 		1.2348
v 0.2144 		0.7762 		1.2353
v -0.1595 		1.3053 		1.5005
v -0.1665 		1.2997 		1.4951
v -0.1221 		0.7985 		0.9995
v 0.1966 		0.7268 		1.2647
v -0.1057 		0.7651 		1.0225
v 0.1919 		0.7385 		1.2343
v 0.1807 		0.7348 		1.2451
v -0.1216 		0.7867 		1.0343
v -0.109 		0.7762 		1.0221
v 0.1769 		0.7398 		1.2343
v -0.1375 		0.7954 		1.048
v -0.1202 		0.8009 		1.0191
v 0.2172 		0.7391 		1.2343
v -0.1179 		0.796 		1.0118
v 0.0441 		0.6279 		1.3225
v 0.1353 		0.7923 		1.3025
v -0.0191 		1.0123 		0.7113
v 0.1339 		0.7694 		1.2882
v -0.1174 		0.7546 		0.9907
v 0.4591 		0.8559 		0.6721
v 0.4507 		0.8498 		0.6505
v 0.1283 		0.7744 		1.302
v -0.115 		0.7398 		0.9971
v -0.1286 		0.7317 		0.9907
v 0.1273 		0.7898 		1.3108
v -0.1104 		0.7614 		1.0069
v -0.1048 		0.7447 		1.0176
v 0.059 		0.6279 		1.3167
v 0.1376 		0.7255 		1.2735
v -0.123 		0.7385 		0.9838
v -0.006 		0.6291 		1.4093
v 0.1718 		0.7255 		1.2711
v 0.1568 		0.7336 		1.2544
v 0.1741 		0.7311 		1.2598
v -0.0706 		0.6328 		1.3681
v -0.1094 		0.7373 		1.0147
v -0.1338 		0.7379 		1.051
v 0.1278 		0.7224 		1.2946
v 0.1339 		0.7237 		1.2794
v -0.1314 		0.7602 		1.0505
v 0.0024 		0.626 		1.2809
v 0.0333 		0.6304 		1.2328
v -0.0299 		1.0123 		0.7176
v -0.1202 		1.1211 		0.9652
v 0.4732 		0.8269 		0.6544
v 0.4619 		0.8349 		0.6466
v 0.4601 		0.822 		0.6397
v 0.0001 		1.0098 		0.7039
v -0.0369 		1.521 		1.077
v -0.0378 		1.5259 		1.073
v -0.0355 		1.5333 		1.0598
v -0.0364 		1.529 		1.0667
v -0.0364 		1.5395 		1.0539
v -0.0346 		1.5432 		1.0412
v -0.043 		1.0055 		0.7216
v -0.0467 		1.0333 		0.7598
v -0.0528 		1.0253 		0.7466
v 0.4568 		0.8405 		0.6461
v -0.0537 		1.0166 		0.7358
v 0.4652 		0.8461 		0.6608
v -0.0444 		1.0173 		0.7309
v -0.0346 		1.0185 		0.7255
v 0.4371 		0.843 		0.6333
v 0.4198 		0.8461 		0.6279
v 0.4441 		0.8306 		0.6309
v 0.4324 		0.8176 		0.6206
v 0.4165 		0.8263 		0.6157
v -0.0458 		0.9913 		0.7167
v -0.0257 		0.9969 		0.7044
v -0.1211 		0.7367 		1.0368
v -0.1286 		0.7404 		1.0475
v -0.1324 		0.7292 		1.0397
v 0.3992 		0.8207 		0.6074
v 0.4006 		0.8275 		0.6098
v 0.3702 		0.932 		0.6907
v 0.358 		0.9561 		0.6819
v 0.3515 		0.9066 		0.675
v -0.1632 		1.4215 		1.3789
v -0.1525 		1.4239 		1.3588
v -0.1347 		1.4202 		1.4069
v 0.3707 		0.9579 		0.6922
v -0.1792 		1.4011 		1.4603
v -0.1824 		1.4085 		1.4382
v -0.1693 		1.4178 		1.4078
v 0.3974 		0.9153 		0.7172
v -0.1389 		1.414 		1.4348
v 0.3988 		0.9357 		0.7206
v -0.1647 		1.4066 		1.452
v -0.0364 		1.5166 		1.0667
v -0.1918 		1.372 		1.4892
v -0.1979 		1.3621 		1.4877
v -0.1993 		1.3801 		1.4804
v -0.0364 		1.5241 		1.052
v -0.1927 		1.3936 		1.4696
v -0.036 		1.5228 		1.0701
v -0.2124 		1.3844 		1.4667
v -0.2138 		1.359 		1.4701
v -0.2189 		1.3652 		1.4647
v -0.1029 		1.5216 		1.0853
v -0.21 		1.3714 		1.475
v -0.0991 		1.5253 		1.0824
v -0.0739 		1.5315 		1.0824
v -0.08 		1.5185 		1.1064
v -0.0711 		1.5432 		1.0618
v -0.1291 		0.7299 		1.0059
v -0.137 		0.7274 		1.0436
v -0.0608 		1.5253 		1.0912
v -0.0659 		1.5679 		1.0064
v -0.0757 		1.563 		1.0059
v -0.0809 		1.5562 		1.0172
v -0.007 		0.9857 		0.6917
v -0.0289 		0.9752 		0.7
v -0.006 		0.9721 		0.6877
v -0.0963 		1.5401 		1.0294
v -0.0322 		0.9641 		0.7025
v -0.0879 		1.5475 		1.0343
v -0.2007 		1.178 		1.1064
v -0.1895 		1.1767 		1.0868
v -0.1721 		1.1909 		1.0824
v -0.0654 		1.5519 		1.0441
v -0.079 		1.0123 		0.7485
v -0.0846 		1.0241 		0.7691
v -0.1483 		1.1915 		1.0574
v -0.1581 		1.1674 		1.0461
v -0.1099 		1.5191 		1.0603
v -0.1689 		1.1773 		1.0613
v -0.1015 		1.5321 		1.0505
v -0.0636 		1.0333 		0.7706
v -0.1848 		1.1736 		1.0779
v -0.1857 		1.1582 		1.0681
v -0.1244 		0.7311 		1.0304
v -0.211 		1.1384 		1.076
v -0.1183 		0.7348 		1.0328
v -0.1104 		0.736 		1.0235
v -0.1661 		1.152 		1.0426
v -0.1595 		1.1464 		1.0299
v -0.1029 		1.5271 		1.0637
v 0.4493 		0.8634 		0.6873
v 0.4231 		0.8665 		0.6843
v 0.4133 		0.8652 		0.6691
v 0.4109 		0.8658 		0.6833
v -0.1932 		1.1365 		1.0603
v -0.1071 		0.7404 		1.026
v 0.4385 		0.8597 		0.6593
v 0.4259 		0.8634 		0.6627
v -0.1408 		0.7676 		0.9554
v -0.0973 		1.0241 		0.7814
v -0.1693 		1.1396 		1.0373
v -0.1848 		1.1458 		1.0603
v -0.1127 		1.0179 		0.7868
v -0.0987 		1.0309 		0.7975
v -0.1052 		1.0309 		0.8054
v -0.1169 		1.0278 		0.8118
v -0.0828 		1.0383 		0.8064
v 0.4109 		0.8658 		0.7088
v -0.1754 		1.1409 		1.0475
v -0.203 		1.1236 		1.0578
v -0.2217 		1.1223 		1.0775
v 0.3955 		0.8689 		0.7064
v 0.3978 		0.8652 		0.7
v 0.3913 		0.8776 		0.7088
v -0.1782 		1.1279 		1.0338
v -0.1923 		1.126 		1.0505
v -0.0678 		0.9907 		0.7279
v 0.4109 		0.8733 		0.7275
v -0.0818 		0.9653 		0.727
v -0.2587 		1.1242 		1.1672
v -0.2554 		1.1353 		1.1725
v -0.0711 		0.9771 		0.7265
v -0.2442 		1.1396 		1.1373
v -0.1296 		0.7824 		0.9779
v 0.4109 		0.8683 		0.7216
v -0.2353 		1.1254 		1.1005
v -0.1469 		0.7787 		0.9422
v 0.132 		0.7422 		1.2804
v 0.4147 		0.8652 		0.7196
v 0.1278 		0.7422 		1.2897
v -0.2133 		1.4004 		1.4382
v 0.1231 		0.7348 		1.2985
v -0.2026 		1.4072 		1.4221
v 0.1166 		0.7546 		1.3093
v -0.1946 		1.414 		1.3961
v -0.2208 		1.4004 		1.4225
v -0.2306 		1.3961 		1.4103
v -0.0182 		0.6297 		1.2534
v 0.0295 		0.6285 		1.2466
v 0.279 		0.6922 		1.2598
v 0.271 		0.6946 		1.274
v 0.2677 		0.686 		1.2843
v 0.2729 		0.7014 		1.2574
v -0.2245 		1.3603 		1.4549
v 0.4147 		0.859 		0.648
v 0.4189 		0.8559 		0.6417
v 0.4095 		0.8529 		0.6348
v 0.3983 		0.8547 		0.6397
v 0.2532 		0.7058 		1.2779
v -0.2217 		1.3813 		1.4588
v -0.2231 		1.3739 		1.4603
v 0.249 		0.6841 		1.2971
v -0.2395 		1.3733 		1.4314
v -0.2423 		1.3726 		1.4186
v 0.2509 		0.694 		1.2882
v 0.2574 		0.6891 		1.2902
v 0.3875 		0.8535 		0.6422
v 0.3974 		0.8479 		0.6279
v -0.2311 		1.3677 		1.4471
v -0.2334 		1.1514 		1.1289
v -0.1375 		0.7997 		0.9696
v 0.3543 		0.8578 		0.673
v -0.2147 		1.1613 		1.1083
v 0.3576 		0.8529 		0.6676
v -0.2222 		1.1409 		1.0946
v -0.1431 		0.7589 		0.951
v -0.1375 		0.7459 		0.9588
v -0.0238 		0.626 		1.3015
v -0.3284 		1.4258 		1.2157
v -0.3308 		1.4233 		1.2064
v -0.0837 		0.631 		1.3309
v -0.0771 		0.6316 		1.3456
v -0.1277 		0.7398 		0.975
v -0.3191 		1.4239 		1.2265
v -0.1333 		0.7416 		0.9642
v -0.3074 		1.414 		1.2328
v -0.1455 		0.7274 		0.975
v -0.1356 		0.7317 		0.9755
v -0.0818 		0.6304 		1.3319
v -0.0884 		0.6297 		1.3211
v 0.3594 		0.8572 		0.6735
v 0.3609 		0.8665 		0.6799
v 0.366 		0.864 		0.6814
v -0.3167 		1.4153 		1.2201
v -0.1464 		0.7274 		0.9672
v -0.3205 		1.414 		1.2025
v 0.3674 		0.8566 		0.6721
v -0.3317 		1.3949 		1.1995
v -0.3205 		1.3967 		1.2083
v -0.1314 		0.7317 		0.9828
v -0.0771 		0.6335 		1.3485
v -0.0762 		0.6372 		1.3554
v -0.3125 		1.4091 		1.2098
v -0.3209 		1.4072 		1.198
v 0.373 		0.8621 		0.6828
v -0.1319 		0.7367 		0.9696
v 0.3782 		0.864 		0.6882
v -0.1361 		0.7348 		0.9652
v -0.1455 		0.7323 		0.9475
v -0.3074 		1.4054 		1.2142
v -0.3069 		1.4023 		1.2147
v -0.1066 		0.9993 		0.7608
v 0.3875 		0.8621 		0.6843
v 0.235 		0.6878 		1.2971
v -0.1188 		1.0043 		0.7745
v -0.1291 		1 		0.7804
v 0.3674 		0.8708 		0.6858
v -0.2362 		1.3881 		1.4211
v 0.3754 		0.8763 		0.6941
v -0.2297 		1.3838 		1.4446
v -0.2274 		1.3899 		1.4402
v 0.2425 		0.694 		1.2892
v -0.0912 		1.5377 		1.0613
v 0.2748 		0.6674 		1.2819
v -0.0842 		1.5432 		1.0529
v 0.2762 		0.6545 		1.2784
v 0.0033 		1.4449 		1.0064
v -0.0032 		1.4505 		0.9985
v 0.0085 		1.4462 		0.9814
v 0.0094 		1.4412 		0.9745
v 0.2387 		0.6551 		1.3176
v 0.2514 		0.6681 		1.3074
v 0.2481 		0.6489 		1.3127
v 0.008 		1.4419 		0.9975
v -0.0851 		0.9888 		0.7382
v -0.1169 		0.9715 		0.7569
v 0.3824 		0.8683 		0.6966
v 0.2284 		0.681 		1.3059
v 0.2509 		0.6798 		1.301
v 0.2621 		0.6755 		1.2961
v 0.2602 		0.6674 		1.3
v -0.0912 		0.9604 		0.7299
v 0.2691 		0.6668 		1.2907
v -0.1464 		0.9635 		0.773
v -0.1244 		0.9734 		0.7647
v -0.137 		0.9839 		0.776
v -0.1165 		0.987 		0.7632
v -0.0814 		0.6328 		1.3363
v -0.145 		0.9765 		0.7775
v 0.0052 		1.4412 		1.0103
v 0.0061 		1.4363 		1.0064
v -0.0912 		0.6353 		1.3279
v -0.0846 		0.6378 		1.3338
v -0.087 		0.6396 		1.3324
v 0.1699 		0.9128 		0.6279
v 0.1737 		0.9555 		0.626
v 0.155 		0.8862 		0.6299
v 0.1746 		0.8862 		0.6328
v 0.1718 		0.9035 		0.6289
v -0.0949 		0.6415 		1.3279
v -0.0921 		0.6384 		1.3289
v -0.0701 		0.6285 		1.3373
v -0.064 		0.6291 		1.3525
v -0.0729 		0.6316 		1.3569
v -0.0729 		0.6297 		1.3412
v -0.0556 		0.6267 		1.2672
v -0.0734 		0.6248 		1.275
v -0.0828 		0.626 		1.2936
v -0.109 		0.6372 		1.3279
v -0.0931 		0.6285 		1.3162
v -0.1118 		0.6328 		1.3221
v -0.0959 		0.6328 		1.326
v -0.1024 		0.6341 		1.325
v 0.3412 		0.8936 		0.6691
v -0.0135 		0.6501 		1.073
v 0.0057 		0.6514 		1.0657
v -0.0851 		0.6563 		0.9755
v -0.0785 		0.6563 		0.9471
v 0.3477 		0.9326 		0.674
v 0.3393 		0.9561 		0.6681
v 0.0431 		0.6489 		1.0843
v 0.0314 		0.6433 		1.1005
v 0.0029 		0.6464 		1.0863
v 0.0132 		0.6495 		1.0814
v -0.0514 		0.6563 		0.9147
v -0.0439 		0.6557 		0.9118
v -0.0271 		0.6557 		0.9186
v -0.2138 		1.3485 		1.473
v -0.0112 		0.6464 		1.0824
v -0.0804 		0.6526 		0.9206
v -0.1108 		0.6557 		0.9534
v -0.0673 		0.6501 		0.9059
v -0.0888 		0.6545 		0.9304
v -0.2044 		1.3213 		1.4779
v -0.1979 		1.3263 		1.4838
v -0.1993 		1.3343 		1.4843
v -0.3036 		1.3986 		1.2191
v -0.0701 		0.6551 		0.9186
v -0.0566 		0.6532 		0.9025
v -0.3317 		1.3893 		1.1995
v -0.3092 		1.3807 		1.2221
v -0.3074 		1.3869 		1.226
v 0.3215 		0.9524 		0.6564
v 0.3169 		0.8955 		0.6544
v 0.0005 		1.44 		1.0328
v 0.0033 		1.4406 		1.0201
v 0.3131 		0.8844 		0.6544
v 0.0038 		1.4375 		1.0225
v 0.3229 		0.9369 		0.6608
v 0.3295 		0.9239 		0.6627
v -0.0041 		1.4443 		1.0338
v -0.021 		1.4505 		1.0358
v 0.293 		0.9585 		0.6422
v 0.2991 		0.9381 		0.6456
v -0.0355 		1.4684 		1.0157
v -0.0233 		1.4592 		1.0118
v 0.2757 		0.9048 		0.6417
v 0.2729 		0.8807 		0.6417
v 0.2916 		0.9196 		0.6456
v 0.2977 		0.9066 		0.648
v -0.0121 		1.4548 		1.001
v -0.0991 		0.652 		0.9343
v -0.0963 		0.6477 		0.9265
v 0.3473 		0.8665 		0.6725
v 0.3389 		0.8683 		0.6686
v -0.1478 		0.7218 		1.0363
v 0.3749 		0.8436 		0.6328
v 0.0487 		0.6477 		1.1029
v -0.1216 		0.7583 		1.0422
v -0.1085 		0.7558 		1.0294
v -0.1048 		0.7478 		1.0255
v 0.1587 		0.94 		0.6328
v 0.1461 		0.919 		0.6353
v 0.0024 		0.652 		1.0211
v -0.2044 		1.3152 		1.475
v -0.0472 		0.6532 		1.0583
v -0.0425 		0.6464 		1.0779
v -0.1969 		1.2805 		1.4868
v -0.0556 		0.6538 		1.0583
v -0.2966 		1.3566 		1.2049
v 0.1727 		0.8683 		0.6338
v 0.1793 		0.851 		0.6348
v -0.0561 		0.6483 		1.0735
v 0.1596 		0.8695 		0.6328
v -0.0683 		0.6501 		1.0696
v 0.1512 		0.8627 		0.6338
v 0.1713 		0.8424 		0.6353
v -0.1108 		0.6569 		0.9897
v -0.1455 		0.6433 		1.0083
v -0.2012 		1.2979 		1.4765
v -0.2091 		1.2898 		1.4711
v -0.1207 		0.6563 		1.0265
v -0.1338 		0.6545 		1
v -0.2269 		1.3473 		1.4544
v -0.1282 		0.6545 		1.0392
v -0.233 		1.3529 		1.4363
v -0.2297 		1.3454 		1.4436
v -0.1319 		0.6489 		1.0451
v -0.2339 		1.3424 		1.4216
v -0.2302 		1.3356 		1.4373
v -0.232 		1.3232 		1.4324
v -0.137 		0.6532 		1.0103
v -0.1815 		0.7132 		0.9873
v -0.2292 		1.3337 		1.45
v -0.2278 		1.3288 		1.4534
v -0.1618 		0.72 		0.9804
v -0.2264 		1.3238 		1.4529
v -0.1267 		0.6563 		0.9819
v -0.1398 		0.647 		0.9848
v -0.2325 		1.3164 		1.4328
v -0.1314 		0.6551 		0.9877
v -0.1211 		0.6557 		0.9672
v -0.1249 		0.6495 		0.9593
v -0.2405 		1.2935 		1.4324
v -0.2339 		1.3102 		1.4324
v -0.2391 		1.3047 		1.424
v -0.2236 		1.309 		1.452
v -0.0313 		1.4876 		0.9534
v -0.0182 		1.474 		0.9495
v -0.2227 		1.2985 		1.4549
v -0.0439 		1.503 		0.9696
v -0.2353 		1.2898 		1.4417
v -0.0495 		1.508 		1.0137
v -0.3158 		1.3757 		1.2054
v -0.3111 		1.3943 		1.2181
v -0.0453 		1.4876 		1.0064
v -0.1492 		0.7231 		0.8975
v -0.3471 		1.4023 		1.1745
v -0.3495 		1.406 		1.1681
v -0.3397 		1.4153 		1.1745
v -0.1544 		0.7496 		0.8931
v -0.1511 		0.7311 		0.9005
v -0.0495 		1.4981 		1.0118
v -0.1572 		0.783 		0.8324
v -0.1487 		0.7688 		0.8275
v -0.0458 		1.4956 		0.9912
v 0.3623 		0.8473 		0.652
v -0.0364 		1.4758 		0.999
v 0.3426 		0.8504 		0.6696
v -0.0313 		1.4758 		0.9848
v -0.0491 		1.5117 		0.9966
v -0.013 		1.4363 		0.9392
v 0.2588 		0.7212 		1.2279
v 0.2631 		0.7101 		1.252
v 0.264 		0.7157 		1.2275
v -0.0074 		1.4561 		0.9833
v -0.0247 		1.4734 		0.9701
v 0.2457 		0.7212 		1.2417
v -0.1628 		0.775 		0.8941
v -0.1684 		0.7873 		0.8775
v 0.1521 		0.8491 		0.6377
v 0.2373 		0.7095 		1.2828
v 0.242 		0.7002 		1.2868
v -0.1717 		0.7991 		0.8711
v 0.1657 		0.8182 		0.6373
v 0.2237 		0.7076 		1.2902
v -0.1703 		0.7929 		0.8912
v -0.1665 		0.7843 		0.8941
v 0.1498 		0.8114 		0.6412
v 0.1521 		0.8047 		0.6407
v 0.228 		0.7206 		1.2672
v -0.1361 		0.7274 		0.8475
v 0.2242 		0.7181 		1.276
v 0.009 		1.4499 		0.9662
v 0.0108 		1.448 		0.9593
v 0.0094 		1.4412 		0.9637
v 0.0071 		1.4369 		0.9662
v 0.1929 		0.647 		1.2176
v -0.0013 		1.4616 		0.9475
v 0.0015 		1.4561 		0.9603
v -0.2283 		1.2861 		1.4529
v 0.2294 		0.6662 		1.3157
v 0.2167 		0.6724 		1.3172
v -0.2157 		1.3356 		1.473
v -0.2208 		1.343 		1.4667
v -0.013 		1.4641 		0.9637
v 0.2172 		0.6637 		1.3196
v 0.2134 		0.6557 		1.3225
v -0.3429 		1.4332 		1.1985
v 0.2322 		0.6464 		1.3196
v 0.2177 		0.6446 		1.3211
v -0.3481 		1.4307 		1.1676
v -0.0945 		0.6433 		1.0794
v -0.0809 		0.6526 		1.0642
v -0.0823 		0.6551 		1.0402
v 0.2205 		0.6897 		1.3054
v -0.3443 		1.4147 		1.1686
v 0.1957 		0.6835 		1.3147
v -0.334 		1.4079 		1.1833
v -0.0912 		0.6526 		1.0632
v 0.1695 		0.6977 		1.302
v 0.1629 		0.6909 		1.3078
v 0.1835 		0.6903 		1.3069
v 0.1816 		0.6977 		1.299
v -0.1122 		0.6458 		1.0696
v -0.3233 		1.3615 		1.1642
v 0.1723 		0.6835 		1.3108
v -0.1169 		0.6551 		1.049
v 0.3833 		0.8139 		0.6044
v 0.3899 		0.83 		0.6113
v -0.3046 		1.3553 		1.1613
v 0.3777 		0.8195 		0.6083
v -0.32 		1.3627 		1.1333
v -0.3069 		1.3584 		1.1461
v 0.3772 		0.8356 		0.6206
v 0.3599 		0.8176 		0.6142
v -0.3284 		1.3627 		1.1392
v 0.1465 		0.8281 		0.6426
v 0.2092 		0.6798 		1.3162
v 0.1891 		0.6656 		1.3235
v 0.183 		0.6823 		1.3132
v 0.1367 		0.8121 		0.6451
v -0.3153 		1.3609 		1.1804
v 0.1938 		0.678 		1.3186
v -0.3317 		1.3708 		1.1721
v -0.3406 		1.3757 		1.1686
v 0.0838 		0.9221 		0.6485
v 0.1868 		0.6495 		1.324
v 0.1957 		0.6545 		1.3255
v 0.2055 		0.6446 		1.324
v 0.1718 		0.66 		1.3201
v 0.1723 		0.6724 		1.3167
v -0.0388 		1.5049 		1.073
v -0.1272 		1.275 		1.5431
v -0.0449 		1.4771 		1.0245
v 0.1718 		0.6446 		1.3211
v -0.0444 		1.4876 		1.0799
v -0.0481 		1.4987 		1.0475
v -0.1478 		0.7459 		0.8588
v -0.1398 		0.7416 		0.8387
v -0.0472 		1.4894 		1.0672
v 0.1704 		0.7113 		1.2892
v 0.1395 		0.72 		1.2765
v 0.1526 		0.7218 		1.2745
v 0.0908 		0.9412 		0.6461
v 0.0918 		0.9585 		0.652
v -0.13 		1.2639 		1.5461
v -0.1539 		1.262 		1.5289
v 0.3599 		0.8084 		0.6093
v -0.1221 		0.6526 		1.0544
v -0.16 		1.1687 		1.5294
v 0.3936 		0.8399 		0.6191
v 0.0324 		0.6273 		1.1299
v -0.0074 		0.6248 		1.1225
v -0.1464 		0.7336 		0.873
v 0.3861 		0.8034 		0.6034
v 0.0441 		0.6396 		1.1167
v 0.3702 		0.8022 		0.6054
v -0.1558 		1.16 		1.526
v 0.0216 		0.6229 		1.1363
v 0.009 		0.6229 		1.1309
v -0.1094 		1.1199 		1.4804
v -0.1005 		1.1254 		1.5201
v -0.1076 		1.1229 		1.4863
v 0.1171 		0.9524 		0.6431
v 0.1405 		0.9004 		0.6324
v 0.1147 		0.9134 		0.6377
v -0.123 		0.7367 		0.8162
v 0.3412 		0.8207 		0.6289
v 0.1063 		0.9202 		0.6397
v -0.0907 		1.1186 		1.4941
v -0.05 		1.4746 		1.0799
v 0.3375 		0.8053 		0.6162
v -0.1258 		1.1378 		1.5309
v -0.0509 		1.4888 		1.0466
v -0.0505 		1.4857 		1.0578
v -0.1441 		1.1495 		1.5304
v -0.1408 		1.1446 		1.5181
v -0.137 		1.1489 		1.5426
v -0.1277 		1.1446 		1.5475
v 0.322 		0.851 		0.6657
v -0.1427 		1.1427 		1.5034
v 0.3267 		0.8417 		0.6676
v 0.0941 		0.893 		0.6417
v 0.3155 		0.8763 		0.6578
v 0.3211 		0.859 		0.6647
v 0.3164 		0.8337 		0.6657
v 0.3159 		0.8127 		0.6525
v -0.182 		1.16 		1.5015
v -0.1717 		1.1693 		1.5162
v -0.1721 		1.1594 		1.5059
v -0.1656 		1.1631 		1.5147
v -0.0509 		1.4833 		1.0466
v -0.0514 		1.4752 		1.0637
v 0.3173 		0.8269 		0.6647
v 0.3253 		0.8263 		0.6603
v 0.3281 		0.8349 		0.6662
v -0.1352 		1.1297 		1.4819
v 0.1461 		0.7212 		1.2745
v -0.3551 		1.3899 		1.1721
v -0.1539 		1.1186 		1.4662
v -0.1352 		1.1217 		1.4721
v -0.3476 		1.3881 		1.1799
v -0.0505 		1.4777 		1.048
v -0.1614 		1.1236 		1.4652
v 0.3328 		0.838 		0.6662
v -0.1689 		0.7997 		0.9064
v -0.159 		0.7719 		0.9088
v -0.0177 		0.6229 		1.1382
v -0.1539 		0.788 		0.9309
v 0.3248 		0.8306 		0.6647
v -0.0172 		0.6236 		1.1319
v -0.0299 		0.6236 		1.1353
v 0.279 		0.8541 		0.6441
v 0.3005 		0.8615 		0.6539
v -0.1188 		1.1205 		1.4755
v -0.1291 		1.1254 		1.4765
v 0.2911 		0.8436 		0.6539
v -0.153 		0.7262 		0.9417
v -0.1525 		0.7255 		0.9294
v 0.2977 		0.8034 		0.6598
v -0.1492 		0.7398 		0.9299
v 0.2733 		0.8362 		0.6461
v -0.0304 		1.4487 		1.0603
v 0.2949 		0.8152 		0.6608
v -0.1539 		1.152 		1.5113
v -0.0196 		1.4443 		1.0569
v -0.1576 		1.1489 		1.5005
v 0.2996 		0.8084 		0.6618
v -0.0411 		1.4647 		1.0412
v -0.1511 		0.7286 		0.925
v -0.2966 		1.3529 		1.1765
v -0.2784 		1.3461 		1.2015
v -0.0238 		0.626 		1.1466
v -0.2901 		1.3504 		1.1961
v -0.1721 		1.1353 		1.4706
v 0.0726 		0.9029 		0.6525
v 0.1882 		0.7144 		1.2794
v -0.1539 		1.1304 		1.475
v 0.1498 		0.6977 		1.299
v -0.1389 		1.1378 		1.4946
v -0.0294 		0.6254 		1.1466
v 0.1409 		0.6878 		1.3054
v -0.0009 		0.6248 		1.148
v 0.0071 		0.6236 		1.1485
v 0.1245 		0.6878 		1.3225
v 0.1241 		0.6977 		1.3162
v 0.118 		0.7107 		1.3137
v -0.1983 		1.1396 		1.4676
v -0.1937 		1.1501 		1.4843
v 0.1161 		0.7218 		1.3098
v -0.0055 		0.6285 		1.15
v -0.1852 		1.1211 		1.4529
v -0.1848 		1.1297 		1.4583
v -0.035 		0.6242 		1.1446
v -0.007 		0.6353 		1.1623
v -0.0336 		0.6347 		1.1588
v -0.3551 		1.4307 		1.1574
v -0.3673 		1.3955 		1.1544
v 0.0005 		0.6322 		1.1554
v -0.0126 		0.6322 		1.1534
v -0.2082 		1.1322 		1.4505
v -0.2021 		1.1248 		1.4451
v -0.372 		1.4276 		1.1328
v -0.3748 		1.411 		1.1348
v -0.3542 		1.4221 		1.1554
v -0.2161 		1.1211 		1.4314
v -0.233 		1.1402 		1.4461
v -0.364 		1.4159 		1.1451
v -0.3397 		1.3665 		1.1422
v -0.3588 		1.3714 		1.1289
v -0.3696 		1.3739 		1.1127
v -0.2203 		1.1273 		1.4338
v -0.0369 		1.4505 		1.0681
v -0.3481 		1.3708 		1.1147
v -0.0458 		1.4672 		1.05
v -0.3481 		1.3689 		1.1265
v -0.2391 		1.1322 		1.4201
v -0.0472 		1.4647 		1.0623
v -0.2306 		1.1279 		1.423
v 0.2785 		0.8121 		0.6564
v -0.0495 		1.4616 		1.0794
v -0.1478 		0.7336 		0.9392
v 0.2757 		0.8275 		0.6505
v -0.152 		0.7255 		0.9172
v 0.4282 		1.0976 		0.9525
v 0.417 		1.1155 		0.9485
v -0.3158 		1.3683 		1.1181
v -0.1193 		1.5 		1.0652
v -0.3308 		1.3683 		1.1181
v -0.3406 		1.3745 		1.1
v -0.116 		1.5055 		1.0451
v -0.1567 		0.7571 		0.9064
v -0.3504 		1.3751 		1.1544
v -0.378 		1.3776 		1.1245
v -0.1473 		0.7472 		0.9387
v -0.3729 		1.3788 		1.1368
v -0.3748 		1.3838 		1.1446
v -0.3813 		1.3887 		1.1377
v -0.3612 		1.385 		1.1618
v -0.1207 		1.4449 		1.05
v -0.1132 		1.4363 		1.0373
v -0.3776 		1.3899 		1.1426
v -0.1104 		0.6977 		0.8412
v -0.1113 		0.6915 		0.849
v -0.1183 		0.6971 		0.8534
v 0.0768 		0.9511 		0.6539
v -0.0233 		0.6335 		1.1549
v -0.4075 		1.4097 		1.0936
v -0.1305 		0.699 		0.8662
v -0.131 		0.7051 		0.8647
v -0.0402 		0.6236 		1.1304
v -0.123 		0.6946 		0.8583
v -0.3897 		1.4004 		1.1221
v -0.0617 		0.626 		1.1176
v -0.0509 		0.6254 		1.1191
v -0.3808 		1.4221 		1.1216
v -0.3888 		1.4252 		1.1123
v -0.0374 		0.6248 		1.1216
v -0.3532 		1.3807 		1.0838
v -0.1403 		0.7157 		0.8745
v -0.1431 		0.7113 		0.8824
v -0.3715 		1.3825 		1.0775
v -0.1501 		0.7008 		0.8858
v -0.1525 		0.7163 		0.9049
v -0.1604 		0.6983 		0.8946
v -0.3818 		1.3763 		1.1049
v -0.0041 		0.6353 		1.1044
v -0.0327 		0.6316 		1.1088
v -0.0177 		0.6297 		1.1127
v -0.1782 		1.2583 		1.5162
v 0.4282 		1.1075 		0.9319
v 0.4109 		1.1056 		0.9755
v 0.4315 		1.0877 		0.9569
v -0.1946 		1.2305 		1.5176
v -0.174 		1.2435 		1.5255
v -0.1983 		1.2194 		1.5167
v -0.1436 		1.2311 		1.5505
v 0.0221 		0.953 		0.6721
v 0.4381 		1.0834 		0.9412
v 0.0188 		0.9307 		0.6745
v 0.0328 		0.9276 		0.6676
v -0.16 		1.2416 		1.5343
v 0.1325 		0.6953 		1.3005
v 0.1269 		0.6983 		1.3074
v -0.138 		0.707 		0.875
v 0.1372 		0.7033 		1.2926
v -0.174 		1.2144 		1.5294
v -0.0762 		1.4394 		1.2103
v -0.0748 		1.4579 		1.1873
v -0.0584 		1.4468 		1.1828
v 0.133 		0.6903 		1.3039
v -0.0678 		1.4592 		1.1799
v 0.1386 		0.715 		1.2814
v -0.0608 		1.4548 		1.1775
v -0.0486 		1.4573 		1.1529
v -0.0566 		1.4363 		1.1907
v 0.1447 		0.6823 		1.3103
v 0.1475 		0.6538 		1.3191
v -0.0949 		1.4443 		1.2142
v -0.0893 		1.4542 		1.1995
v -0.1628 		1.2218 		1.5363
v -0.1852 		1.2002 		1.5225
v 0.1273 		0.6718 		1.3235
v 0.1325 		0.6705 		1.3132
v 0.1334 		0.652 		1.3191
v 0.1316 		0.6823 		1.3093
v 0.0253 		0.919 		0.6686
v 0.0033 		0.9159 		0.6779
v 0.1297 		0.6446 		1.3299
v 0.1292 		0.6625 		1.3225
v 0.0295 		0.9011 		0.6672
v -0.1417 		1.1965 		1.5632
v 0.2836 		0.6402 		1.2618
v 0.2752 		0.6335 		1.2755
v 0.2818 		0.631 		1.2559
v 0.2836 		0.6291 		1.248
v -0.0725 		0.749 		1.2397
v 0.2682 		0.6254 		1.2623
v 0.2687 		0.6304 		1.2784
v -0.1188 		0.6483 		0.8569
v -0.1314 		0.6582 		0.8632
v 0.0426 		0.8986 		0.6642
v 0.0272 		0.8899 		0.6706
v 0.0104 		0.8986 		0.6784
v -0.1005 		0.6674 		0.8407
v 0.0019 		0.9011 		0.6804
v 0.2345 		0.6297 		1.3093
v 0.2368 		0.6378 		1.3167
v 0.242 		0.6285 		1.3025
v 0.2551 		0.6365 		1.3054
v 0.2593 		0.6365 		1.301
v 0.2612 		0.6316 		1.2922
v 0.242 		0.6254 		1.2917
v -0.1155 		0.707 		0.8338
v 0.2691 		0.6396 		1.2907
v -0.1422 		0.6946 		0.8735
v -0.152 		0.6866 		0.8789
v -0.0495 		1.4468 		1.1627
v 0.2387 		0.6242 		1.2353
v 0.2471 		0.6242 		1.2255
v -0.1249 		0.7076 		0.8505
v 0.2635 		0.6229 		1.2407
v 0.2729 		0.6236 		1.2368
v -0.1366 		0.6662 		0.8647
v -0.1441 		0.6514 		0.8735
v 0.2022 		0.6254 		1.2784
v 0.2209 		0.6248 		1.2961
v 0.2284 		0.6254 		1.2961
v -0.152 		0.6594 		0.8779
v 0.2092 		0.6254 		1.274
v 0.2013 		0.6267 		1.2618
v 0.2186 		0.6347 		1.226
v 0.2392 		0.6304 		1.2113
v -0.1618 		0.6773 		0.8863
v 0.1872 		0.6285 		1.2618
v 0.1774 		0.639 		1.2397
v 0.4348 		1.0982 		0.9338
v 0.4371 		1.0939 		0.9108
v 0.4395 		1.0784 		0.9368
v 0.2261 		0.6335 		1.3162
v 0.4413 		1.0754 		0.9279
v 0.2158 		0.6322 		1.3172
v 0.4577 		1.0432 		0.9353
v 0.4488 		1.0587 		0.9142
v 0.1933 		0.6254 		1.2809
v 0.2064 		0.6254 		1.3015
v 0.2032 		0.6372 		1.3225
v 0.1961 		0.6279 		1.3123
v -0.1778 		0.7132 		0.9441
v 0.1858 		0.6322 		1.3181
v -0.1618 		0.7089 		0.9098
v 0.1975 		0.626 		1.3029
v 0.1882 		0.6384 		1.3225
v -0.1689 		0.699 		0.9034
v -0.159 		0.7138 		0.9137
v -0.1104 		0.7805 		1.249
v -0.1174 		0.7793 		1.2417
v -0.1277 		0.7836 		1.2446
v -0.188 		0.7021 		0.9294
v -0.1169 		0.7707 		1.2363
v -0.1951 		0.7064 		0.9858
v -0.1937 		0.7076 		0.9794
v -0.1071 		0.7669 		1.2387
v -0.401 		1.3813 		1.0926
v -0.2096 		0.6922 		0.9569
v -0.3883 		1.385 		1.1275
v -0.4056 		1.3844 		1.0995
v -0.2007 		0.7021 		0.9623
v -0.2002 		0.6983 		0.9451
v -0.4061 		1.398 		1.0373
v -0.4314 		1.3955 		1.0549
v -0.1787 		0.715 		0.9598
v -0.1796 		0.7144 		0.9696
v -0.4286 		1.4301 		1.0578
v -0.3883 		1.4011 		1.0441
v -0.1698 		0.6872 		0.8966
v -0.1857 		0.6872 		0.9103
v -0.2096 		0.6878 		0.9431
v -0.1862 		0.6922 		0.9147
v -0.1974 		0.6891 		0.9245
v -0.4304 		1.4153 		1.0608
v -0.4127 		1.4258 		1.0804
v -0.1983 		0.6798 		0.9176
v -0.1974 		0.6545 		0.9137
v -0.1918 		0.6477 		0.9088
v -0.1703 		0.6613 		0.8941
v -0.1918 		0.6637 		0.9108
v -0.4103 		1.3912 		1.0495
v 0.0628 		0.8906 		0.6559
v -0.4197 		1.3918 		1.0495
v -0.4164 		1.3875 		1.0637
v -0.1731 		0.644 		0.8951
v -0.3949 		1.3831 		1.0725
v -0.0982 		1.4932 		1.1451
v -0.1787 		0.652 		0.9
v -0.0842 		1.4752 		1.1706
v -0.0678 		1.4981 		1.1358
v -0.0608 		1.4876 		1.1451
v -0.1043 		1.4783 		1.1632
v -0.1464 		1.1668 		1.5495
v -0.1689 		1.1903 		1.5289
v -0.1066 		0.7768 		1.2441
v -0.0931 		0.7694 		1.2426
v 0.1245 		0.8547 		0.6353
v 0.1283 		0.8442 		0.6373
v 0.4451 		1.063 		0.9368
v 0.0852 		0.8467 		0.6441
v 0.4413 		1.0686 		0.9407
v 0.0894 		0.8566 		0.6426
v -0.086 		0.7657 		1.2412
v -0.4276 		1.393 		1.0637
v -0.4141 		1.3881 		1.0887
v 0.111 		0.8708 		0.6358
v -0.1689 		1.1823 		1.525
v -0.4159 		1.3893 		1.0877
v -0.4131 		1.3918 		1.0926
v -0.4187 		1.3881 		1.073
v -0.4258 		1.3936 		1.0716
v -0.2161 		1.228 		1.502
v -0.2189 		1.2441 		1.4951
v -0.233 		1.2157 		1.4882
v 0.0773 		0.864 		0.6456
v -0.233 		1.2527 		1.4745
v -0.2138 		1.2719 		1.4819
v 0.4329 		1.0735 		0.9593
v -0.0486 		1.4678 		1.1461
v -0.4384 		1.4153 		1.0005
v -0.4426 		1.4116 		1.0088
v -0.2124 		1.2626 		1.4902
v -0.43 		1.4066 		1.0142
v -0.4099 		1.4048 		1.0255
v -0.4155 		1.4103 		1.0167
v 0.1376 		0.8714 		0.6324
v -0.4552 		1.4221 		1.0211
v -0.4379 		1.4227 		1.048
v -0.2133 		1.2101 		1.5078
v -0.4473 		1.4097 		1.0353
v -0.4538 		1.4171 		1.0225
v 0.1381 		0.8572 		0.6338
v -0.4435 		1.4097 		1.0147
v -0.4482 		1.411 		1.0206
v -0.0678 		1.4715 		1.1672
v -0.4276 		1.398 		1.0382
v -0.086 		1.4697 		1.1775
v -0.0987 		1.4635 		1.1887
v -0.1165 		1.4734 		1.1623
v -0.1066 		1.4709 		1.1755
v -0.4379 		1.4023 		1.0529
v -0.1118 		1.466 		1.1809
v -0.4421 		1.4202 		0.9926
v -0.2086 		0.665 		0.9255
v -0.4552 		1.4289 		0.9828
v -0.2058 		0.6477 		0.9196
v -0.451 		1.4171 		1.0029
v -0.1225 		1.4604 		1.1794
v -0.2269 		0.6452 		0.9446
v -0.218 		0.678 		0.9529
v -0.4623 		1.427 		0.999
v -0.1267 		1.453 		1.1868
v -0.1085 		1.4604 		1.1922
v -0.1408 		0.7923 		1.2779
v 0.1367 		0.8343 		0.6422
v -0.094 		0.6267 		0.9025
v -0.08 		0.6279 		0.8926
v -0.0631 		0.6279 		0.8799
v -0.1076 		0.7608 		1.2382
v -0.123 		0.7391 		1.2387
v -0.0842 		0.6248 		0.8814
v -0.1141 		0.728 		1.2451
v -0.115 		0.7336 		1.2422
v -0.0753 		0.6248 		0.877
v 0.0806 		0.8207 		0.648
v 0.1086 		0.8368 		0.6441
v 0.1273 		0.8084 		0.6451
v -0.0673 		0.6335 		0.8912
v -0.0888 		0.7311 		1.2441
v -0.0917 		0.7404 		1.2412
v -0.0842 		0.7595 		1.2402
v 0.1208 		0.8145 		0.6471
v 0.0913 		0.8368 		0.6456
v 0.431 		1.1044 		0.9005
v -0.2377 		1.2033 		1.4824
v 0.1054 		0.8071 		0.6485
v -0.1005 		0.7237 		1.2475
v -0.218 		1.1971 		1.502
v -0.1394 		0.7669 		1.2235
v -0.1333 		0.7626 		1.227
v 0.1222 		0.825 		0.6456
v -0.1356 		0.7787 		1.2314
v -0.109 		1.4567 		1.1966
v -0.2522 		1.2725 		1.4377
v -0.1366 		0.7725 		1.2265
v -0.247 		1.2521 		1.4569
v -0.2498 		1.2583 		1.451
v -0.1576 		0.7744 		1.2074
v 0.0904 		0.8121 		0.6505
v -0.137 		0.7836 		1.2368
v 0.1007 		0.8269 		0.6485
v 0.3997 		1.1087 		0.9971
v -0.152 		0.7886 		1.223
v 0.0749 		0.8374 		0.6451
v 0.4877 		0.7997 		0.6725
v 0.476 		0.7515 		0.6721
v -0.1464 		0.7849 		1.227
v 0.4844 		0.7812 		0.6711
v 0.504 		0.7867 		0.7152
v -0.1403 		0.7873 		1.2422
v 0.5003 		0.7873 		0.7015
v 0.4872 		0.7496 		0.6887
v -0.1464 		0.788 		1.2319
v 0.0773 		0.804 		0.6525
v 0.4966 		0.7768 		0.6946
v -0.1609 		0.7954 		1.2284
v -0.2522 		1.2274 		1.4593
v -0.1731 		0.8003 		1.2206
v 0.0731 		0.8782 		0.649
v -0.2573 		1.2107 		1.4549
v 0.0558 		0.8436 		0.6505
v 0.0464 		0.8801 		0.6603
v 0.0483 		0.8597 		0.6544
v 0.0417 		0.8504 		0.6583
v -0.1544 		0.7917 		1.2265
v -0.1118 		1.4357 		1.226
v -0.1586 		0.7552 		1.2083
v -0.1506 		0.7503 		1.2176
v -0.109 		1.4437 		1.2172
v -0.1408 		0.7447 		1.227
v -0.1614 		0.7342 		1.2132
v -0.2264 		1.1786 		1.4882
v -0.2054 		1.1662 		1.4966
v -0.21 		1.1829 		1.5034
v -0.2217 		1.1477 		1.4686
v -0.1263 		1.4375 		1.2167
v 0.1596 		0.6291 		1.3123
v -0.1263 		1.44 		1.2118
v -0.1188 		1.4505 		1.202
v 0.162 		0.6322 		1.3167
v 0.1638 		0.6267 		1.2676
v 0.1779 		0.626 		1.2696
v 0.1559 		0.6267 		1.2681
v -0.2545 		1.1526 		1.4373
v -0.262 		1.1699 		1.4412
v -0.2606 		1.1847 		1.4475
v -0.1104 		1.5142 		1.0814
v -0.4604 		1.4258 		1.0108
v -0.2522 		1.1909 		1.4632
v -0.2503 		1.1637 		1.4544
v -0.1038 		1.5154 		1.0961
v -0.2465 		1.1755 		1.4642
v -0.0926 		1.5191 		1.101
v -0.261 		1.1273 		1.1833
v 0.5008 		0.7954 		0.7676
v -0.1244 		1.4826 		1.1245
v 0.4821 		0.9616 		0.9382
v 0.5008 		0.7805 		0.7775
v 0.4825 		0.961 		0.9142
v 0.4797 		0.9715 		0.9426
v 0.4821 		0.9734 		0.9137
v -0.1076 		0.6285 		0.9167
v -0.1108 		0.6409 		0.9338
v 0.5012 		0.77 		0.774
v 0.4825 		0.9487 		0.926
v 0.4806 		0.9097 		0.9211
v 0.4853 		0.7707 		0.8113
v 0.4802 		0.9456 		0.9373
v 0.4905 		0.7898 		0.7922
v 0.4877 		0.7855 		0.799
v 0.4942 		0.7781 		0.7931
v 0.4802 		0.9208 		0.9255
v 0.4895 		0.7966 		0.7873
v 0.4764 		0.8844 		0.9275
v 0.476 		0.7997 		0.7985
v 0.4961 		0.7669 		0.7892
v 0.4413 		1.0475 		1.0172
v 0.4816 		0.7305 		0.8211
v 0.4849 		0.7379 		0.8176
v 0.4222 		1.0871 		0.9755
v 0.4849 		0.7478 		0.8186
v 0.424 		1.0809 		0.9843
v 0.4091 		1.0939 		0.9941
v 0.4858 		0.7237 		0.7931
v 0.4821 		0.7237 		0.8167
v 0.425 		1.0797 		0.9745
v 0.4909 		0.7552 		0.8064
v 0.4928 		0.7447 		0.7966
v 0.4381 		1.0661 		0.9824
v 0.4474 		1.055 		0.9559
v 0.4399 		1.063 		0.9608
v 0.4671 		0.7972 		0.8882
v 0.4526 		1.0389 		0.9828
v 0.4507 		1.0389 		0.9956
v 0.4643 		0.7805 		0.9118
v 0.4652 		0.7892 		0.8902
v 0.4685 		0.7966 		0.9142
v 0.4507 		1.0463 		0.9632
v 0.4587 		0.7657 		0.9029
v 0.4582 		0.775 		0.8789
v 0.4306 		1.058 		1.0294
v 0.454 		0.7645 		0.8814
v 0.4184 		1.0537 		1.0578
v -0.2362 		1.165 		1.4721
v 0.3894 		1.0618 		1.0765
v 0.4025 		1.0655 		1.0618
v 0.4011 		1.055 		1.076
v -0.2442 		1.1464 		1.4441
v -0.2409 		1.1576 		1.4623
v 0.3955 		1.0513 		1.0828
v 0.3842 		1.0482 		1.0917
v 0.3908 		1.0482 		1.0877
v -0.1866 		1.4202 		1.3348
v -0.2161 		1.4128 		1.3353
v 0.4114 		1.0438 		1.075
v -0.1576 		1.4221 		1.3113
v 0.4044 		1.0432 		1.0814
v 0.4119 		1.0519 		1.0696
v -0.1866 		1.4208 		1.3093
v -0.1988 		1.419 		1.3191
v -0.1207 		1.4851 		1.1333
v -0.1179 		1.4969 		1.1108
v -0.1155 		1.4932 		1.127
v 0.388 		1.1161 		1.0103
v 0.4189 		1.0784 		1.0123
v 0.4105 		1.0834 		1.0181
v -0.1066 		1.5018 		1.1235
v 0.3959 		1.097 		1.0167
v -0.1165 		1.4833 		1.1456
v -0.1759 		1.4196 		1.2824
v -0.1193 		1.4777 		1.1505
v -0.2026 		1.4246 		1.2701
v -0.1665 		1.4178 		1.2745
v -0.1829 		1.4171 		1.2623
v -0.0949 		1.5055 		1.125
v 0.3871 		1.0995 		1.025
v -0.2114 		1.4264 		1.2745
v 0.162 		0.626 		1.2961
v -0.2016 		1.4227 		1.2848
v 0.1517 		0.6254 		1.2794
v 0.1718 		0.6254 		1.2858
v -0.1305 		1.4684 		1.1172
v -0.1604 		0.7249 		1.2221
v -0.1492 		0.7305 		1.2279
v -0.1478 		0.7249 		1.2343
v -0.1352 		1.4487 		1.1191
v -0.13 		1.4684 		1.1324
v -0.1286 		1.4635 		1.1564
v -0.1324 		1.4524 		1.1691
v -0.2213 		1.4134 		1.3162
v -0.2339 		1.4215 		1.2853
v -0.2306 		1.4246 		1.2809
v -0.2419 		1.406 		1.3015
v -0.1398 		0.7262 		1.2377
v -0.2381 		1.4054 		1.3123
v -0.1389 		1.4351 		1.1672
v -0.232 		1.4147 		1.299
v -0.2255 		1.419 		1.2931
v -0.1375 		1.4412 		1.1539
v 0.1227 		0.6273 		1.3118
v -0.1356 		1.4505 		1.1392
v 0.1376 		0.6254 		1.2951
v 0.1358 		0.6273 		1.3069
v -0.1324 		0.6946 		1.2917
v -0.123 		0.6971 		1.2858
v -0.101 		0.7058 		1.2667
v -0.007 		0.8714 		0.6828
v 0.0099 		0.8504 		0.673
v 0.1339 		0.6297 		1.3147
v 0.1344 		0.6341 		1.3201
v 0.0033 		0.8436 		0.6848
v 0.1409 		0.6328 		1.3172
v 0.1498 		0.6328 		1.3167
v 0.0305 		0.8695 		0.6642
v 0.1479 		0.6378 		1.3186
v 0.0094 		0.8627 		0.6725
v -0.1244 		0.6273 		0.9284
v 0.015 		0.8794 		0.6745
v 0.1348 		0.6384 		1.3206
v 0.0239 		0.8454 		0.6662
v -0.2002 		1.4202 		1.301
v 0.4652 		0.788 		0.9206
v -0.2475 		1.3986 		1.3025
v 0.1044 		0.7688 		1.324
v -0.1572 		0.6322 		1.0235
v 0.0693 		0.8288 		0.648
v 0.0361 		0.8133 		0.6662
v -0.1361 		0.6421 		1.0485
v 0.0534 		0.8114 		0.6588
v 0.0422 		0.8275 		0.6618
v 0.4507 		0.7527 		0.8936
v 0.4451 		0.7422 		0.8995
v -0.1483 		0.6347 		0.9701
v -0.1394 		0.6353 		0.9588
v -0.1211 		0.6396 		0.9436
v 0.453 		0.7843 		0.848
v -0.137 		0.6291 		0.9436
v -0.1366 		0.6267 		0.9363
v -0.1277 		0.631 		0.9387
v -0.0013 		0.8226 		0.6877
v 0.0104 		0.8288 		0.6814
v 0.015 		0.8108 		0.6804
v 0.001 		0.8071 		0.6892
v 0.0052 		0.8133 		0.6848
v 0.0122 		0.8362 		0.6775
v 0.0235 		0.8053 		0.6765
v -0.1478 		0.6279 		0.951
v 0.0258 		0.8281 		0.6701
v -0.1492 		0.6396 		1.0005
v -0.0215 		0.9116 		0.6863
v -0.021 		0.8967 		0.6848
v -0.0271 		0.9246 		0.6912
v -0.0163 		0.9487 		0.6917
v -0.0116 		0.9085 		0.6838
v -0.0402 		0.9517 		0.7049
v -0.0355 		0.8522 		0.7039
v -0.0411 		0.8436 		0.7137
v -0.0542 		0.8467 		0.7225
v -0.0238 		0.8634 		0.6907
v 0.4498 		0.7725 		0.8426
v 0.4619 		0.7663 		0.8328
v 0.4661 		0.7843 		0.8176
v 0.4521 		0.783 		0.8284
v -0.2133 		1.4165 		1.3127
v 0.4516 		0.775 		0.8338
v -0.1983 		1.4159 		1.3706
v -0.24 		1.3949 		1.3779
v -0.2302 		1.4017 		1.3873
v -0.2311 		1.4035 		1.3686
v -0.2213 		1.4091 		1.3583
v -0.2245 		1.4085 		1.3373
v -0.1179 		1.5012 		1.0892
v -0.1141 		1.508 		1.0892
v -0.1263 		1.4765 		1.0745
v -0.1263 		1.44 		1.0706
v 0.4521 		0.7929 		0.8373
v 0.4507 		0.7991 		0.8279
v -0.1305 		1.4629 		1.0936
v -0.1319 		1.4363 		1.0931
v -0.1375 		1.4363 		1.1814
v -0.2409 		1.4419 		1.1848
v -0.2348 		1.4351 		1.2608
v -0.2522 		1.4456 		1.2466
v -0.2625 		1.4375 		1.2574
v -0.2377 		1.4456 		1.2363
v -0.2447 		1.4437 		1.2475
v -0.2227 		1.4351 		1.2294
v -0.1609 		0.6279 		0.9657
v -0.1679 		0.6273 		0.974
v -0.1707 		0.6279 		1.0025
v -0.2484 		1.4511 		1.1868
v -0.2372 		1.4462 		1.2201
v -0.115 		0.7132 		1.2569
v -0.2484 		1.3671 		1.3623
v -0.2442 		1.3584 		1.3912
v -0.2437 		1.3603 		1.4093
v -0.1628 		0.6297 		0.9912
v -0.2433 		1.3776 		1.3941
v -0.1239 		0.6372 		0.8632
v -0.108 		0.6359 		0.8544
v -0.1445 		0.7132 		1.2603
v -0.086 		0.626 		0.8608
v -0.1361 		0.7212 		1.2446
v -0.1239 		0.7175 		1.2505
v -0.1202 		0.6291 		0.877
v -0.0945 		0.6242 		0.8863
v -0.0926 		0.6248 		0.8735
v -0.2405 		1.3831 		1.4088
v -0.2391 		1.4004 		1.3377
v -0.2465 		1.3955 		1.3142
v -0.2522 		1.3572 		1.3525
v -0.2536 		1.3689 		1.3402
v -0.2508 		1.3677 		1.352
v -0.2493 		1.3813 		1.3583
v -0.2461 		1.3936 		1.3422
v -0.2475 		1.3906 		1.3485
v -0.2489 		1.3881 		1.3304
v -0.2493 		1.385 		1.3368
v -0.2498 		1.3745 		1.352
v -0.2423 		1.3238 		1.4029
v -0.2414 		1.3535 		1.4157
v -0.2409 		1.3399 		1.3966
v -0.2498 		1.3448 		1.3637
v -0.2498 		1.3386 		1.3696
v -0.2451 		1.3331 		1.3892
v -0.2442 		1.3479 		1.3794
v -0.2601 		1.296 		1.4029
v -0.2433 		1.3145 		1.4088
v -0.2709 		1.2904 		1.3897
v -0.2564 		1.3114 		1.3892
v -0.2615 		1.3516 		1.3211
v -0.2596 		1.3442 		1.3328
v -0.2657 		1.3213 		1.3294
v -0.269 		1.3158 		1.3426
v -0.2601 		1.3325 		1.3382
v -0.2662 		1.3226 		1.3554
v -0.2639 		1.3213 		1.3676
v -0.2713 		1.3096 		1.3618
v -0.2779 		1.2873 		1.3539
v -0.2784 		1.2768 		1.3868
v -0.2746 		1.2911 		1.3701
v 0.4521 		0.7935 		0.8206
v 0.4638 		0.7935 		0.8103
v -0.2718 		1.3053 		1.3368
v -0.006 		0.843 		0.6917
v -0.2723 		1.2972 		1.3686
v -0.0191 		0.817 		0.6985
v -0.05 		0.8213 		0.7152
v -0.0364 		0.8238 		0.7078
v -0.0425 		0.8356 		0.7132
v -0.0187 		0.8405 		0.699
v -0.21 		1.4283 		1.2525
v 0.4507 		0.762 		0.8417
v -0.1679 		0.7138 		1.2583
v -0.145 		0.7181 		1.2461
v -0.1698 		0.7169 		1.2368
v -0.1628 		0.7194 		1.2324
v -0.182 		0.7119 		1.2505
v 0.4764 		0.728 		0.8294
v -0.159 		0.7181 		1.2422
v 0.4671 		0.7336 		0.8382
v -0.1422 		0.6396 		0.8745
v -0.1469 		0.6291 		0.8902
v 0.4591 		0.7416 		0.8436
v -0.1366 		0.6353 		0.8745
v -0.2601 		1.4641 		1.1971
v -0.2512 		1.4505 		1.2377
v -0.2676 		1.4635 		1.2186
v -0.2554 		1.4598 		1.2108
v -0.1132 		0.6248 		0.8892
v 0.4381 		0.7342 		0.8627
v -0.1572 		0.6359 		0.8853
v -0.1473 		0.6365 		0.8779
v 0.4381 		0.7348 		0.8784
v 0.4357 		0.7274 		0.8642
v -0.2713 		1.4579 		1.2304
v 0.4334 		0.7262 		0.8716
v -0.283 		1.4641 		1.223
v -0.1604 		0.6267 		0.9093
v -0.1632 		0.6254 		0.9191
v -0.276 		1.4351 		1.2549
v -0.1539 		0.6254 		0.9368
v -0.1661 		0.7669 		1.0887
v -0.1586 		0.626 		0.9525
v -0.1787 		0.7812 		1.1078
v 0.3618 		1.1124 		1.0505
v -0.1773 		0.7663 		1.1172
v 0.3754 		1.1063 		1.0304
v 0.3711 		1.0865 		1.0525
v 0.3931 		1.0791 		1.05
v 0.3819 		1.0877 		1.0441
v -0.2957 		1.4449 		1.2402
v -0.2222 		0.6297 		0.9603
v 0.3735 		1.0896 		1.0451
v -0.1927 		0.626 		0.9686
v -0.1778 		0.626 		0.9608
v -0.2873 		1.4505 		1.2402
v 0.3623 		1.084 		1.0627
v 0.3669 		1.0964 		1.0471
v -0.204 		0.6267 		0.9784
v 0.3674 		1.0778 		1.0662
v -0.2072 		0.6273 		0.9446
v -0.1609 		0.7453 		1.0863
v -0.1731 		0.7348 		1.1186
v -0.1792 		0.6347 		0.9005
v -0.1745 		0.7509 		1.1221
v -0.1979 		0.6304 		0.9211
v -0.1871 		0.6279 		0.9206
v -0.1768 		0.7373 		1.1333
v -0.1885 		0.6341 		0.9093
v -0.0781 		0.9425 		0.7181
v -0.064 		0.9493 		0.7152
v -0.0856 		0.9406 		0.723
v -0.1946 		0.6409 		0.9108
v -0.203 		0.6347 		0.9186
v -0.0832 		0.9295 		0.7245
v -0.0683 		0.9233 		0.7176
v -0.1763 		0.7997 		1.1877
v -0.1754 		0.788 		1.1819
v -0.174 		0.7719 		1.1755
v -0.1703 		0.7651 		1.1843
v -0.2133 		0.6415 		0.9235
v -0.0505 		0.9592 		0.7127
v -0.1993 		0.6279 		0.9333
v -0.1632 		0.7843 		1.2015
v -0.1721 		0.7948 		1.1931
v -0.2278 		0.639 		0.9544
v -0.1618 		0.7626 		1.202
v -0.218 		0.6304 		0.95
v -0.2119 		0.631 		0.9397
v -0.2072 		1.4215 		1.2319
v -0.203 		1.4221 		1.2441
v -0.2217 		0.6409 		0.9392
v -0.2133 		0.6359 		0.9284
v -0.2208 		1.4295 		1.2696
v -0.269 		1.3955 		1.2721
v -0.1675 		0.7948 		1.2049
v -0.2601 		1.3967 		1.2853
v -0.2718 		1.4066 		1.2681
v -0.1693 		0.7441 		1.1941
v -0.1721 		0.7262 		1.201
v -0.2573 		1.4097 		1.2814
v -0.1558 		0.7935 		0.8152
v -0.2531 		1.4029 		1.2897
v -0.1689 		0.7534 		1.1907
v -0.1647 		0.7972 		0.8343
v -0.1459 		0.788 		0.8029
v -0.0416 		0.9283 		0.7034
v -0.2704 		1.4264 		1.2627
v -0.1754 		0.7416 		1.177
v 0.4629 		1.0024 		1.0054
v 0.4558 		1.0061 		1.0176
v 0.4507 		1.0241 		1.0181
v 0.4437 		1.0364 		1.0235
v 0.4568 		1.0253 		1
v -0.1792 		0.7268 		1.177
v 0.4629 		1.0117 		0.9936
v 0.4694 		0.974 		1.0044
v -0.1806 		0.7682 		1.1431
v 0.4671 		0.9901 		1
v 0.446 		0.9944 		1.0328
v 0.4465 		0.9876 		1.0324
v -0.1843 		0.7867 		1.1363
v 0.4624 		0.9913 		1.0147
v -0.188 		0.7997 		1.149
v 0.4526 		0.9802 		1.0299
v 0.4558 		0.9647 		1.0343
v 0.4643 		0.9709 		1.0206
v -0.1778 		0.7564 		1.1608
v -0.182 		0.7268 		1.1623
v -0.1782 		0.7453 		1.1564
v 0.4694 		1 		0.976
v 0.4694 		1.0061 		0.9564
v 0.4624 		1.0339 		0.9363
v 0.4624 		1.0185 		0.9775
v -0.1792 		0.7342 		1.1466
v 0.4689 		1.0154 		0.9392
v 0.4647 		1.0123 		0.9681
v -0.1834 		0.6977 		1.1157
v 0.4718 		0.9839 		0.9804
v 0.4736 		0.9864 		0.9608
v 0.4722 		0.9691 		0.9681
v 0.4718 		0.9771 		0.9686
v -0.2414 		1.4159 		1.2892
v -0.2522 		1.4215 		1.277
v -0.2522 		1.427 		1.2711
v -0.0378 		0.8912 		0.6956
v -0.0392 		0.9134 		0.7
v -0.0233 		0.8881 		0.6863
v -0.0491 		0.8998 		0.7034
v -0.0547 		0.9103 		0.7083
v -0.1553 		0.7991 		1.0608
v -0.1539 		0.7756 		1.0672
v -0.1628 		0.7855 		1.0745
v -0.064 		0.9042 		0.7142
v -0.08 		0.8955 		0.726
v -0.1726 		0.7917 		1.0858
v -0.1773 		0.8009 		1.0887
v 0.4179 		1.0049 		1.1123
v -0.1707 		0.7787 		1.0907
v -0.1824 		0.7972 		1.102
v 0.4427 		0.9641 		1.1088
v 0.446 		0.9678 		1.0966
v 0.4456 		0.9765 		1.0873
v 0.4395 		0.9944 		1.0819
v 0.4287 		0.9956 		1.1039
v -0.1506 		0.7299 		1.0676
v -0.1473 		0.7224 		1.0564
v -0.1572 		0.7614 		1.0755
v 0.439 		0.9777 		1.1069
v -0.1511 		0.7466 		1.0691
v 0.4292 		0.9752 		1.1279
v 0.4367 		0.9721 		1.1162
v -0.1413 		0.7299 		1.0549
v -0.1384 		0.7472 		1.0569
v 0.4362 		1.0049 		1.0716
v 0.4339 		1.0253 		1.0456
v -0.1665 		0.7132 		1.05
v -0.1515 		0.7218 		1.0618
v -0.1586 		0.7212 		1.0779
v -0.1684 		0.7138 		1.0382
v 0.4353 		1.0092 		1.0598
v 0.4413 		1.0037 		1.0407
v 0.4371 		1.0074 		1.05
v -0.1614 		0.7132 		1.0819
v -0.1843 		0.6878 		1.0627
v -0.1768 		0.7033 		1.051
v 0.4175 		1.0339 		1.0706
v -0.1684 		0.6977 		1.0804
v -0.1642 		0.7045 		1.0799
v 0.4203 		1.0203 		1.0794
v -0.1895 		0.6885 		1.0505
v -0.1604 		0.7107 		1.0711
v -0.0785 		0.9184 		0.7245
v -0.116 		0.9511 		0.7471
v -0.1703 		0.7008 		1.0912
v -0.1221 		0.9289 		0.7525
v -0.0963 		0.9437 		0.7294
v -0.1094 		0.9462 		0.7402
v -0.1717 		0.6897 		1.0868
v -0.2049 		0.647 		1.0686
v -0.1969 		0.6458 		1.0828
v -0.1094 		0.9332 		0.7431
v -0.196 		0.6446 		1.0917
v -0.1296 		0.9406 		0.7593
v -0.1951 		0.6477 		1.0887
v -0.1473 		0.9388 		0.7711
v -0.1338 		0.9592 		0.7618
v -0.1927 		0.6576 		1.1029
v -0.1062 		0.911 		0.7387
v -0.1165 		0.9165 		0.7466
v -0.1188 		0.8986 		0.7529
v -0.1946 		0.6724 		1.0657
v -0.1043 		0.8899 		0.7446
v -0.1127 		0.8912 		0.7505
v -0.1895 		0.6662 		1.0799
v -0.0945 		0.8974 		0.7353
v -0.1782 		0.6755 		1.0907
v -0.1857 		0.6625 		1.0946
v -0.196 		0.6508 		1.0819
v -0.1895 		0.6582 		1.0877
v -0.1464 		0.8838 		0.775
v -0.181 		0.6674 		1.0926
v -0.1324 		0.9147 		0.7652
v -0.1389 		0.8924 		0.7691
v -0.2049 		0.6866 		1.0294
v -0.1913 		0.6996 		1.0289
v -0.2002 		0.7027 		1.001
v -0.1843 		0.7064 		1.0265
v -0.0589 		0.8788 		0.7118
v -0.203 		0.6767 		1.0451
v -0.2147 		0.6699 		1.0358
v -0.0701 		0.8448 		0.7333
v -0.0673 		0.8683 		0.7216
v -0.0776 		0.8535 		0.7363
v -0.2152 		0.6786 		1.0196
v -0.2222 		0.6631 		1.0289
v -0.0523 		0.8578 		0.7157
v -0.0439 		0.8646 		0.7039
v -0.225 		0.6458 		1.0328
v -0.2105 		0.6495 		1.0559
v -0.2124 		0.66 		1.048
v -0.0711 		0.8189 		0.7314
v -0.064 		0.8164 		0.724
v -0.0725 		0.8318 		0.7328
v -0.0589 		0.825 		0.7196
v -0.1993 		0.6588 		1.1127
v -0.0814 		0.8609 		0.7363
v -0.087 		0.8763 		0.7363
v -0.2128 		0.652 		1.1299
v -0.0982 		0.8609 		0.7461
v -0.2086 		0.6464 		1.1167
v -0.2189 		0.6452 		1.1392
v -0.1057 		0.8522 		0.7529
v -0.101 		0.8461 		0.752
v -0.2124 		0.6835 		0.9902
v -0.203 		0.6928 		0.9922
v -0.1132 		0.872 		0.7549
v -0.2138 		0.686 		0.977
v -0.2362 		0.6446 		1.0015
v -0.2297 		0.6458 		1.0172
v -0.2213 		0.6637 		1.0181
v -0.233 		0.6532 		1.0039
v -0.1062 		0.843 		0.7574
v -0.2283 		0.6644 		0.9961
v -0.2362 		0.6501 		0.9877
v -0.2189 		0.6761 		0.9922
v -0.2166 		0.6749 		1.0054
v -0.2128 		0.681 		1.0074
v -0.0987 		0.8776 		0.7446
v -0.1417 		0.8634 		0.773
v -0.1398 		0.8559 		0.775
v -0.1445 		0.8763 		0.774
v -0.2283 		0.6656 		0.9814
v -0.2316 		0.6557 		0.974
v -0.2344 		0.6446 		0.977
v -0.2199 		0.6687 		1.0108
v -0.138 		0.8498 		0.777
v -0.1165 		0.8454 		0.7662
v -0.13 		0.859 		0.7706
v -0.123 		0.8627 		0.7652
v -0.2325 		0.6458 		0.9632
v -0.16 		0.6291 		1.0402
v -0.189 		0.6267 		1.0588
v -0.1515 		0.6297 		1.0539
v -0.1436 		0.6365 		1.0456
v -0.1291 		0.8516 		0.7735
v -0.2026 		0.6365 		1.0721
v -0.1979 		0.6365 		1.0956
v -0.1988 		0.6409 		1.0985
v -0.1965 		0.6291 		1.1069
v -0.2016 		0.6328 		1.1093
v -0.1361 		0.8801 		0.7691
v -0.1979 		0.6341 		1.0858
v -0.1969 		0.6341 		1.0926
v -0.1319 		0.8695 		0.7686
v -0.196 		0.6316 		1.0975
v -0.0856 		0.8356 		0.7456
v -0.0856 		0.8133 		0.7417
v -0.1923 		0.6279 		1.1015
v -0.094 		0.8232 		0.7495
v -0.1108 		0.8096 		0.7642
v -0.0809 		0.8034 		0.7407
v -0.1024 		0.8318 		0.7574
v -0.1076 		0.822 		0.7598
v -0.2002 		0.6279 		1.0627
v -0.1431 		0.8325 		0.7853
v -0.1249 		0.8281 		0.774
v -0.2166 		0.6285 		1.0358
v -0.1469 		0.8244 		0.7882
v -0.2161 		0.6415 		1.049
v -0.2072 		0.6409 		1.0642
v -0.1352 		0.8399 		0.7799
v -0.1338 		0.8059 		0.7833
v -0.2072 		0.6285 		1.0544
v -0.1197 		0.8084 		0.7735
v -0.2222 		0.6347 		1.0338
v 0.4072 		1.0216 		1.1049
v -0.21 		0.6347 		1.0574
v -0.2082 		0.6365 		1.0623
v 0.4137 		1.0179 		1.0951
v -0.2035 		0.6285 		1.0603
v -0.2157 		0.6341 		1.0456
v 0.395 		1.0346 		1.0961
v 0.4091 		1.0271 		1.0873
v -0.116 		0.8294 		0.7686
v 0.1971 		0.7812 		0.6466
v 0.4498 		0.966 		1.0603
v 0.4498 		0.9777 		1.0623
v 0.4479 		0.9851 		1.0681
v 0.2219 		0.7836 		0.648
v 0.2392 		0.7843 		0.6515
v 0.2055 		0.7923 		0.6446
v 0.4423 		0.9944 		1.0456
v 0.4465 		0.9833 		1.051
v 0.2195 		0.7948 		0.6446
v 0.4441 		0.9839 		1.0397
v 0.2439 		0.8009 		0.6466
v 0.4446 		0.9925 		1.0667
v 0.1732 		0.7249 		0.6696
v 0.1844 		0.7466 		0.6637
v 0.4498 		0.9604 		1.0534
v 0.4474 		0.9709 		1.0431
v 0.2055 		0.7564 		0.6623
v 0.4502 		0.9635 		1.0431
v 0.3707 		1.0407 		1.1275
v 0.3707 		1.0451 		1.1029
v 0.2018 		0.7231 		0.6848
v 0.3838 		1.0395 		1.101
v 0.2003 		0.7453 		0.6696
v 0.3389 		1.0519 		1.1245
v 0.184 		0.7626 		0.6564
v 0.1788 		0.7768 		0.648
v 0.3295 		1.0513 		1.1402
v 0.3435 		1.0451 		1.1539
v 0.1882 		0.7917 		0.6422
v 0.1718 		0.7911 		0.6407
v 0.3384 		1.0445 		1.1623
v 0.3585 		1.0822 		1.0696
v 0.3552 		1.097 		1.073
v 0.1573 		0.7948 		0.6412
v 0.1737 		0.7713 		0.6525
v 0.1521 		0.7626 		0.6554
v 0.1484 		0.7849 		0.6466
v -0.2058 		0.6384 		1.1127
v -0.2124 		0.6409 		1.1245
v -0.2119 		0.6365 		1.1289
v 0.14 		0.7651 		0.6534
v -0.204 		0.6304 		1.1186
v 0.1676 		0.7552 		0.6578
v 0.1634 		0.7435 		0.6583
v 0.1423 		0.741 		0.6529
v -0.233 		0.6316 		0.998
v -0.2241 		0.6285 		1.0132
v 0.1606 		0.7268 		0.6632
v -0.232 		0.6304 		0.9912
v -0.2306 		0.6359 		1.0142
v 0.1489 		0.7243 		0.6608
v 0.1395 		0.7558 		0.6539
v 0.1302 		0.7336 		0.6539
v -0.2316 		0.6353 		0.9789
v 0.1344 		0.7231 		0.6593
v -0.232 		0.6396 		0.9706
v -0.2147 		0.6273 		0.9975
v -0.2143 		0.6273 		0.9833
v -0.2283 		0.6304 		0.9804
v 0.1854 		0.7187 		0.6804
v 0.1989 		0.7163 		0.6897
v -0.2269 		0.6347 		1.024
v -0.2278 		0.6421 		1.024
v 0.1971 		0.707 		0.6975
v 0.1629 		0.6959 		0.6931
v 0.1802 		0.694 		0.7044
v 0.191 		0.6953 		0.7078
v 0.1807 		0.6891 		0.7118
v 0.1606 		0.7021 		0.6838
v 0.1713 		0.6749 		0.7284
# 7298 vertices

g group_9_16765440

usemtl bunny
s 0

f 149 	151 	150
f 152 	153 	7113
f 153 	7118 	7113
f 160 	159 	158
f 157 	173 	166
f 154 	173 	157
f 164 	151 	149
f 161 	163 	151
f 161 	162 	163
f 160 	177 	159
f 151 	164 	161
f 157 	166 	164
f 161 	166 	162
f 164 	166 	161
f 165 	167 	170
f 170 	167 	169
f 168 	172 	336
f 172 	168 	171
f 168 	173 	171
f 154 	155 	178
f 155 	175 	178
f 159 	170 	158
f 154 	178 	171
f 168 	166 	173
f 154 	171 	173
f 168 	162 	166
f 174 	165 	170
f 170 	159 	174
f 175 	179 	178
f 174 	159 	177
f 181 	2092 	169
f 165 	181 	167
f 174 	177 	183
f 181 	165 	185
f 169 	167 	181
f 179 	172 	171
f 179 	182 	172
f 2092 	181 	189
f 174 	183 	165
f 179 	184 	182
f 165 	183 	185
f 178 	179 	171
f 184 	336 	182
f 187 	316 	183
f 316 	185 	183
f 183 	177 	187
f 188 	186 	520
f 156 	187 	177
f 185 	189 	181
f 188 	184 	180
f 180 	186 	188
f 190 	2950 	191
f 190 	191 	186
f 190 	186 	180
f 199 	200 	202
f 201 	206 	203
f 201 	205 	222
f 214 	200 	204
f 220 	200 	214
f 220 	202 	200
f 208 	209 	210
f 198 	199 	202
f 200 	211 	2011
f 7431 	208 	210
f 207 	224 	209
f 7427 	212 	208
f 214 	204 	213
f 207 	212 	7445
f 212 	207 	209
f 212 	209 	208
f 209 	224 	216
f 216 	210 	209
f 6250 	215 	218
f 215 	214 	218
f 726 	210 	216
f 216 	732 	726
f 213 	218 	214
f 214 	215 	220
f 352 	221 	350
f 352 	206 	221
f 222 	221 	206
f 222 	219 	221
f 217 	224 	207
f 329 	224 	346
f 240 	226 	225
f 230 	4775 	223
f 234 	235 	236
f 898 	240 	234
f 246 	236 	245
f 234 	236 	246
f 245 	236 	235
f 235 	234 	240
f 239 	257 	5965
f 233 	977 	246
f 196 	195 	197
f 245 	233 	246
f 247 	197 	195
f 235 	237 	245
f 196 	193 	195
f 310 	196 	197
f 242 	244 	253
f 253 	256 	255
f 256 	257 	255
f 252 	485 	248
f 257 	239 	255
f 239 	241 	255
f 241 	242 	255
f 255 	242 	253
f 252 	259 	251
f 251 	259 	258
f 259 	248 	250
f 259 	252 	248
f 261 	413 	260
f 422 	413 	261
f 251 	258 	262
f 268 	267 	266
f 268 	270 	267
f 269 	566 	265
f 271 	266 	267
f 261 	653 	272
f 261 	260 	653
f 272 	263 	261
f 274 	265 	264
f 266 	276 	268
f 276 	306 	388
f 264 	278 	274
f 268 	276 	388
f 263 	272 	278
f 275 	278 	272
f 273 	274 	278
f 273 	278 	275
f 280 	513 	396
f 280 	282 	283
f 256 	253 	281
f 285 	282 	287
f 282 	288 	287
f 284 	286 	281
f 283 	289 	280
f 280 	279 	282
f 276 	285 	287
f 285 	283 	282
f 284 	281 	253
f 291 	286 	290
f 254 	282 	279
f 292 	290 	286
f 286 	284 	292
f 282 	254 	288
f 276 	266 	285
f 293 	291 	564
f 295 	299 	297
f 284 	433 	292
f 294 	244 	243
f 253 	244 	294
f 284 	253 	294
f 295 	297 	271
f 285 	296 	283
f 299 	300 	298
f 299 	295 	300
f 300 	295 	227
f 296 	298 	289
f 299 	296 	297
f 296 	299 	298
f 227 	228 	300
f 228 	230 	300
f 296 	289 	283
f 296 	285 	266
f 297 	296 	266
f 266 	271 	297
f 302 	259 	301
f 301 	303 	302
f 259 	250 	301
f 302 	303 	304
f 287 	306 	276
f 305 	306 	393
f 306 	305 	309
f 303 	309 	305
f 301 	307 	303
f 192 	193 	196
f 305 	304 	303
f 303 	308 	309
f 197 	247 	194
f 303 	307 	308
f 306 	309 	388
f 197 	194 	310
f 308 	311 	309
f 311 	149 	150
f 312 	313 	314
f 314 	315 	312
f 224 	229 	216
f 320 	162 	319
f 323 	324 	326
f 326 	327 	323
f 316 	325 	185
f 330 	328 	322
f 162 	168 	319
f 331 	319 	168
f 318 	189 	185
f 331 	340 	370
f 320 	319 	331
f 337 	168 	336
f 185 	325 	318
f 336 	335 	337
f 325 	316 	7302
f 2282 	981 	964
f 340 	337 	339
f 337 	340 	168
f 187 	7296 	316
f 345 	344 	343
f 337 	333 	339
f 346 	217 	203
f 331 	168 	340
f 224 	217 	346
f 345 	343 	347
f 325 	7302 	957
f 347 	348 	349
f 182 	336 	172
f 184 	335 	336
f 352 	323 	327
f 489 	339 	333
f 352 	327 	353
f 345 	347 	342
f 329 	346 	353
f 342 	347 	349
f 229 	224 	329
f 342 	341 	345
f 350 	323 	352
f 344 	345 	341
f 354 	365 	359
f 350 	324 	323
f 348 	347 	343
f 348 	343 	338
f 354 	7396 	6860
f 370 	340 	361
f 344 	341 	362
f 351 	358 	357
f 361 	356 	359
f 358 	420 	423
f 229 	329 	734
f 321 	364 	362
f 321 	362 	341
f 360 	416 	366
f 370 	359 	365
f 373 	312 	315
f 368 	367 	356
f 368 	356 	361
f 358 	355 	357
f 408 	360 	369
f 314 	402 	315
f 355 	358 	424
f 369 	355 	424
f 359 	370 	361
f 365 	354 	376
f 342 	321 	341
f 372 	373 	371
f 370 	365 	483
f 362 	374 	344
f 373 	375 	312
f 383 	374 	362
f 379 	378 	899
f 373 	372 	375
f 381 	372 	371
f 384 	378 	382
f 383 	377 	406
f 149 	311 	308
f 391 	387 	386
f 149 	308 	551
f 311 	150 	389
f 390 	195 	375
f 375 	372 	391
f 7097 	389 	150
f 391 	399 	387
f 375 	391 	390
f 247 	390 	391
f 311 	389 	392
f 392 	309 	311
f 388 	309 	392
f 302 	304 	258
f 259 	302 	258
f 258 	304 	393
f 304 	305 	393
f 262 	258 	393
f 393 	287 	288
f 371 	373 	315
f 287 	393 	306
f 393 	288 	254
f 372 	2884 	816
f 393 	254 	262
f 394 	395 	396
f 398 	397 	396
f 371 	2636 	381
f 399 	391 	372
f 401 	707 	400
f 403 	1135 	402
f 398 	396 	395
f 375 	404 	312
f 397 	398 	254
f 404 	313 	312
f 482 	254 	398
f 405 	404 	193
f 405 	313 	404
f 378 	380 	385
f 383 	362 	364
f 193 	192 	405
f 383 	364 	363
f 403 	314 	313
f 313 	405 	403
f 602 	374 	406
f 203 	353 	346
f 383 	406 	374
f 378 	408 	382
f 407 	406 	377
f 378 	385 	408
f 291 	293 	286
f 417 	412 	410
f 422 	410 	413
f 428 	408 	369
f 410 	422 	417
f 408 	416 	360
f 409 	414 	411
f 378 	384 	899
f 4776 	415 	243
f 417 	243 	415
f 294 	243 	417
f 408 	428 	382
f 416 	408 	385
f 6758 	411 	414
f 385 	380 	416
f 366 	416 	380
f 412 	417 	415
f 384 	421 	420
f 422 	261 	263
f 419 	414 	409
f 6804 	419 	409
f 420 	351 	418
f 424 	358 	423
f 415 	691 	412
f 358 	351 	420
f 691 	415 	4760
f 423 	420 	421
f 369 	424 	428
f 427 	414 	429
f 691 	693 	412
f 429 	430 	427
f 410 	412 	693
f 430 	425 	427
f 384 	420 	436
f 430 	426 	425
f 439 	414 	427
f 263 	290 	422
f 427 	555 	439
f 427 	425 	555
f 433 	284 	294
f 414 	419 	429
f 419 	6813 	429
f 433 	294 	417
f 421 	428 	424
f 417 	422 	433
f 428 	384 	382
f 428 	421 	384
f 423 	421 	424
f 6837 	426 	430
f 444 	445 	440
f 443 	432 	431
f 7147 	7145 	432
f 440 	445 	447
f 447 	445 	441
f 443 	431 	575
f 431 	448 	575
f 443 	575 	446
f 195 	404 	375
f 192 	453 	403
f 453 	1138 	403
f 192 	403 	405
f 450 	449 	452
f 315 	402 	454
f 452 	449 	6007
f 402 	314 	403
f 450 	452 	455
f 455 	451 	450
f 394 	400 	395
f 394 	401 	400
f 6007 	455 	452
f 456 	459 	457
f 457 	395 	400
f 449 	7158 	7090
f 194 	247 	386
f 462 	463 	460
f 195 	193 	404
f 464 	463 	462
f 247 	195 	390
f 462 	431 	432
f 247 	391 	386
f 466 	464 	451
f 455 	458 	466
f 464 	462 	467
f 467 	451 	464
f 451 	455 	466
f 1703 	754 	465
f 467 	462 	434
f 451 	467 	434
f 466 	469 	461
f 466 	458 	469
f 462 	432 	434
f 461 	463 	464
f 310 	194 	474
f 470 	471 	472
f 464 	466 	461
f 474 	1305 	1093
f 463 	479 	460
f 471 	468 	478
f 473 	460 	479
f 479 	476 	475
f 475 	473 	479
f 479 	461 	476
f 472 	478 	477
f 471 	478 	472
f 473 	694 	460
f 478 	480 	477
f 479 	463 	461
f 6122 	6205 	461
f 320 	331 	370
f 482 	395 	457
f 7408 	483 	376
f 365 	376 	483
f 484 	482 	457
f 251 	484 	252
f 370 	483 	320
f 7410 	7413 	442
f 486 	368 	361
f 248 	485 	650
f 486 	361 	339
f 339 	361 	340
f 487 	488 	489
f 538 	487 	489
f 252 	459 	485
f 485 	456 	500
f 485 	459 	456
f 459 	484 	457
f 251 	262 	484
f 7403 	489 	488
f 7400 	368 	489
f 484 	459 	252
f 398 	395 	482
f 486 	489 	368
f 482 	484 	262
f 486 	339 	489
f 254 	482 	262
f 491 	456 	490
f 490 	456 	457
f 495 	490 	457
f 491 	490 	495
f 716 	491 	495
f 400 	707 	495
f 457 	400 	495
f 497 	501 	496
f 497 	499 	501
f 491 	494 	500
f 500 	456 	491
f 397 	279 	280
f 280 	396 	397
f 502 	503 	280
f 280 	503 	504
f 499 	7407 	501
f 497 	498 	493
f 492 	493 	498
f 505 	503 	502
f 506 	508 	531
f 506 	333 	509
f 505 	507 	225
f 335 	510 	509
f 505 	225 	226
f 184 	188 	511
f 511 	512 	184
f 254 	279 	397
f 184 	512 	510
f 298 	502 	289
f 280 	289 	502
f 512 	509 	510
f 511 	508 	506
f 298 	505 	502
f 506 	509 	511
f 513 	394 	396
f 512 	511 	509
f 518 	513 	280
f 333 	337 	509
f 518 	394 	513
f 300 	507 	505
f 335 	509 	337
f 225 	507 	223
f 510 	335 	184
f 230 	223 	507
f 300 	230 	507
f 505 	298 	300
f 504 	503 	516
f 511 	515 	508
f 504 	516 	518
f 613 	508 	515
f 518 	401 	394
f 518 	280 	504
f 518 	910 	401
f 2950 	521 	519
f 519 	191 	2950
f 520 	186 	519
f 517 	226 	240
f 505 	226 	517
f 503 	505 	516
f 516 	505 	517
f 248 	650 	522
f 523 	521 	514
f 250 	248 	522
f 523 	617 	515
f 515 	520 	523
f 523 	520 	521
f 250 	522 	524
f 519 	521 	520
f 511 	520 	515
f 511 	188 	520
f 536 	525 	528
f 186 	191 	519
f 250 	524 	544
f 648 	528 	522
f 531 	613 	530
f 531 	537 	506
f 536 	528 	529
f 531 	530 	537
f 522 	528 	525
f 508 	613 	531
f 524 	522 	525
f 527 	496 	530
f 534 	535 	533
f 333 	506 	541
f 541 	506 	537
f 526 	525 	536
f 496 	501 	539
f 538 	541 	496
f 533 	536 	529
f 496 	539 	538
f 533 	535 	536
f 539 	501 	7407
f 680 	678 	534
f 532 	535 	534
f 678 	532 	534
f 530 	496 	537
f 541 	537 	496
f 538 	539 	487
f 536 	535 	590
f 535 	532 	635
f 538 	489 	333
f 541 	538 	333
f 542 	524 	525
f 540 	548 	549
f 487 	539 	7407
f 542 	540 	549
f 548 	540 	157
f 544 	542 	549
f 1266 	492 	543
f 544 	524 	542
f 543 	492 	545
f 498 	545 	492
f 250 	544 	301
f 545 	688 	543
f 545 	498 	688
f 546 	307 	301
f 547 	497 	496
f 547 	688 	498
f 543 	688 	550
f 549 	548 	546
f 551 	308 	307
f 307 	546 	551
f 550 	552 	543
f 551 	548 	157
f 546 	548 	551
f 617 	553 	550
f 6758 	414 	439
f 555 	558 	554
f 439 	555 	554
f 549 	546 	544
f 555 	425 	572
f 544 	546 	301
f 154 	561 	155
f 574 	561 	154
f 574 	154 	157
f 558 	592 	591
f 422 	292 	433
f 422 	290 	292
f 554 	558 	6761
f 562 	565 	560
f 560 	559 	562
f 278 	290 	263
f 558 	555 	592
f 565 	562 	961
f 581 	155 	561
f 568 	425 	426
f 570 	568 	426
f 481 	446 	565
f 446 	560 	565
f 573 	574 	540
f 425 	568 	572
f 570 	571 	568
f 540 	574 	157
f 448 	460 	575
f 525 	573 	542
f 573 	540 	542
f 338 	576 	570
f 569 	561 	573
f 561 	574 	573
f 569 	525 	526
f 575 	578 	446
f 581 	175 	155
f 446 	578 	560
f 571 	576 	577
f 563 	560 	578
f 573 	525 	569
f 571 	570 	576
f 157 	164 	551
f 571 	579 	580
f 164 	149 	551
f 589 	960 	562
f 580 	583 	582
f 579 	571 	577
f 586 	583 	580
f 561 	569 	587
f 581 	587 	584
f 583 	586 	776
f 581 	561 	587
f 562 	559 	589
f 945 	588 	589
f 592 	555 	572
f 582 	592 	572
f 584 	536 	590
f 582 	572 	580
f 584 	587 	536
f 568 	571 	580
f 572 	568 	580
f 591 	582 	583
f 592 	582 	591
f 587 	526 	536
f 552 	594 	543
f 596 	597 	595
f 598 	179 	175
f 579 	577 	597
f 580 	596 	586
f 264 	265 	566
f 564 	264 	566
f 264 	564 	291
f 633 	595 	597
f 580 	579 	596
f 579 	597 	596
f 4293 	599 	600
f 278 	264 	290
f 290 	264 	291
f 343 	606 	576
f 593 	605 	612
f 576 	338 	343
f 260 	413 	601
f 602 	406 	603
f 598 	184 	179
f 602 	344 	374
f 581 	598 	175
f 598 	180 	184
f 593 	932 	605
f 581 	584 	598
f 606 	343 	344
f 569 	526 	587
f 606 	344 	608
f 604 	612 	605
f 629 	611 	609
f 611 	625 	609
f 614 	610 	603
f 603 	406 	614
f 613 	688 	527
f 553 	617 	514
f 514 	2261 	553
f 514 	617 	523
f 617 	688 	613
f 617 	613 	515
f 602 	603 	610
f 616 	614 	624
f 613 	527 	530
f 618 	615 	447
f 550 	688 	617
f 616 	624 	407
f 447 	619 	440
f 593 	612 	599
f 615 	619 	447
f 622 	608 	602
f 619 	626 	674
f 604 	605 	621
f 621 	605 	932
f 622 	602 	610
f 344 	602 	608
f 629 	609 	607
f 576 	606 	577
f 611 	623 	625
f 615 	557 	626
f 626 	619 	615
f 624 	406 	407
f 623 	590 	625
f 606 	608 	622
f 635 	625 	535
f 406 	624 	614
f 625 	590 	535
f 444 	627 	6763
f 597 	577 	622
f 584 	590 	623
f 623 	611 	584
f 622 	610 	633
f 611 	598 	584
f 622 	577 	606
f 598 	611 	180
f 629 	190 	180
f 629 	180 	611
f 595 	633 	630
f 597 	622 	633
f 634 	632 	631
f 628 	595 	630
f 625 	635 	609
f 614 	636 	610
f 614 	616 	636
f 699 	631 	632
f 632 	709 	708
f 630 	633 	636
f 633 	610 	636
f 619 	634 	639
f 634 	631 	639
f 641 	642 	6755
f 601 	743 	643
f 638 	646 	1017
f 601 	643 	645
f 647 	648 	649
f 649 	650 	500
f 485 	500 	650
f 522 	650 	649
f 601 	653 	260
f 522 	649 	648
f 649 	654 	638
f 653 	275 	272
f 601 	656 	653
f 679 	641 	655
f 654 	637 	646
f 646 	638 	654
f 656 	275 	653
f 655 	641 	657
f 649 	638 	647
f 657 	644 	655
f 658 	659 	656
f 656 	659 	660
f 529 	648 	647
f 558 	782 	657
f 277 	656 	660
f 529 	528 	648
f 277 	275 	656
f 657 	641 	6755
f 656 	601 	658
f 500 	654 	649
f 6757 	642 	640
f 659 	661 	660
f 658 	661 	659
f 601 	645 	658
f 663 	641 	662
f 661 	651 	660
f 642 	641 	663
f 714 	1016 	637
f 663 	684 	664
f 500 	494 	637
f 637 	654 	500
f 684 	663 	662
f 651 	661 	652
f 638 	1017 	665
f 661 	658 	652
f 669 	666 	640
f 669 	671 	666
f 669 	663 	671
f 665 	647 	638
f 664 	671 	663
f 640 	642 	663
f 663 	669 	640
f 674 	634 	619
f 675 	667 	673
f 665 	676 	647
f 665 	675 	676
f 440 	619 	639
f 678 	680 	673
f 675 	533 	676
f 533 	647 	676
f 677 	662 	679
f 534 	533 	675
f 533 	529 	647
f 679 	662 	641
f 655 	785 	679
f 677 	941 	944
f 600 	599 	612
f 604 	620 	600
f 662 	677 	683
f 604 	600 	612
f 683 	684 	662
f 683 	677 	943
f 620 	604 	685
f 684 	683 	943
f 681 	627 	686
f 677 	679 	921
f 440 	682 	444
f 785 	921 	679
f 600 	687 	4283
f 600 	620 	687
f 620 	4284 	687
f 527 	547 	496
f 688 	547 	527
f 437 	436 	438
f 658 	645 	672
f 436 	418 	351
f 497 	547 	498
f 436 	420 	418
f 668 	652 	763
f 651 	652 	668
f 652 	658 	672
f 620 	6403 	4284
f 593 	945 	589
f 4825 	693 	691
f 575 	460 	694
f 694 	578 	575
f 696 	690 	692
f 627 	682 	686
f 675 	680 	534
f 682 	627 	444
f 6938 	681 	6936
f 698 	696 	692
f 681 	6938 	627
f 563 	578 	694
f 696 	698 	697
f 694 	935 	563
f 593 	589 	559
f 667 	675 	670
f 701 	702 	689
f 670 	675 	665
f 675 	673 	680
f 704 	705 	706
f 709 	700 	708
f 700 	709 	797
f 703 	702 	701
f 632 	742 	709
f 707 	910 	898
f 706 	707 	704
f 699 	632 	708
f 701 	692 	690
f 701 	689 	692
f 706 	710 	707
f 711 	699 	708
f 704 	895 	705
f 711 	682 	699
f 491 	713 	494
f 863 	702 	865
f 715 	681 	711
f 494 	713 	714
f 682 	711 	686
f 727 	689 	702
f 689 	717 	692
f 712 	699 	682
f 681 	686 	711
f 440 	712 	682
f 717 	698 	692
f 440 	639 	712
f 681 	715 	1028
f 719 	713 	890
f 714 	713 	719
f 700 	1077 	715
f 708 	700 	715
f 717 	721 	698
f 722 	723 	719
f 711 	708 	715
f 631 	699 	712
f 717 	725 	724
f 724 	720 	721
f 631 	712 	639
f 724 	721 	717
f 689 	727 	725
f 556 	7431 	210
f 557 	556 	210
f 702 	728 	727
f 726 	557 	210
f 674 	726 	732
f 726 	674 	626
f 726 	626 	557
f 729 	738 	731
f 634 	674 	735
f 732 	735 	674
f 735 	736 	634
f 736 	730 	634
f 736 	735 	737
f 735 	229 	737
f 731 	736 	737
f 729 	731 	737
f 737 	733 	729
f 229 	734 	733
f 733 	737 	229
f 730 	736 	731
f 732 	229 	735
f 732 	216 	229
f 781 	740 	738
f 738 	740 	741
f 730 	742 	632
f 194 	470 	474
f 194 	386 	470
f 470 	386 	471
f 744 	410 	693
f 744 	695 	410
f 743 	695 	744
f 4825 	746 	693
f 413 	410 	695
f 601 	413 	695
f 601 	695 	743
f 693 	743 	744
f 743 	693 	756
f 743 	756 	643
f 747 	472 	752
f 472 	477 	752
f 477 	751 	752
f 480 	751 	477
f 745 	752 	754
f 757 	756 	746
f 756 	693 	746
f 745 	750 	752
f 752 	750 	747
f 782 	644 	657
f 643 	756 	645
f 752 	751 	465
f 754 	752 	465
f 756 	672 	645
f 815 	468 	471
f 757 	755 	756
f 757 	753 	755
f 2884 	372 	381
f 822 	827 	758
f 765 	742 	730
f 765 	741 	742
f 765 	731 	738
f 741 	765 	738
f 730 	632 	634
f 767 	766 	768
f 765 	730 	731
f 767 	768 	672
f 672 	756 	767
f 768 	763 	672
f 763 	652 	672
f 770 	332 	329
f 770 	775 	332
f 329 	353 	770
f 759 	762 	769
f 771 	596 	595
f 595 	628 	771
f 773 	769 	766
f 771 	628 	772
f 329 	332 	734
f 332 	733 	734
f 327 	770 	353
f 776 	774 	583
f 729 	332 	775
f 753 	773 	755
f 586 	771 	776
f 766 	755 	773
f 776 	777 	793
f 767 	755 	766
f 775 	778 	738
f 756 	755 	767
f 753 	4900 	773
f 764 	762 	761
f 771 	777 	776
f 780 	781 	778
f 762 	764 	763
f 771 	772 	777
f 768 	762 	763
f 738 	729 	775
f 586 	596 	771
f 769 	768 	766
f 781 	738 	778
f 772 	933 	934
f 782 	774 	644
f 769 	762 	768
f 779 	780 	778
f 558 	591 	782
f 591 	583 	782
f 583 	774 	782
f 774 	785 	644
f 793 	788 	787
f 789 	786 	784
f 791 	792 	789
f 776 	793 	794
f 778 	770 	326
f 778 	326 	790
f 868 	779 	790
f 790 	779 	778
f 770 	778 	775
f 784 	791 	789
f 327 	326 	770
f 729 	733 	332
f 795 	792 	783
f 798 	795 	804
f 796 	797 	739
f 797 	740 	739
f 792 	791 	783
f 700 	797 	796
f 740 	797 	741
f 742 	741 	797
f 709 	742 	797
f 795 	798 	792
f 265 	798 	269
f 802 	801 	800
f 792 	798 	265
f 274 	273 	792
f 265 	274 	792
f 221 	803 	350
f 789 	792 	273
f 273 	275 	789
f 277 	789 	275
f 277 	786 	789
f 801 	803 	221
f 801 	802 	803
f 799 	221 	219
f 799 	800 	221
f 800 	801 	221
f 805 	804 	812
f 805 	798 	804
f 810 	798 	805
f 810 	269 	798
f 811 	810 	805
f 807 	3677 	1616
f 3677 	807 	806
f 471 	386 	815
f 386 	387 	815
f 811 	805 	812
f 811 	812 	808
f 2884 	819 	816
f 815 	387 	816
f 760 	816 	819
f 2886 	831 	830
f 817 	804 	795
f 831 	2886 	758
f 818 	817 	783
f 783 	791 	818
f 795 	783 	817
f 399 	372 	816
f 818 	791 	784
f 816 	387 	399
f 815 	816 	468
f 816 	760 	468
f 480 	814 	813
f 823 	820 	786
f 823 	821 	820
f 651 	821 	823
f 825 	813 	814
f 786 	820 	784
f 760 	825 	814
f 828 	826 	668
f 822 	838 	827
f 668 	826 	821
f 651 	668 	821
f 824 	827 	838
f 829 	828 	668
f 763 	764 	829
f 764 	833 	829
f 668 	763 	829
f 819 	830 	760
f 786 	660 	823
f 758 	827 	831
f 786 	277 	660
f 760 	830 	831
f 831 	825 	760
f 825 	831 	824
f 831 	827 	824
f 828 	829 	833
f 835 	834 	832
f 823 	660 	651
f 834 	835 	837
f 438 	436 	351
f 838 	822 	2939
f 840 	838 	837
f 840 	824 	838
f 838 	834 	837
f 436 	437 	839
f 838 	841 	834
f 802 	806 	858
f 843 	844 	839
f 845 	326 	324
f 803 	845 	350
f 845 	324 	350
f 689 	725 	717
f 845 	803 	853
f 728 	846 	727
f 847 	850 	848
f 727 	846 	725
f 863 	728 	702
f 847 	851 	850
f 852 	860 	845
f 845 	853 	852
f 1659 	1660 	847
f 847 	848 	856
f 701 	690 	854
f 849 	856 	848
f 858 	806 	807
f 690 	857 	7395
f 690 	696 	861
f 861 	857 	690
f 858 	807 	856
f 690 	7395 	854
f 855 	703 	701
f 807 	809 	847
f 1659 	847 	809
f 854 	855 	701
f 807 	847 	856
f 859 	852 	853
f 860 	859 	868
f 859 	869 	868
f 859 	860 	852
f 696 	697 	861
f 790 	326 	860
f 862 	864 	875
f 850 	869 	859
f 859 	848 	850
f 859 	849 	848
f 326 	845 	860
f 853 	849 	859
f 865 	703 	866
f 865 	866 	864
f 849 	853 	867
f 802 	858 	867
f 702 	703 	865
f 867 	853 	803
f 864 	863 	865
f 867 	803 	802
f 858 	849 	867
f 858 	856 	849
f 790 	860 	868
f 869 	870 	868
f 869 	871 	870
f 871 	851 	1949
f 851 	871 	850
f 862 	875 	872
f 850 	871 	869
f 868 	870 	779
f 870 	871 	779
f 875 	874 	873
f 780 	779 	871
f 874 	875 	1265
f 1269 	874 	1266
f 878 	879 	876
f 875 	873 	872
f 882 	881 	883
f 882 	880 	881
f 880 	885 	846
f 728 	880 	846
f 2125 	846 	885
f 886 	878 	876
f 880 	882 	885
f 884 	886 	876
f 495 	710 	716
f 818 	784 	836
f 836 	888 	889
f 437 	843 	839
f 495 	707 	710
f 890 	716 	718
f 843 	6089 	891
f 710 	706 	716
f 706 	705 	718
f 718 	716 	706
f 836 	820 	888
f 836 	784 	820
f 719 	890 	718
f 437 	438 	843
f 821 	826 	888
f 438 	351 	357
f 821 	888 	820
f 904 	888 	826
f 890 	491 	716
f 6088 	843 	438
f 890 	713 	491
f 637 	494 	714
f 892 	893 	896
f 707 	898 	897
f 894 	384 	436
f 894 	899 	384
f 707 	897 	704
f 894 	900 	899
f 911 	892 	896
f 904 	889 	888
f 904 	903 	889
f 764 	905 	833
f 764 	761 	905
f 894 	436 	938
f 896 	905 	761
f 906 	905 	893
f 896 	893 	905
f 901 	908 	907
f 907 	900 	901
f 906 	833 	905
f 903 	833 	906
f 904 	833 	903
f 901 	909 	908
f 904 	828 	833
f 904 	826 	828
f 517 	910 	516
f 910 	518 	516
f 910 	707 	401
f 892 	911 	1170
f 898 	912 	897
f 898 	517 	240
f 901 	902 	909
f 1054 	896 	761
f 898 	234 	912
f 909 	902 	7334
f 761 	762 	1054
f 897 	895 	704
f 234 	246 	912
f 899 	900 	907
f 899 	907 	379
f 898 	910 	517
f 884 	887 	926
f 926 	915 	884
f 884 	915 	886
f 793 	777 	788
f 719 	718 	916
f 927 	916 	718
f 722 	719 	916
f 777 	772 	788
f 772 	934 	788
f 794 	919 	776
f 919 	785 	774
f 925 	924 	918
f 785 	655 	644
f 916 	920 	924
f 774 	776 	919
f 919 	921 	785
f 1649 	886 	923
f 919 	1350 	921
f 920 	917 	924
f 915 	923 	886
f 925 	916 	924
f 917 	918 	924
f 922 	1653 	926
f 1350 	794 	1353
f 923 	915 	926
f 923 	926 	1706
f 1706 	926 	1653
f 922 	926 	887
f 1353 	794 	793
f 560 	593 	559
f 593 	560 	932
f 933 	1634 	934
f 933 	628 	630
f 694 	473 	935
f 887 	931 	922
f 630 	636 	933
f 621 	932 	563
f 932 	560 	563
f 475 	935 	473
f 935 	685 	604
f 936 	788 	934
f 934 	937 	936
f 1638 	1634 	933
f 604 	621 	935
f 475 	476 	685
f 772 	628 	933
f 685 	935 	475
f 563 	935 	621
f 593 	599 	942
f 944 	943 	677
f 945 	593 	942
f 436 	839 	938
f 940 	677 	921
f 948 	947 	946
f 949 	943 	944
f 945 	942 	1346
f 950 	945 	1346
f 951 	949 	944
f 938 	948 	953
f 942 	599 	952
f 952 	4412 	942
f 944 	954 	951
f 677 	940 	941
f 953 	894 	938
f 1216 	951 	954
f 945 	950 	588
f 941 	1236 	944
f 950 	585 	588
f 943 	6327 	684
f 588 	958 	959
f 943 	949 	6327
f 588 	960 	589
f 588 	959 	960
f 960 	959 	1062
f 946 	956 	957
f 961 	960 	1062
f 947 	938 	939
f 947 	948 	938
f 920 	2359 	928
f 920 	928 	917
f 965 	966 	967
f 2397 	963 	913
f 966 	968 	967
f 913 	2401 	2397
f 969 	946 	947
f 969 	956 	946
f 968 	969 	947
f 705 	980 	927
f 927 	718 	705
f 916 	925 	722
f 967 	968 	947
f 4636 	970 	973
f 956 	974 	978
f 969 	968 	992
f 969 	974 	956
f 895 	897 	975
f 912 	975 	897
f 976 	895 	975
f 976 	705 	895
f 975 	912 	246
f 974 	318 	325
f 977 	975 	246
f 981 	318 	992
f 980 	705 	976
f 318 	974 	969
f 318 	969 	992
f 981 	189 	318
f 984 	983 	985
f 977 	972 	975
f 982 	985 	983
f 975 	972 	986
f 975 	986 	976
f 2282 	189 	981
f 974 	325 	978
f 956 	978 	325
f 956 	325 	957
f 986 	972 	989
f 987 	985 	982
f 968 	966 	964
f 965 	964 	966
f 965 	2500 	964
f 977 	990 	989
f 977 	233 	990
f 981 	992 	968
f 977 	989 	972
f 981 	968 	964
f 986 	988 	976
f 976 	988 	980
f 987 	982 	993
f 1005 	987 	993
f 991 	993 	982
f 947 	939 	967
f 996 	988 	986
f 996 	994 	988
f 984 	1022 	983
f 989 	996 	986
f 989 	990 	995
f 989 	995 	996
f 1009 	929 	1002
f 994 	1010 	988
f 1000 	1002 	1001
f 1010 	980 	988
f 1008 	979 	984
f 993 	5307 	5306
f 5306 	1005 	993
f 1005 	979 	1008
f 1000 	1006 	1002
f 1008 	987 	1005
f 979 	1005 	5306
f 916 	2359 	920
f 985 	987 	1008
f 1008 	984 	985
f 931 	1697 	922
f 1009 	1002 	1006
f 916 	927 	2359
f 929 	1009 	930
f 983 	1011 	1012
f 1012 	982 	983
f 1003 	1009 	1006
f 931 	930 	1013
f 1013 	930 	1733
f 1010 	994 	1004
f 1009 	1003 	930
f 1010 	1004 	1007
f 1010 	927 	980
f 1007 	927 	1010
f 5148 	1014 	1015
f 1016 	1021 	1017
f 1018 	1023 	1019
f 1020 	1015 	1022
f 1022 	984 	1020
f 984 	979 	1020
f 1016 	646 	637
f 1016 	1017 	646
f 1039 	665 	1017
f 715 	1019 	1028
f 1017 	1040 	1039
f 1015 	1014 	1024
f 723 	1021 	1027
f 1024 	1014 	1896
f 1022 	1011 	983
f 1026 	1021 	723
f 1028 	1019 	1037
f 719 	1027 	714
f 1027 	719 	723
f 5350 	1015 	1020
f 1030 	997 	998
f 1031 	1032 	1011
f 1025 	1033 	1026
f 1012 	1011 	1032
f 1022 	1031 	1011
f 1034 	1031 	1024
f 1154 	1040 	1017
f 1031 	1038 	1043
f 1154 	1017 	1033
f 1017 	1026 	1033
f 1032 	1031 	4821
f 1016 	1027 	1021
f 1031 	1015 	1024
f 1036 	1023 	1018
f 1017 	1021 	1026
f 1031 	1034 	1038
f 1037 	1019 	1023
f 1022 	1015 	1031
f 714 	1027 	1016
f 1028 	1037 	1029
f 1041 	1042 	1039
f 667 	1039 	1042
f 1040 	1041 	1039
f 1380 	1040 	1379
f 1039 	667 	670
f 670 	665 	1039
f 998 	997 	1047
f 1047 	1080 	998
f 999 	1047 	997
f 1052 	1046 	1048
f 1050 	7127 	1051
f 1052 	1048 	1042
f 1383 	1052 	1042
f 1055 	1050 	1051
f 1383 	1042 	1041
f 1055 	1057 	1056
f 1041 	1040 	1380
f 896 	1054 	911
f 997 	1030 	759
f 1053 	1057 	1051
f 759 	1054 	762
f 667 	1042 	1048
f 1030 	1054 	759
f 1563 	667 	1048
f 961 	562 	960
f 481 	565 	1061
f 1051 	1057 	1055
f 565 	961 	1061
f 1037 	1023 	1036
f 1058 	1055 	1056
f 1029 	1037 	1036
f 7041 	1061 	7044
f 1061 	961 	1062
f 1056 	1049 	1058
f 3897 	1049 	1056
f 958 	7053 	1062
f 1062 	959 	958
f 6767 	1056 	1057
f 7053 	958 	1064
f 6765 	1056 	6767
f 588 	585 	958
f 1070 	1018 	1066
f 1065 	1063 	1066
f 1063 	1070 	1066
f 1151 	1145 	1063
f 1151 	1063 	1065
f 1071 	1074 	1072
f 1069 	1018 	1070
f 1018 	1069 	1036
f 1067 	1066 	1018
f 1019 	1075 	1076
f 998 	1081 	1082
f 1081 	998 	1080
f 1083 	1085 	1084
f 1082 	1035 	998
f 1035 	1082 	1044
f 838 	2939 	842
f 842 	841 	838
f 2938 	834 	841
f 1078 	1090 	1091
f 1085 	1090 	1078
f 1078 	1091 	1087
f 840 	837 	835
f 1050 	1087 	1091
f 835 	832 	1088
f 840 	835 	1088
f 840 	1088 	824
f 1088 	465 	751
f 1088 	751 	813
f 813 	825 	1088
f 824 	1088 	825
f 1050 	1055 	1087
f 813 	751 	480
f 1090 	1089 	1091
f 480 	478 	814
f 814 	478 	760
f 760 	478 	468
f 1089 	1050 	1091
f 7127 	1050 	1089
f 196 	310 	1092
f 474 	1092 	310
f 1085 	1068 	1084
f 474 	1093 	1092
f 1078 	1087 	1094
f 249 	196 	1092
f 1087 	1096 	1094
f 1092 	1093 	249
f 1055 	1058 	1087
f 1087 	1058 	1096
f 1068 	1078 	1094
f 1085 	1078 	1068
f 1093 	1099 	249
f 1093 	1095 	1099
f 1068 	1094 	1071
f 1093 	1097 	1095
f 1095 	1097 	1324
f 1094 	1074 	1071
f 1095 	1106 	1098
f 3917 	1074 	1094
f 453 	1100 	1138
f 1101 	1120 	1102
f 249 	1100 	453
f 1100 	1098 	1108
f 1112 	1111 	1103
f 1098 	1099 	1095
f 1105 	1112 	1103
f 1103 	1114 	1105
f 1100 	249 	1099
f 1099 	1098 	1100
f 1104 	2990 	2989
f 1109 	1107 	1101
f 1098 	1106 	1108
f 1109 	1101 	1102
f 1103 	1109 	1102
f 1111 	1107 	1109
f 1111 	1109 	1103
f 1106 	1146 	1108
f 1107 	1131 	1101
f 1146 	1106 	1113
f 1110 	1115 	1104
f 1118 	1128 	1117
f 1129 	1121 	1122
f 1118 	1117 	1103
f 1118 	1103 	1102
f 1118 	1120 	1116
f 1125 	1116 	1120
f 1101 	1125 	1120
f 1077 	1127 	1075
f 1120 	1118 	1102
f 1123 	1129 	1122
f 1116 	1128 	1118
f 6342 	1130 	1131
f 7049 	1119 	1124
f 1124 	1079 	1126
f 1125 	1101 	1131
f 1115 	1110 	1129
f 1124 	1801 	7049
f 1125 	1131 	1130
f 1115 	1129 	1123
f 1132 	1122 	1121
f 1134 	1133 	1132
f 1122 	1132 	1133
f 1122 	1133 	1123
f 1386 	1318 	1133
f 1121 	1095 	1132
f 1386 	1133 	1134
f 1132 	1095 	1134
f 1324 	1134 	1095
f 1106 	1129 	1113
f 1106 	1121 	1129
f 1129 	1110 	1113
f 1106 	1095 	1121
f 403 	1138 	1136
f 1100 	1136 	1138
f 1100 	1146 	1136
f 1075 	1139 	1076
f 454 	402 	1135
f 1075 	1127 	1139
f 700 	1127 	1077
f 1018 	1019 	1076
f 715 	1077 	1075
f 1142 	1140 	403
f 403 	1140 	1135
f 715 	1075 	1019
f 403 	1136 	1142
f 1067 	1018 	1076
f 1143 	1137 	1139
f 1139 	1127 	1143
f 1139 	1159 	1076
f 796 	1127 	700
f 1144 	1141 	1142
f 1108 	1146 	1100
f 1144 	1146 	1110
f 1146 	1113 	1110
f 1110 	1104 	1144
f 1144 	1104 	2989
f 1142 	1136 	1146
f 1144 	1142 	1146
f 1066 	1149 	1065
f 1066 	1067 	1149
f 1150 	1147 	1145
f 1048 	4419 	1563
f 1082 	1081 	1086
f 1149 	1148 	1150
f 1065 	1149 	1151
f 1086 	1081 	1060
f 1151 	1149 	1150
f 1150 	1145 	1151
f 1147 	1150 	1148
f 1026 	1152 	1025
f 4967 	1060 	1081
f 1143 	1371 	1137
f 1060 	1059 	1086
f 1137 	1371 	1148
f 1159 	1137 	1148
f 1159 	1148 	1149
f 1371 	1147 	1148
f 1147 	1371 	1372
f 1076 	1149 	1067
f 1159 	1139 	1137
f 1076 	1159 	1149
f 1157 	1155 	1163
f 1194 	1537 	1155
f 1155 	1537 	1533
f 1163 	1155 	1533
f 1164 	2166 	1063
f 2166 	7352 	1063
f 1160 	1161 	1162
f 1165 	2442 	1167
f 1145 	1164 	1063
f 1166 	1168 	7156
f 5815 	1170 	1169
f 1172 	1173 	1169
f 1175 	1169 	1173
f 1173 	1174 	1175
f 1185 	1175 	1174
f 1145 	1525 	1171
f 1170 	1172 	1169
f 998 	1035 	1176
f 1176 	1030 	998
f 1054 	1172 	911
f 1179 	1526 	1511
f 911 	1172 	1170
f 1035 	1174 	1176
f 722 	1156 	1152
f 1176 	1173 	1172
f 1160 	1164 	1171
f 1172 	1030 	1176
f 1174 	1173 	1176
f 1328 	1177 	1153
f 1164 	1145 	1171
f 1035 	1044 	1174
f 1178 	1171 	1179
f 1054 	1030 	1172
f 1179 	1171 	1526
f 1179 	1180 	1178
f 1154 	1153 	1177
f 1379 	1154 	1177
f 1181 	1183 	1161
f 1184 	1185 	1174
f 1044 	1186 	1174
f 1181 	1178 	1180
f 917 	1331 	918
f 1186 	1184 	1174
f 1178 	1160 	1171
f 1181 	1180 	1183
f 1026 	723 	1152
f 1180 	1187 	1183
f 1152 	1153 	1025
f 1185 	1182 	1175
f 1033 	1025 	1153
f 1187 	1188 	1183
f 1182 	1169 	1175
f 1033 	1153 	1154
f 1181 	1160 	1178
f 1154 	1379 	1040
f 1184 	1182 	1185
f 1184 	1186 	1086
f 1156 	925 	918
f 1186 	1082 	1086
f 1180 	1179 	1187
f 1186 	1044 	1082
f 722 	1152 	723
f 1156 	722 	925
f 881 	1198 	883
f 864 	880 	863
f 880 	728 	863
f 864 	862 	880
f 1073 	1196 	1195
f 1197 	1804 	1124
f 880 	1204 	881
f 1197 	1124 	1126
f 1193 	1126 	1512
f 1196 	1197 	1126
f 881 	1199 	1198
f 1126 	1193 	1196
f 1196 	1073 	1197
f 1225 	1073 	1195
f 880 	862 	1200
f 1205 	1204 	1200
f 1230 	1203 	1201
f 1230 	1202 	1203
f 1199 	1204 	1205
f 880 	1200 	1204
f 1204 	1199 	881
f 1200 	862 	872
f 1208 	1215 	1207
f 1209 	1200 	872
f 873 	1209 	872
f 1211 	1205 	1200
f 1215 	1203 	1202
f 1215 	1212 	1203
f 1207 	1215 	1214
f 1216 	955 	951
f 954 	962 	1216
f 1213 	955 	1216
f 1202 	1214 	1215
f 1220 	1219 	962
f 1208 	1207 	1221
f 1213 	1216 	1219
f 1216 	962 	1219
f 1229 	1220 	962
f 1213 	1219 	1222
f 1208 	1221 	1223
f 1221 	1252 	1253
f 1221 	1207 	1252
f 1217 	1222 	1218
f 1222 	1220 	1218
f 1222 	1219 	1220
f 1224 	1218 	1220
f 1224 	1312 	1311
f 1234 	1228 	1227
f 1229 	1224 	1220
f 1232 	1234 	1230
f 1229 	1233 	1231
f 1235 	1412 	1233
f 1227 	1246 	1234
f 1233 	962 	1236
f 1230 	1234 	1246
f 1232 	1228 	1234
f 1246 	1202 	1230
f 1233 	1229 	962
f 954 	1236 	962
f 1236 	1235 	1233
f 1232 	1226 	1228
f 1236 	941 	940
f 1229 	1306 	1224
f 1195 	1226 	1232
f 1236 	954 	944
f 1226 	1195 	1196
f 1196 	1193 	1226
f 1225 	1232 	1230
f 1225 	1195 	1232
f 1201 	1225 	1230
f 1239 	1242 	1238
f 1242 	1239 	1244
f 1237 	1244 	1239
f 1218 	1237 	1217
f 1183 	1188 	1190
f 1218 	1224 	1237
f 1789 	1243 	1245
f 1130 	1116 	1125
f 1128 	1116 	1247
f 1581 	1187 	1179
f 1245 	1243 	1241
f 1166 	1161 	1183
f 1188 	1187 	6339
f 1246 	1214 	1202
f 1214 	1246 	1241
f 1116 	6333 	1247
f 1241 	1246 	1240
f 1246 	1227 	1240
f 1160 	1181 	1161
f 1103 	1250 	1249
f 1250 	1248 	1249
f 1103 	1117 	1250
f 1190 	6216 	1168
f 1114 	1103 	1249
f 1190 	1168 	1166
f 1249 	1272 	1114
f 1251 	2544 	1253
f 1249 	1248 	1271
f 1183 	1190 	1166
f 1253 	1252 	1251
f 1179 	1584 	1581
f 1252 	1241 	1243
f 1252 	1243 	1251
f 1252 	1214 	1241
f 1252 	1207 	1214
f 6387 	6388 	1264
f 1241 	1240 	1245
f 1245 	1240 	1787
f 1290 	1248 	1260
f 1260 	1255 	1258
f 1260 	1262 	1255
f 1200 	1209 	1211
f 2377 	1206 	2378
f 1198 	1199 	1206
f 1206 	1199 	1205
f 1250 	1260 	1248
f 1262 	1260 	1250
f 1250 	1117 	1262
f 493 	874 	1265
f 1262 	1264 	1254
f 493 	1266 	874
f 1264 	1262 	1267
f 1128 	1247 	1267
f 1269 	1266 	543
f 1267 	1262 	1117
f 1128 	1267 	1117
f 1265 	497 	493
f 497 	1265 	875
f 1268 	1262 	1254
f 493 	492 	1266
f 1254 	6372 	1430
f 1254 	1430 	1268
f 1268 	1255 	1262
f 866 	703 	499
f 499 	497 	866
f 864 	866 	497
f 875 	864 	497
f 1291 	1271 	1248
f 1272 	1273 	1271
f 1272 	1249 	1273
f 1249 	1271 	1273
f 1271 	1274 	1272
f 1270 	1276 	1277
f 1270 	1768 	1276
f 1277 	1275 	1270
f 1271 	1278 	1274
f 1277 	1280 	1275
f 1287 	1279 	1280
f 1282 	1286 	1285
f 1286 	1283 	1285
f 1287 	1280 	1284
f 1282 	1281 	1286
f 1284 	1277 	1276
f 1284 	1280 	1277
f 1283 	1278 	1285
f 1287 	1284 	1288
f 1287 	1474 	1279
f 1274 	1278 	1283
f 1288 	1289 	1287
f 1248 	1290 	1291
f 1237 	1224 	1293
f 1290 	1258 	1263
f 1260 	1258 	1290
f 1224 	1294 	1293
f 1290 	1292 	1291
f 1295 	1292 	1290
f 1293 	1294 	1296
f 1294 	1321 	1296
f 1293 	1296 	1244
f 1244 	1237 	1293
f 1298 	1303 	470
f 1296 	1297 	1242
f 1308 	1307 	1259
f 472 	1298 	470
f 472 	747 	1298
f 1296 	1242 	1244
f 748 	1300 	750
f 1303 	1300 	1313
f 1302 	1454 	1301
f 1313 	1299 	1303
f 1300 	1303 	1298
f 796 	739 	1304
f 474 	1303 	1305
f 1306 	1302 	1312
f 1319 	1324 	1299
f 1302 	1301 	1311
f 1299 	1324 	1310
f 1302 	1311 	1312
f 1303 	1299 	1310
f 1231 	1302 	1306
f 1231 	1306 	1229
f 1305 	1303 	1310
f 1324 	1097 	1310
f 1305 	1097 	1093
f 1305 	1310 	1097
f 1224 	1306 	1312
f 470 	1303 	474
f 1309 	1311 	1301
f 747 	750 	1300
f 1311 	1309 	1315
f 1316 	1311 	1315
f 1294 	1224 	1311
f 1313 	1314 	1326
f 1314 	1313 	1300
f 1316 	1315 	1317
f 1309 	1446 	1315
f 1300 	748 	1314
f 747 	1300 	1298
f 1321 	1316 	1317
f 1308 	1358 	1307
f 1308 	1304 	1332
f 1319 	1323 	1320
f 1307 	1257 	1259
f 1294 	1311 	1316
f 1322 	1323 	1326
f 1294 	1316 	1321
f 1319 	1299 	1313
f 1319 	1313 	1323
f 1152 	1156 	1328
f 1153 	1152 	1328
f 1192 	1177 	1328
f 1369 	1192 	1328
f 1329 	1256 	1257
f 1329 	1325 	1256
f 1327 	1297 	1296
f 1332 	781 	780
f 1332 	740 	781
f 1382 	1333 	1330
f 1333 	958 	585
f 1332 	1304 	739
f 1321 	1327 	1296
f 740 	1332 	739
f 1308 	1143 	1304
f 1363 	1261 	1362
f 1339 	1338 	1336
f 1343 	1335 	1321
f 1317 	1343 	1321
f 1317 	1607 	1337
f 1343 	1317 	1337
f 1345 	1336 	1342
f 1334 	1951 	1344
f 1327 	1321 	1335
f 1348 	787 	788
f 936 	1348 	788
f 1356 	1350 	1351
f 1257 	1354 	1360
f 1352 	1338 	1339
f 1365 	1338 	1352
f 1350 	1353 	1351
f 1353 	1355 	1351
f 1360 	1357 	1349
f 1358 	1334 	1344
f 1345 	1339 	1336
f 1357 	1360 	1341
f 1341 	1349 	1357
f 1339 	1345 	1346
f 1350 	1412 	1235
f 1361 	1330 	1340
f 1235 	1236 	1350
f 1236 	940 	1350
f 1344 	1354 	1358
f 1338 	1365 	1336
f 1412 	1350 	1356
f 940 	921 	1350
f 919 	794 	1350
f 1345 	950 	1346
f 1355 	1359 	1351
f 585 	950 	1345
f 1345 	1340 	1333
f 1345 	1342 	1340
f 787 	1359 	793
f 1360 	1344 	1341
f 1340 	1330 	1333
f 1355 	793 	1359
f 585 	1345 	1333
f 793 	1355 	1353
f 1342 	1361 	1340
f 1336 	1362 	1342
f 787 	1348 	1359
f 1328 	1156 	1331
f 1360 	1354 	1344
f 1354 	1257 	1307
f 1362 	1365 	1363
f 1365 	1651 	1363
f 1364 	917 	928
f 1329 	1349 	1325
f 1362 	1261 	1361
f 917 	1364 	1331
f 1360 	1329 	1257
f 1365 	1362 	1336
f 1360 	1349 	1329
f 1362 	1361 	1342
f 1354 	1307 	1358
f 1334 	780 	871
f 1365 	1366 	1651
f 1364 	1367 	1331
f 1367 	1368 	1369
f 1358 	1308 	1334
f 1369 	1331 	1367
f 1308 	1332 	1334
f 1370 	1366 	1365
f 1369 	1328 	1331
f 1332 	780 	1334
f 1156 	918 	1331
f 1352 	1370 	1365
f 1351 	1359 	1347
f 1368 	1191 	1192
f 1368 	1498 	1191
f 1369 	1368 	1192
f 1377 	1378 	1375
f 1375 	1064 	958
f 1375 	1378 	1381
f 1379 	1177 	1192
f 1449 	1451 	1374
f 1383 	1046 	1052
f 1375 	1382 	1374
f 1382 	1375 	958
f 1371 	1259 	1372
f 1259 	1384 	1372
f 1259 	1143 	1308
f 1371 	1143 	1259
f 1313 	1326 	1323
f 1256 	1548 	1384
f 1257 	1256 	1384
f 1259 	1257 	1384
f 1386 	1319 	1318
f 1304 	1143 	1127
f 1127 	796 	1304
f 1324 	1319 	1386
f 1324 	1386 	1134
f 1389 	1388 	1543
f 1392 	1394 	1393
f 1397 	1256 	1325
f 1385 	1544 	1397
f 6475 	1398 	1395
f 1390 	1400 	1399
f 1400 	607 	1399
f 1390 	1393 	1400
f 607 	1400 	629
f 1256 	1397 	1548
f 629 	1400 	190
f 609 	1399 	607
f 635 	1399 	609
f 1392 	1391 	1394
f 1404 	1396 	1391
f 1392 	1404 	1391
f 1406 	1404 	1392
f 1406 	1392 	1393
f 1390 	1406 	1393
f 1356 	1351 	1409
f 1302 	1231 	1411
f 1231 	1233 	1412
f 1412 	1411 	1231
f 1560 	1608 	1408
f 1407 	1560 	1408
f 1410 	1405 	1403
f 1411 	1412 	1409
f 1349 	1405 	1414
f 1407 	1413 	1560
f 1325 	1349 	1414
f 1414 	1405 	1410
f 1285 	1278 	1291
f 1291 	1278 	1271
f 1414 	1397 	1325
f 1351 	1347 	1409
f 1414 	1410 	1397
f 1409 	1412 	1356
f 1444 	1409 	1347
f 1385 	1397 	1410
f 1415 	1281 	1282
f 1401 	1387 	1402
f 1418 	1420 	1421
f 1387 	1403 	1402
f 1419 	1417 	1422
f 1387 	1410 	1403
f 1420 	1418 	1416
f 1402 	1424 	1401
f 1398 	1401 	1424
f 1415 	1282 	1423
f 1415 	1423 	1418
f 1424 	1402 	1427
f 1418 	1423 	1416
f 1444 	1347 	1443
f 1416 	1425 	1292
f 1426 	1347 	1359
f 1423 	1282 	1425
f 1425 	1282 	1285
f 1426 	1443 	1347
f 1417 	1426 	1422
f 1395 	1398 	1424
f 1425 	1416 	1423
f 1425 	1291 	1292
f 1291 	1425 	1285
f 1426 	1348 	1422
f 1403 	2133 	1402
f 937 	1422 	936
f 936 	1422 	1348
f 1419 	1422 	937
f 1359 	1348 	1426
f 1430 	1255 	1268
f 1255 	1431 	1258
f 1429 	1434 	1431
f 1417 	1435 	1433
f 1433 	1432 	1417
f 1263 	1436 	1494
f 1263 	1434 	1436
f 1417 	1419 	1435
f 1492 	1263 	1494
f 1263 	1258 	1431
f 1430 	1431 	1255
f 1437 	1433 	1435
f 1480 	1429 	1431
f 1431 	1434 	1263
f 1437 	1626 	1624
f 1438 	1626 	1437
f 6424 	1428 	1430
f 1375 	1381 	1064
f 1377 	1373 	1376
f 1373 	1452 	1376
f 1374 	1377 	1375
f 1607 	1442 	1445
f 1445 	1442 	1450
f 1378 	1377 	1079
f 1079 	1124 	1378
f 1446 	1442 	1607
f 1126 	1079 	1377
f 1377 	1376 	1126
f 1119 	1378 	1124
f 1377 	1374 	1373
f 1381 	1378 	1119
f 1382 	1330 	1449
f 1447 	1442 	1446
f 1449 	1330 	1361
f 1333 	1382 	958
f 1625 	1445 	1443
f 1382 	1449 	1374
f 1443 	1450 	1444
f 1450 	1443 	1445
f 1451 	1373 	1374
f 1610 	1446 	1607
f 1309 	1301 	1446
f 1451 	1452 	1373
f 1446 	1301 	1447
f 1301 	1454 	1447
f 1450 	1447 	1448
f 1455 	1453 	1452
f 1448 	1409 	1444
f 1448 	1411 	1409
f 1442 	1447 	1450
f 6557 	1424 	1427
f 1454 	1302 	1411
f 1448 	1444 	1450
f 1448 	1447 	1454
f 1457 	1456 	1455
f 1411 	1448 	1454
f 635 	532 	1547
f 635 	1547 	1413
f 1413 	1399 	635
f 1407 	1458 	1413
f 1413 	1458 	1390
f 1406 	1390 	1458
f 1458 	1396 	1404
f 1406 	1458 	1404
f 1413 	1390 	1399
f 1460 	914 	913
f 1460 	1736 	914
f 1460 	913 	1462
f 1462 	1459 	1460
f 1463 	963 	2391
f 1463 	1391 	1464
f 1464 	1466 	1462
f 1462 	913 	1464
f 1464 	963 	1463
f 1465 	1461 	1466
f 1464 	913 	963
f 1467 	1289 	1288
f 1459 	1462 	1466
f 1464 	1465 	1466
f 1540 	1459 	1466
f 1465 	1464 	1391
f 1465 	1391 	1396
f 1469 	1408 	1608
f 1467 	1288 	1284
f 1467 	1284 	1470
f 1284 	1276 	1470
f 1707 	1468 	1470
f 1470 	1578 	1707
f 1470 	1276 	1578
f 1532 	1465 	1396
f 1461 	1465 	1532
f 1289 	1471 	1287
f 1473 	1466 	1461
f 1532 	1396 	1458
f 1474 	1287 	1471
f 1480 	1439 	1440
f 1471 	1472 	1475
f 1440 	1441 	1478
f 1474 	1479 	1279
f 1480 	1440 	1478
f 1541 	1475 	1476
f 1477 	1478 	1441
f 1428 	1439 	1480
f 1430 	1428 	1480
f 1478 	1429 	1480
f 1430 	1480 	1431
f 1380 	1383 	1041
f 1487 	1383 	1380
f 1483 	4726 	1046
f 1487 	1483 	1383
f 1483 	1046 	1383
f 1380 	1486 	1487
f 1488 	1489 	1486
f 1484 	1434 	1429
f 1488 	1490 	1489
f 1484 	1485 	1434
f 1486 	1489 	1487
f 1434 	1485 	1436
f 1485 	1482 	1436
f 1477 	1484 	1478
f 1486 	1380 	1379
f 1478 	1484 	1429
f 1191 	1488 	1486
f 1263 	1492 	1290
f 1492 	1295 	1290
f 1493 	1492 	1494
f 1483 	1487 	1489
f 1489 	1496 	1495
f 1483 	1489 	1495
f 1494 	1436 	1687
f 1494 	1687 	1497
f 1488 	1191 	1498
f 1192 	1486 	1379
f 1497 	1493 	1494
f 1491 	1493 	1497
f 1295 	1492 	1493
f 1192 	1191 	1486
f 1500 	1501 	1499
f 1488 	2428 	1490
f 1503 	1491 	1502
f 1498 	2428 	1488
f 2546 	2428 	1498
f 1495 	1496 	1505
f 1506 	1505 	1496
f 1489 	1507 	1496
f 1489 	1490 	1507
f 1504 	1694 	1988
f 1496 	1507 	1506
f 1402 	2137 	1427
f 1261 	1457 	1451
f 1451 	1457 	1452
f 1455 	1452 	1457
f 1456 	1457 	1261
f 1261 	1451 	1449
f 1512 	1376 	1452
f 1453 	1776 	1228
f 1509 	1508 	1513
f 1776 	1453 	1455
f 1517 	1508 	1509
f 1452 	1453 	1193
f 1452 	1193 	1512
f 1226 	1193 	1453
f 1513 	1519 	1511
f 1226 	1453 	1228
f 1512 	1126 	1376
f 1361 	1261 	1449
f 1523 	1524 	1514
f 1525 	1517 	1509
f 1515 	1516 	1528
f 1520 	1528 	1516
f 1189 	1529 	1530
f 1528 	1523 	1515
f 1528 	1531 	1555
f 1553 	1528 	1555
f 1553 	1523 	1528
f 1528 	1520 	1531
f 1407 	1536 	1532
f 1407 	1532 	1458
f 1530 	1529 	1533
f 1535 	1532 	1536
f 1529 	1189 	891
f 1535 	1461 	1532
f 1461 	1535 	1473
f 1529 	1534 	1533
f 1520 	1518 	1531
f 1408 	1469 	1536
f 1407 	1408 	1536
f 1189 	1537 	1194
f 1469 	1535 	1536
f 1523 	1514 	1515
f 1530 	1537 	1189
f 1469 	1473 	1535
f 1280 	1279 	1479
f 1538 	1460 	1459
f 1538 	1459 	1540
f 1513 	1511 	1526
f 1476 	1481 	1541
f 1541 	1481 	1479
f 1474 	1471 	1541
f 1509 	1513 	1526
f 1538 	1540 	1539
f 1541 	1471 	1475
f 1543 	1540 	1473
f 1543 	1539 	1540
f 1147 	1525 	1145
f 1474 	1541 	1479
f 1171 	1525 	1509
f 1147 	1372 	1525
f 1171 	1509 	1526
f 1517 	1525 	1372
f 1372 	1548 	1517
f 1388 	1538 	1539
f 1466 	1473 	1540
f 1410 	1519 	1385
f 1389 	1543 	1469
f 1543 	1388 	1539
f 1469 	1543 	1473
f 1544 	1513 	1508
f 1508 	1517 	1544
f 532 	678 	1547
f 1372 	1384 	1548
f 1562 	1547 	678
f 1549 	1547 	1562
f 1546 	1549 	1562
f 1562 	678 	673
f 1767 	1559 	1552
f 1514 	1524 	1510
f 1552 	1551 	1550
f 1550 	1545 	1552
f 1524 	1666 	1510
f 1549 	1560 	1547
f 1413 	1547 	1560
f 1553 	1555 	1521
f 1557 	1550 	1551
f 1557 	1764 	1550
f 1586 	1558 	1580
f 1556 	1551 	1559
f 1559 	1551 	1552
f 1558 	1560 	1549
f 1549 	1546 	1558
f 1551 	1556 	1557
f 1521 	1522 	1524
f 1521 	1524 	1523
f 1521 	1523 	1553
f 1554 	1565 	1556
f 1557 	1556 	1567
f 1565 	1567 	1556
f 1569 	1571 	1572
f 1562 	1563 	1568
f 1562 	673 	1563
f 673 	667 	1563
f 1572 	1573 	1566
f 1568 	1561 	1546
f 1546 	1562 	1568
f 1567 	1565 	1942
f 1570 	1571 	1569
f 1571 	1573 	1572
f 1575 	1579 	1574
f 1576 	1577 	1550
f 1545 	1577 	1542
f 1570 	2162 	1571
f 1577 	1578 	1542
f 1545 	1550 	1577
f 1574 	1546 	1561
f 1561 	4493 	1574
f 1544 	1517 	1548
f 1574 	4493 	1595
f 1530 	1533 	1537
f 1579 	1546 	1574
f 1519 	1410 	1387
f 1558 	1546 	1579
f 1558 	1579 	1580
f 1533 	1534 	1163
f 1385 	1513 	1544
f 1580 	1579 	1575
f 1513 	1385 	1519
f 1163 	1534 	5672
f 1548 	1397 	1544
f 1589 	1584 	1585
f 1586 	1580 	1582
f 1586 	1389 	1469
f 1586 	1582 	1389
f 1581 	6475 	6566
f 1389 	1582 	1588
f 1589 	6475 	1581
f 6566 	1187 	1581
f 1584 	1589 	1581
f 1592 	1588 	1591
f 1387 	1401 	1585
f 1585 	1519 	1387
f 1589 	1401 	1398
f 1591 	1588 	1582
f 1401 	1589 	1585
f 1519 	1585 	1511
f 1598 	1591 	1582
f 1584 	1179 	1511
f 1585 	1584 	1511
f 1389 	1592 	1388
f 1592 	1389 	1588
f 1590 	1600 	1587
f 1595 	1598 	1575
f 1580 	1575 	1598
f 1580 	1598 	1582
f 1570 	1522 	1521
f 1601 	1598 	1595
f 1604 	1602 	1603
f 1601 	2083 	2130
f 2129 	1591 	1601
f 1601 	1591 	1598
f 1595 	1575 	1574
f 809 	807 	1611
f 809 	1611 	1594
f 1607 	1623 	1605
f 1469 	1608 	1586
f 1623 	1607 	1445
f 1586 	1608 	1558
f 1560 	1558 	1608
f 1611 	807 	1616
f 1607 	1317 	1610
f 1446 	1610 	1315
f 1610 	1317 	1315
f 1607 	1605 	1614
f 1616 	1615 	1611
f 1611 	1615 	1619
f 1606 	1614 	1605
f 2954 	754 	1703
f 2982 	1337 	1614
f 1337 	1607 	1614
f 1624 	1605 	1623
f 2954 	1621 	1620
f 1624 	1432 	1433
f 1620 	1618 	2954
f 1613 	1621 	1612
f 1612 	1621 	1617
f 1627 	749 	1618
f 1618 	1620 	1627
f 1433 	1437 	1624
f 1628 	1627 	1620
f 1624 	1622 	1606
f 754 	1629 	745
f 1432 	1624 	1623
f 1624 	1626 	1622
f 1625 	1443 	1426
f 1426 	1417 	1625
f 1777 	1647 	1527
f 1625 	1417 	1432
f 1445 	1625 	1623
f 1432 	1623 	1625
f 1639 	1527 	1640
f 1639 	1630 	1527
f 1605 	1624 	1606
f 1622 	1626 	1438
f 1632 	1633 	1630
f 1527 	1646 	1640
f 1636 	1435 	1419
f 1636 	1437 	1435
f 937 	1636 	1419
f 1634 	1636 	937
f 1437 	1636 	1637
f 937 	934 	1634
f 1631 	1633 	1632
f 1631 	1639 	1673
f 1665 	1631 	1673
f 1634 	1638 	1637
f 1630 	1639 	1632
f 1616 	877 	1641
f 1615 	1616 	1641
f 1619 	1615 	1641
f 1599 	1600 	1590
f 1632 	1639 	1631
f 1642 	1643 	1795
f 1641 	877 	879
f 1645 	1587 	1600
f 1641 	1609 	1619
f 1642 	1644 	1633
f 1597 	1599 	1590
f 1641 	879 	878
f 1641 	878 	1609
f 1642 	1795 	1644
f 1642 	1633 	1631
f 1631 	1643 	1642
f 1645 	1600 	1599
f 1609 	1594 	1619
f 1645 	1593 	1587
f 1611 	1619 	1594
f 1527 	1647 	1646
f 1261 	1363 	1647
f 1646 	1648 	1640
f 886 	1649 	1609
f 878 	886 	1609
f 1650 	1648 	1651
f 1648 	1646 	1651
f 1155 	1157 	1652
f 1652 	1157 	1654
f 1652 	1656 	1155
f 1657 	1658 	1654
f 1657 	1654 	1157
f 1657 	1157 	1158
f 1647 	1651 	1646
f 1651 	1647 	1363
f 1659 	1662 	1660
f 1658 	1670 	1654
f 1662 	809 	1594
f 1661 	1655 	1650
f 1651 	1661 	1650
f 1651 	1366 	1661
f 1663 	1708 	1664
f 1663 	1660 	1662
f 1658 	1645 	1599
f 1609 	1662 	1594
f 1599 	1670 	1658
f 1662 	1659 	809
f 1663 	1664 	1660
f 1593 	1645 	1658
f 1665 	1643 	1631
f 1662 	1609 	1663
f 1609 	1649 	1663
f 1748 	1656 	1652
f 1604 	1510 	1666
f 1604 	1564 	1510
f 1667 	1603 	1566
f 1603 	1569 	1572
f 1603 	1572 	1566
f 2161 	1667 	1566
f 1667 	1564 	1604
f 1501 	1500 	1420
f 1420 	1416 	1501
f 1667 	1604 	1603
f 1503 	1499 	1501
f 1668 	1670 	1671
f 1503 	1504 	1499
f 754 	2954 	1629
f 1629 	2954 	1618
f 1603 	1602 	1569
f 1628 	1620 	1621
f 1666 	1672 	1604
f 1602 	1570 	1569
f 1570 	1602 	1604
f 1499 	1504 	1988
f 1573 	2161 	1566
f 1421 	1420 	1500
f 1570 	1604 	1672
f 1503 	1416 	1292
f 1570 	1672 	1666
f 1640 	1673 	1639
f 1666 	1522 	1570
f 1673 	1640 	1674
f 1503 	1295 	1493
f 1503 	1292 	1295
f 1503 	1493 	1491
f 1501 	1416 	1503
f 1640 	1650 	1674
f 1666 	1524 	1522
f 1500 	1817 	1421
f 5952 	1674 	1655
f 1655 	1674 	1650
f 1650 	1640 	1648
f 1675 	2552 	1678
f 1679 	1633 	1644
f 1675 	1680 	1682
f 1630 	1633 	1679
f 1678 	1677 	1680
f 1678 	1680 	1675
f 1629 	749 	748
f 750 	745 	1629
f 1629 	748 	750
f 1629 	1618 	749
f 1682 	1680 	1497
f 1683 	749 	1627
f 1927 	748 	749
f 1482 	1675 	1682
f 1682 	1497 	1687
f 1555 	1839 	1521
f 1682 	1687 	1482
f 1482 	1687 	1436
f 1843 	1555 	1531
f 1502 	1689 	1690
f 1621 	1613 	1628
f 1660 	1664 	1948
f 1660 	851 	847
f 1694 	1690 	1695
f 1628 	1613 	1692
f 1664 	1944 	1948
f 1628 	1692 	1627
f 1949 	851 	1660
f 1949 	1660 	1948
f 1695 	1690 	1689
f 1683 	1627 	1692
f 1692 	1686 	1693
f 1690 	1694 	1504
f 1933 	1685 	1388
f 1690 	1504 	1503
f 1697 	1696 	1653
f 1388 	1685 	1538
f 1690 	1503 	1502
f 1688 	1686 	1769
f 1934 	1935 	1686
f 1663 	1649 	1698
f 1696 	1699 	1698
f 1491 	1497 	1689
f 1491 	1689 	1502
f 1935 	1693 	1686
f 1698 	1649 	1696
f 1613 	1710 	1766
f 1699 	1709 	1698
f 1701 	1769 	1686
f 1694 	1702 	2187
f 1613 	1766 	1701
f 2076 	1692 	1693
f 1702 	1694 	1695
f 1663 	1698 	1708
f 1701 	1686 	1692
f 1701 	1692 	1613
f 1696 	1697 	1699
f 1695 	1700 	1702
f 1088 	832 	1703
f 1689 	1691 	1695
f 465 	1088 	1703
f 1653 	922 	1697
f 1706 	1649 	923
f 1649 	1706 	1696
f 1696 	1706 	1653
f 1705 	1612 	1617
f 1617 	1713 	1705
f 1705 	1704 	1750
f 1710 	1705 	1750
f 1705 	1724 	1704
f 1710 	1612 	1705
f 1713 	1617 	3129
f 1708 	1698 	1709
f 1750 	1766 	1710
f 1691 	1680 	1677
f 1613 	1612 	1710
f 1691 	1689 	1680
f 1709 	1722 	1711
f 1709 	1711 	1708
f 1689 	1497 	1680
f 1747 	1713 	3129
f 1729 	1697 	931
f 1699 	1714 	1722
f 1699 	1722 	1709
f 1717 	1712 	1718
f 1712 	1730 	1718
f 1716 	1722 	1714
f 1715 	1713 	1747
f 1718 	1832 	1717
f 1719 	1723 	1716
f 1715 	1744 	1724
f 1713 	1715 	1705
f 1699 	1697 	1714
f 1705 	1715 	1724
f 1955 	1711 	1722
f 1716 	1723 	2065
f 1716 	1955 	1722
f 1725 	1281 	1415
f 1723 	1719 	1728
f 1714 	1729 	1716
f 1697 	1729 	1714
f 1716 	1729 	1719
f 1704 	1724 	1726
f 1732 	1727 	1726
f 1732 	1736 	1727
f 930 	1003 	1733
f 1726 	1724 	1744
f 1013 	1729 	931
f 1538 	1727 	1460
f 1719 	1729 	1733
f 1727 	1538 	1753
f 1286 	1734 	1735
f 1753 	1726 	1727
f 1730 	1734 	1731
f 1725 	1731 	1734
f 1735 	1734 	1730
f 1013 	1733 	1729
f 1730 	1712 	1735
f 1736 	1460 	1727
f 1725 	1734 	1286
f 3124 	1738 	1737
f 1578 	1576 	1707
f 1578 	1577 	1576
f 1728 	1719 	1943
f 1728 	1943 	1749
f 3124 	1732 	1738
f 1744 	1738 	1732
f 1732 	1726 	1744
f 1670 	1669 	1671
f 1668 	1743 	1670
f 1740 	2069 	2072
f 1743 	1745 	1670
f 1715 	1738 	1744
f 1670 	1652 	1654
f 1737 	1738 	1715
f 1715 	1747 	1737
f 1670 	1748 	1652
f 1670 	1745 	1748
f 1746 	1728 	1749
f 1775 	1742 	1737
f 1597 	1669 	1599
f 1669 	1670 	1599
f 1668 	1752 	1743
f 1754 	1538 	1751
f 1748 	2431 	1656
f 1685 	1751 	1538
f 1745 	2431 	1748
f 1751 	1685 	1688
f 1668 	1671 	1989
f 1538 	1757 	1753
f 1726 	1753 	1762
f 1590 	1756 	1758
f 1759 	1760 	1758
f 1760 	1590 	1758
f 1538 	1754 	1757
f 1759 	1590 	1760
f 1759 	1597 	1590
f 1758 	1761 	1759
f 1576 	1739 	1904
f 1764 	1567 	1763
f 1762 	1753 	1757
f 1567 	1764 	1557
f 1763 	1765 	1764
f 1762 	1750 	1704
f 1764 	1765 	1739
f 1765 	1763 	2283
f 1764 	1576 	1550
f 1576 	1764 	1739
f 1769 	1751 	1688
f 7213 	7212 	1767
f 1767 	1552 	1545
f 1762 	1766 	1750
f 1767 	1276 	1768
f 1276 	1542 	1578
f 1762 	1757 	1773
f 1545 	1542 	1276
f 1773 	1757 	1754
f 1545 	1276 	1767
f 1762 	1773 	1766
f 1894 	1468 	1707
f 1766 	1773 	1701
f 7377 	7213 	1767
f 7394 	7391 	1768
f 1768 	1270 	7394
f 1771 	1772 	1770
f 1773 	1754 	1751
f 1773 	1751 	1769
f 1773 	1769 	1701
f 1704 	1726 	1762
f 1747 	1775 	1737
f 2162 	1570 	1681
f 1771 	1467 	1470
f 1289 	1467 	1774
f 1634 	1637 	1636
f 1637 	1438 	1437
f 1456 	1647 	1777
f 933 	636 	1635
f 1630 	1679 	1777
f 1778 	1777 	1679
f 1527 	1630 	1777
f 933 	1635 	1638
f 1780 	1777 	1778
f 1456 	1777 	1780
f 1776 	1780 	1778
f 1780 	1776 	1455
f 1779 	1782 	1781
f 1780 	1455 	1456
f 1903 	1783 	1782
f 1456 	1261 	1647
f 1467 	1771 	1774
f 1468 	1771 	1470
f 1778 	1787 	1240
f 1778 	1227 	1776
f 1776 	1227 	1228
f 1240 	1227 	1778
f 1772 	1771 	1468
f 1786 	1785 	1788
f 1789 	1784 	1243
f 1787 	1789 	1245
f 1785 	1786 	1790
f 1787 	1791 	1792
f 1770 	1772 	1788
f 1787 	1778 	1679
f 1772 	1931 	1788
f 1787 	1679 	1791
f 1786 	1793 	1790
f 1786 	1788 	1793
f 1792 	1791 	1795
f 1791 	1644 	1795
f 1679 	1644 	1791
f 1793 	1788 	1931
f 1796 	1784 	1799
f 1643 	1796 	1795
f 1795 	1796 	1792
f 1797 	1770 	1788
f 1771 	1770 	1797
f 1789 	1799 	1784
f 1774 	1771 	1797
f 1799 	1792 	1796
f 1796 	1643 	1784
f 1792 	1799 	1787
f 1787 	1799 	1789
f 1800 	1802 	1798
f 1471 	1802 	1472
f 6746 	1801 	1804
f 1806 	1774 	1797
f 1807 	6766 	1803
f 1806 	1471 	1289
f 1802 	1806 	1798
f 1073 	1225 	1809
f 1805 	1802 	1800
f 1471 	1806 	1802
f 1805 	1800 	1880
f 1809 	1807 	1073
f 1286 	1281 	1725
f 1808 	1807 	1809
f 6769 	6766 	1808
f 1735 	1810 	1286
f 1073 	1807 	1811
f 1811 	1803 	1804
f 1811 	1804 	1197
f 1197 	1073 	1811
f 1415 	1812 	1725
f 1808 	6766 	1807
f 1801 	1124 	1804
f 1807 	1803 	1811
f 1814 	1813 	1201
f 1817 	1418 	1421
f 1818 	1808 	1809
f 1818 	1816 	1808
f 1809 	1225 	1818
f 1201 	1203 	1814
f 1418 	1817 	1415
f 1203 	1212 	1814
f 1815 	1415 	1817
f 1814 	6794 	1813
f 1812 	1819 	1725
f 1819 	1826 	1725
f 6795 	1816 	1813
f 1812 	1820 	1819
f 1814 	1212 	6793
f 1731 	1725 	1826
f 1201 	1813 	1816
f 1225 	1201 	1818
f 1201 	1816 	1818
f 1820 	1966 	1821
f 1823 	1822 	1824
f 1812 	1815 	1820
f 1815 	1812 	1415
f 1823 	1828 	1827
f 1820 	2169 	1819
f 1824 	1828 	1823
f 1730 	1731 	1826
f 1823 	1850 	1852
f 1718 	1829 	1720
f 1823 	1827 	1850
f 2169 	1829 	1826
f 1721 	1720 	1829
f 1826 	1819 	2169
f 1820 	1821 	2169
f 1829 	1730 	1826
f 1730 	1829 	1718
f 1827 	1828 	1830
f 1827 	1830 	1859
f 5560 	5562 	1831
f 1833 	1834 	1835
f 1717 	1832 	1836
f 1521 	1839 	1681
f 1555 	1843 	1839
f 1838 	1845 	1837
f 1842 	1684 	1681
f 1842 	1681 	1839
f 1841 	1840 	1837
f 1834 	1840 	1841
f 1834 	1844 	1835
f 1839 	1843 	1849
f 1845 	1838 	5071
f 1851 	1846 	1842
f 1834 	1841 	1847
f 1834 	1847 	1844
f 1531 	1518 	1835
f 1843 	1531 	1835
f 1835 	1877 	1843
f 1518 	1833 	1835
f 1865 	1825 	1833
f 1846 	1684 	1842
f 1822 	1823 	1848
f 1822 	1848 	1834
f 1850 	1827 	5062
f 1849 	1843 	1872
f 1842 	1839 	1849
f 1852 	1848 	1823
f 1851 	1842 	1849
f 1849 	1872 	1676
f 1849 	1676 	1851
f 1852 	1854 	1837
f 1863 	1851 	1676
f 1854 	1838 	1837
f 1852 	1850 	1854
f 1846 	1851 	1853
f 1840 	1848 	1852
f 1834 	1848 	1840
f 1852 	1837 	1840
f 1878 	1841 	1837
f 1874 	1828 	1824
f 1861 	1856 	1855
f 1991 	1855 	1856
f 1824 	1822 	1833
f 2044 	1855 	1857
f 1824 	1833 	1825
f 1833 	1822 	1834
f 1841 	1878 	1847
f 1858 	1991 	1856
f 1830 	1881 	1859
f 1860 	1510 	1564
f 1860 	1514 	1510
f 1860 	1862 	1515
f 1862 	1516 	1515
f 1851 	1866 	1861
f 1860 	1515 	1514
f 1518 	1520 	1862
f 1862 	1520 	1516
f 1518 	1862 	1865
f 1867 	1824 	1825
f 1865 	1862 	1867
f 1864 	1868 	1863
f 1862 	1860 	1867
f 1865 	1867 	1825
f 1856 	1863 	1868
f 1833 	1518 	1865
f 1824 	1867 	1874
f 1863 	1856 	1866
f 1861 	1866 	1856
f 1866 	1851 	1863
f 1902 	1869 	1870
f 1676 	2030 	1863
f 2030 	1864 	1863
f 1877 	1872 	1843
f 1806 	1797 	1798
f 1289 	1774 	1806
f 1872 	1877 	1869
f 1872 	1869 	1902
f 1873 	1875 	2827
f 1876 	1875 	1873
f 1878 	1877 	1847
f 1844 	1877 	1835
f 1844 	1847 	1877
f 1878 	1845 	5507
f 1837 	1845 	1878
f 1877 	1878 	1869
f 1830 	1828 	1874
f 1882 	1830 	1874
f 1873 	1879 	1880
f 1805 	1880 	1879
f 1876 	1873 	1880
f 1800 	1876 	1880
f 1887 	1788 	1785
f 1919 	1884 	1882
f 1797 	1788 	1887
f 1797 	1887 	1798
f 1888 	1889 	1883
f 1883 	1875 	1888
f 1885 	1884 	1886
f 1875 	1876 	1888
f 1887 	1785 	1888
f 1889 	1888 	1785
f 1886 	1884 	1919
f 1889 	1785 	1790
f 1887 	1888 	1876
f 1876 	1800 	1887
f 1887 	1800 	1798
f 1889 	1794 	1883
f 1884 	1885 	1890
f 2842 	1883 	1794
f 2842 	1794 	2837
f 1890 	1891 	1884
f 1884 	1891 	1882
f 1889 	1790 	1794
f 1576 	1892 	1707
f 1892 	1894 	1707
f 1882 	1891 	1895
f 1881 	1830 	1882
f 5560 	1831 	1897
f 1881 	1882 	1895
f 1954 	1014 	1897
f 1718 	1720 	1832
f 1954 	1897 	1831
f 1902 	2030 	1676
f 1902 	1898 	2030
f 1831 	1717 	1836
f 1899 	1900 	1901
f 1781 	1782 	1783
f 1914 	1920 	1893
f 1892 	1914 	1893
f 1898 	1902 	1870
f 1576 	1905 	1892
f 1576 	1904 	1905
f 1871 	1907 	1906
f 1783 	1908 	1781
f 1909 	1904 	1739
f 1909 	1739 	1765
f 1871 	1906 	1870
f 1906 	1898 	1870
f 1910 	1911 	1909
f 1909 	1911 	1904
f 1911 	1905 	1904
f 1872 	1902 	1676
f 6941 	1908 	1783
f 1783 	1903 	6941
f 1885 	1886 	1913
f 1765 	2658 	1909
f 1912 	1913 	1886
f 2658 	1910 	1909
f 1914 	1905 	1911
f 1914 	1892 	1905
f 1910 	1914 	1911
f 1867 	1860 	1915
f 1867 	1915 	1874
f 1919 	1915 	2001
f 1919 	1874 	1915
f 3592 	3017 	1918
f 1928 	1916 	1910
f 1914 	1910 	1916
f 1914 	1916 	1920
f 1775 	1747 	1923
f 1921 	1775 	1923
f 1917 	1924 	1926
f 3252 	1923 	1747
f 1921 	1742 	1775
f 1924 	3024 	1922
f 1920 	1922 	1893
f 1925 	3265 	3270
f 1926 	1916 	1917
f 1924 	1922 	1926
f 1925 	1921 	1923
f 1920 	1916 	1926
f 1917 	1916 	1928
f 1920 	1926 	1922
f 1314 	1927 	2089
f 1918 	1917 	1928
f 1314 	748 	1927
f 2089 	1326 	1314
f 1927 	1683 	1929
f 2078 	1929 	1930
f 1790 	1793 	3043
f 1931 	1892 	1893
f 1894 	1892 	1931
f 1772 	1468 	1894
f 1683 	1930 	1929
f 1930 	1683 	2076
f 2118 	1927 	1929
f 1931 	1772 	1894
f 1927 	749 	1683
f 1931 	1893 	1793
f 1893 	1922 	1793
f 2118 	1929 	2078
f 1932 	1934 	1933
f 1922 	3044 	1793
f 1934 	1685 	1933
f 1793 	3044 	3043
f 1794 	1790 	3043
f 1935 	1934 	1932
f 1934 	1686 	1688
f 1936 	1937 	1938
f 1934 	1688 	1685
f 1938 	2113 	1936
f 1590 	1587 	1756
f 1746 	1749 	1741
f 1554 	1937 	1565
f 1941 	6717 	1740
f 1940 	1942 	1937
f 1943 	1719 	1733
f 1942 	1565 	1937
f 1943 	1941 	1741
f 1940 	1936 	1939
f 1943 	1741 	1749
f 1733 	1003 	1006
f 1943 	1733 	1000
f 1941 	1943 	1000
f 1940 	1937 	1936
f 1733 	1006 	1000
f 1938 	720 	724
f 1945 	1946 	1944
f 1664 	1953 	1944
f 1900 	1947 	1901
f 1951 	871 	1949
f 1948 	1946 	1951
f 1944 	1946 	1948
f 1946 	1945 	1951
f 1344 	1951 	1945
f 1949 	1948 	1951
f 1334 	871 	1951
f 1954 	1950 	1034
f 1945 	1952 	1344
f 1953 	1952 	1945
f 1954 	1836 	1832
f 1953 	1945 	1944
f 1954 	1831 	1836
f 1950 	1954 	1899
f 1954 	1034 	1896
f 1954 	1832 	1900
f 1349 	1341 	1963
f 1952 	1341 	1344
f 1024 	1896 	1034
f 1963 	1405 	1349
f 1954 	1896 	1014
f 1955 	1953 	1711
f 1708 	1711 	1953
f 1708 	1953 	1664
f 1959 	1957 	1958
f 1962 	1782 	1779
f 1947 	1720 	1721
f 1903 	1782 	1962
f 1947 	1832 	1720
f 1962 	1959 	1903
f 1954 	1900 	1899
f 1976 	1962 	1779
f 1947 	1900 	1832
f 1957 	1956 	1965
f 1957 	1965 	1958
f 1964 	1967 	1758
f 1964 	1758 	1756
f 1967 	1761 	1758
f 1958 	2027 	1959
f 1755 	1964 	1756
f 1965 	2027 	1958
f 7067 	1964 	1755
f 1957 	1959 	1962
f 1970 	1821 	1966
f 2093 	1988 	1968
f 1759 	1761 	1983
f 1975 	1973 	1972
f 1971 	1970 	1982
f 1977 	1668 	1978
f 1668 	1989 	1978
f 1969 	1970 	1971
f 1752 	1668 	1977
f 2093 	1500 	1499
f 1962 	1976 	1973
f 1979 	1977 	1978
f 1970 	1966 	1982
f 1981 	1980 	1671
f 1669 	1597 	1981
f 1970 	1969 	1821
f 1671 	1669 	1981
f 1969 	2107 	1821
f 1979 	1978 	2079
f 1978 	1989 	2079
f 1980 	2079 	1989
f 1980 	1990 	2079
f 1980 	1989 	1671
f 1857 	1855 	1991
f 1980 	1981 	1990
f 1858 	1998 	1992
f 1987 	1985 	1984
f 1991 	1858 	1992
f 1994 	1987 	1990
f 1987 	1983 	1985
f 1994 	1981 	1597
f 1990 	1981 	1994
f 1987 	1994 	1983
f 1995 	2005 	1996
f 1993 	1995 	1992
f 1993 	1997 	1995
f 1993 	1992 	1998
f 1998 	1997 	1993
f 1886 	1919 	1999
f 1874 	1919 	1882
f 1998 	2000 	1997
f 2001 	1999 	1919
f 1998 	2002 	2000
f 2002 	2003 	2004
f 2005 	1995 	1997
f 2009 	2008 	2005
f 2008 	1996 	2005
f 2010 	2015 	2007
f 1912 	2007 	2006
f 2005 	2004 	2009
f 2011 	2045 	2008
f 1999 	2007 	1912
f 2010 	2007 	1999
f 1975 	1962 	1973
f 1975 	2024 	1957
f 1975 	1957 	1962
f 2024 	1956 	1957
f 2004 	2000 	2002
f 2005 	1997 	2000
f 2010 	2014 	2015
f 2004 	2005 	2000
f 2012 	2017 	2018
f 2015 	2014 	2067
f 2018 	2013 	2012
f 2009 	2003 	204
f 2007 	2015 	2059
f 2007 	2059 	2006
f 2003 	2009 	2004
f 2063 	2059 	2015
f 2067 	2063 	2015
f 1999 	1912 	1886
f 2017 	2012 	2099
f 200 	2011 	204
f 213 	2021 	218
f 2020 	2022 	1913
f 2021 	1868 	218
f 2022 	1885 	1913
f 2021 	1856 	1868
f 2013 	3232 	3236
f 1890 	1885 	2022
f 2021 	1858 	1856
f 1965 	1956 	2016
f 2018 	2016 	1956
f 2020 	2023 	2019
f 1864 	218 	1868
f 2024 	2018 	1956
f 2023 	2020 	1913
f 2013 	2024 	3232
f 2020 	2025 	2022
f 2024 	1975 	3232
f 204 	2026 	213
f 2022 	2025 	1890
f 2013 	2018 	2024
f 2021 	213 	2026
f 1959 	2027 	2028
f 1998 	2021 	2002
f 1959 	2028 	363
f 2021 	2026 	2002
f 1903 	1959 	363
f 1998 	1858 	2021
f 2029 	2060 	2041
f 383 	363 	2028
f 2028 	377 	383
f 204 	2003 	2026
f 2003 	2002 	2026
f 2011 	2008 	204
f 2008 	2009 	204
f 1898 	6199 	2030
f 2031 	407 	377
f 377 	2028 	2031
f 2056 	2038 	2029
f 1861 	1855 	2042
f 2034 	2033 	2027
f 2041 	2056 	2029
f 2049 	2034 	2027
f 2049 	2040 	2034
f 1846 	2043 	2053
f 2042 	2043 	1861
f 1855 	2044 	2042
f 2031 	2028 	2027
f 2031 	2027 	2033
f 2046 	2048 	2047
f 2040 	2049 	2037
f 1965 	2049 	2027
f 2047 	2048 	2050
f 2052 	2051 	2045
f 2050 	2048 	2053
f 2051 	1996 	2008
f 2016 	2049 	1965
f 2008 	2045 	2051
f 2049 	2018 	2017
f 2017 	2037 	2049
f 2049 	2016 	2018
f 2054 	2050 	2053
f 2042 	2044 	2055
f 2044 	1857 	2057
f 2054 	2042 	2055
f 2056 	2036 	2038
f 2056 	2052 	2036
f 2056 	2051 	2052
f 2043 	2042 	2054
f 2053 	2043 	2054
f 2044 	2057 	2055
f 2041 	2051 	2056
f 1996 	2051 	2041
f 2058 	2227 	1912
f 2057 	2050 	2055
f 2050 	2054 	2055
f 2058 	1912 	2006
f 2057 	2032 	2050
f 2337 	2047 	2035
f 2050 	2035 	2047
f 2035 	2039 	2337
f 2032 	2035 	2050
f 1846 	2053 	2048
f 2048 	2046 	1846
f 2060 	2006 	2059
f 2058 	2006 	2060
f 2061 	2035 	2032
f 2035 	2061 	2039
f 2062 	2061 	2032
f 1953 	1963 	1952
f 1963 	1341 	1952
f 2064 	2061 	2062
f 2061 	2064 	2039
f 1963 	1953 	1955
f 1963 	1955 	1960
f 2065 	1961 	1960
f 2062 	2057 	2139
f 2057 	2062 	2032
f 2068 	2064 	2062
f 1961 	2133 	1403
f 1405 	1961 	1403
f 2043 	1846 	1853
f 1960 	1961 	1405
f 1853 	1861 	2043
f 1853 	1851 	1861
f 1963 	1960 	1405
f 2068 	2063 	2067
f 1723 	1728 	2066
f 2066 	1728 	1746
f 1955 	1716 	2065
f 1961 	2066 	2073
f 2066 	1961 	1723
f 1961 	2065 	1723
f 2065 	1960 	1955
f 2070 	2071 	2069
f 1388 	1592 	1933
f 2071 	2072 	2069
f 1933 	2077 	1932
f 2075 	2072 	2074
f 2073 	2075 	2074
f 2073 	1741 	2075
f 1935 	1932 	2076
f 1741 	2073 	1746
f 1932 	2077 	2080
f 2073 	2066 	1746
f 1933 	1592 	2077
f 2071 	2074 	2072
f 1693 	1935 	2076
f 1932 	2080 	2076
f 1741 	1941 	2075
f 1740 	2075 	1941
f 1591 	2077 	1592
f 1740 	2072 	2075
f 1683 	1692 	2076
f 1984 	1979 	1987
f 2079 	1987 	1979
f 2080 	2129 	2081
f 2076 	2080 	2078
f 1930 	2076 	2078
f 2081 	2078 	2080
f 1979 	1984 	1974
f 2078 	2081 	2118
f 1597 	1759 	1994
f 1994 	1759 	1983
f 1596 	2082 	2083
f 1979 	2460 	1977
f 1601 	1596 	2083
f 2079 	1990 	1987
f 2086 	2087 	1761
f 2085 	2086 	2084
f 2087 	1983 	1761
f 2082 	2088 	2089
f 2085 	2121 	2086
f 636 	616 	2091
f 1761 	1967 	2084
f 2084 	2086 	1761
f 616 	2033 	2091
f 2033 	616 	2031
f 1986 	1969 	1971
f 2033 	2034 	2091
f 2187 	1988 	1694
f 2282 	2109 	2092
f 2034 	2296 	2091
f 169 	2092 	2094
f 616 	407 	2031
f 2085 	2095 	2094
f 1986 	1971 	1968
f 2040 	2296 	2034
f 2084 	2095 	2085
f 2093 	1499 	1988
f 2094 	2092 	2085
f 2040 	2097 	2296
f 2095 	2084 	1964
f 2096 	2207 	2017
f 2084 	1967 	1964
f 2017 	2099 	2096
f 2098 	2094 	2095
f 169 	2094 	2098
f 2099 	2178 	2096
f 2099 	3230 	2178
f 2099 	2012 	3230
f 2095 	1964 	2098
f 2085 	2092 	2109
f 2040 	2037 	2097
f 1966 	1815 	1982
f 1982 	1815 	2101
f 2101 	1500 	2093
f 2098 	170 	169
f 1817 	1500 	2101
f 1968 	2101 	2093
f 1820 	1815 	1966
f 2037 	2017 	2100
f 2037 	2100 	2097
f 1971 	2101 	1968
f 2100 	2017 	2207
f 1971 	1982 	2101
f 1817 	2101 	1815
f 2123 	2105 	2102
f 2089 	2088 	2090
f 1937 	1554 	720
f 2089 	2090 	1322
f 1937 	720 	1938
f 2115 	2116 	2117
f 2110 	2117 	2116
f 2118 	2082 	2089
f 2115 	2110 	2116
f 1322 	1326 	2089
f 1939 	1936 	2119
f 1936 	2113 	2119
f 1927 	2118 	2089
f 2087 	1985 	1983
f 2103 	2121 	2109
f 2119 	2120 	1939
f 2113 	724 	2112
f 2121 	2085 	2109
f 1969 	2106 	2107
f 2105 	2096 	2102
f 2108 	2096 	2105
f 1969 	1986 	2106
f 2122 	2087 	2086
f 2132 	2107 	2124
f 2122 	2086 	2121
f 2122 	2103 	2104
f 724 	2113 	1938
f 724 	725 	2112
f 2113 	2112 	2119
f 2122 	2104 	2284
f 2284 	2111 	2122
f 846 	2112 	725
f 2111 	2284 	2278
f 846 	2125 	2112
f 2114 	2111 	2278
f 2121 	2103 	2122
f 2082 	2118 	2126
f 2125 	2127 	2112
f 2115 	2117 	2110
f 1984 	2111 	1974
f 2128 	1974 	2111
f 2111 	2489 	2128
f 2126 	2118 	2081
f 2122 	2111 	1984
f 2083 	2082 	2130
f 2130 	2082 	2126
f 1984 	1985 	2122
f 2129 	2130 	2126
f 2122 	1985 	2087
f 2126 	2081 	2129
f 2104 	2103 	2131
f 1601 	2130 	2129
f 2073 	2074 	2133
f 2077 	1591 	2129
f 2129 	2080 	2077
f 2134 	1427 	2137
f 2137 	2071 	2134
f 2167 	2132 	2124
f 2071 	2070 	2134
f 2133 	1961 	2073
f 2140 	2136 	2311
f 2140 	2912 	2136
f 1857 	1991 	2139
f 2139 	2057 	1857
f 1992 	2139 	1991
f 2062 	2139 	1995
f 1995 	2139 	1992
f 1995 	1996 	2062
f 2141 	2142 	2143
f 2144 	2145 	2146
f 2143 	2146 	2145
f 2148 	2149 	2144
f 2148 	2160 	2149
f 2150 	2158 	2147
f 2147 	2158 	2151
f 2153 	2143 	2154
f 2152 	2153 	2211
f 2158 	2150 	5320
f 2151 	2155 	2147
f 2153 	2141 	2143
f 2152 	2141 	2153
f 2154 	2143 	2145
f 2154 	2145 	2144
f 2144 	2156 	2157
f 2144 	2149 	2156
f 2154 	2144 	2157
f 2142 	2146 	2143
f 2142 	2181 	2146
f 2159 	2512 	5304
f 2144 	2160 	2148
f 1573 	1571 	2156
f 2149 	1573 	2156
f 1573 	2149 	2160
f 2159 	5304 	5313
f 2159 	5313 	2147
f 2161 	2160 	2144
f 2160 	2161 	1573
f 2146 	2161 	2144
f 1571 	2162 	2156
f 2071 	2137 	2074
f 2339 	2508 	2159
f 1402 	2133 	2137
f 2133 	2074 	2137
f 1160 	1162 	2165
f 1164 	1160 	2165
f 1162 	1161 	2168
f 1161 	1166 	2168
f 1164 	2165 	2166
f 2107 	2201 	2202
f 2168 	7156 	2164
f 2107 	2106 	2201
f 7156 	2168 	1166
f 2169 	1721 	1829
f 2169 	2219 	1721
f 2063 	2068 	2062
f 2059 	2063 	2060
f 1821 	2107 	2132
f 2063 	2062 	2060
f 2058 	2060 	2029
f 1821 	2132 	2169
f 1996 	2041 	2060
f 2029 	2227 	2058
f 2201 	1986 	2172
f 2060 	2062 	1996
f 2174 	2172 	2173
f 2038 	2175 	2176
f 2172 	2174 	2177
f 2162 	2157 	2156
f 2193 	2214 	2108
f 2174 	2184 	2177
f 2173 	2180 	2174
f 1681 	1570 	1521
f 2177 	2179 	2172
f 2096 	2178 	2102
f 2181 	2182 	2161
f 1968 	1988 	2180
f 2161 	2146 	2181
f 1986 	1968 	2180
f 2182 	1667 	2161
f 1986 	2180 	2173
f 2184 	2174 	1702
f 2182 	2183 	1667
f 1667 	2254 	1564
f 2180 	1988 	2187
f 2254 	1860 	1564
f 2187 	1702 	2174
f 2189 	2182 	2316
f 2174 	2180 	2187
f 2206 	2201 	2172
f 2182 	2189 	2183
f 2190 	2183 	2189
f 3070 	2179 	2177
f 2199 	2186 	2188
f 2185 	2186 	2191
f 2173 	2172 	1986
f 1702 	1700 	2184
f 2105 	2123 	2193
f 1667 	2183 	2254
f 2193 	2108 	2105
f 2196 	2195 	2197
f 2198 	2195 	2196
f 2167 	2124 	2468
f 2205 	2200 	2198
f 2192 	2199 	2188
f 2200 	2203 	2198
f 2203 	2195 	2198
f 3532 	2188 	2193
f 2188 	2214 	2193
f 2195 	2194 	2197
f 2193 	2123 	3532
f 2106 	1986 	2201
f 2204 	2196 	2197
f 2199 	2191 	2186
f 2108 	2207 	2096
f 2201 	2206 	2202
f 2100 	2207 	2209
f 2202 	2206 	2217
f 2210 	2152 	2208
f 2153 	2154 	2211
f 2154 	2157 	2211
f 2208 	2152 	2211
f 2211 	2212 	2208
f 2215 	2107 	2202
f 2214 	2216 	2209
f 2202 	2217 	2215
f 2124 	2107 	2215
f 2215 	2217 	2124
f 2214 	2209 	2207
f 2211 	2157 	2162
f 2162 	1681 	2211
f 2176 	2029 	2038
f 2214 	2207 	2108
f 2029 	2176 	2227
f 1721 	2219 	1947
f 2219 	1901 	1947
f 2221 	2220 	2224
f 2175 	2236 	2223
f 2175 	2246 	2236
f 1950 	1899 	2225
f 1901 	2225 	1899
f 2224 	2220 	2222
f 2227 	2176 	2228
f 2222 	2349 	2224
f 2227 	1913 	1912
f 2219 	2226 	2225
f 2219 	2225 	1901
f 1034 	1950 	2229
f 1038 	1034 	2229
f 1038 	2229 	2230
f 2176 	2223 	2228
f 2227 	2228 	2023
f 2125 	2370 	2127
f 2119 	2112 	2127
f 2227 	2023 	1913
f 2120 	2119 	2127
f 1939 	2233 	1940
f 2176 	2175 	2223
f 2235 	2019 	2023
f 2023 	2228 	2235
f 2239 	1763 	1942
f 1763 	1567 	1942
f 2238 	2235 	2223
f 2281 	2239 	1942
f 2235 	2228 	2223
f 1942 	1940 	2281
f 2238 	2236 	2241
f 2240 	2242 	2171
f 2223 	2236 	2238
f 2245 	2246 	2036
f 2175 	2036 	2246
f 2244 	2243 	2036
f 2245 	2036 	2243
f 2242 	2240 	2654
f 2242 	2654 	2663
f 2245 	2251 	2236
f 2245 	2236 	2246
f 2036 	2175 	2038
f 2248 	2249 	2247
f 6472 	2241 	2250
f 1394 	2390 	2247
f 2241 	2251 	2250
f 2243 	2250 	2245
f 521 	2252 	514
f 2250 	2251 	2245
f 2251 	2241 	2236
f 2253 	2949 	2247
f 2253 	2252 	521
f 1860 	2254 	1915
f 2254 	2001 	1915
f 2247 	2249 	2253
f 2183 	2190 	2254
f 2254 	2190 	2001
f 2001 	2190 	1999
f 2010 	1999 	2190
f 2320 	2323 	2014
f 2014 	2010 	2320
f 2257 	553 	2261
f 2260 	2255 	2273
f 2255 	2262 	2263
f 594 	2170 	543
f 2170 	594 	2242
f 2259 	2257 	2261
f 2257 	552 	550
f 2260 	2262 	2255
f 2264 	594 	552
f 552 	2257 	2264
f 2265 	2263 	2266
f 2257 	2259 	2264
f 2242 	594 	2264
f 2262 	2266 	2263
f 2263 	2256 	2255
f 2264 	2259 	2258
f 2257 	550 	553
f 2252 	2261 	514
f 2171 	2264 	2258
f 2267 	2171 	2258
f 2266 	2262 	3222
f 2268 	2267 	2258
f 2240 	2171 	2267
f 2266 	3222 	2269
f 2268 	2258 	2259
f 2261 	2268 	2259
f 2261 	2252 	2268
f 2269 	2265 	2266
f 2268 	2252 	2275
f 2269 	5467 	2265
f 2252 	2253 	2275
f 2242 	2264 	2171
f 2271 	2272 	2273
f 2240 	2382 	2651
f 2240 	2267 	2382
f 2267 	2268 	2275
f 2276 	2234 	2221
f 2255 	2256 	2271
f 2382 	2932 	2651
f 2276 	2221 	2224
f 2255 	2271 	2273
f 2103 	2109 	2131
f 2406 	2216 	2270
f 2277 	2278 	2279
f 2270 	2216 	2286
f 2233 	2237 	2280
f 2231 	2276 	2224
f 2231 	2270 	2276
f 2281 	1940 	2233
f 2276 	2270 	2286
f 189 	2282 	2092
f 2286 	2234 	2276
f 2185 	2274 	2186
f 2239 	2283 	1763
f 2282 	2131 	2109
f 2285 	2274 	2185
f 2220 	2221 	2285
f 2131 	2284 	2104
f 2285 	2221 	2234
f 2131 	2279 	2284
f 2274 	2285 	2234
f 2281 	2233 	2280
f 2281 	2287 	2239
f 2279 	2282 	964
f 2286 	2216 	2214
f 964 	2277 	2279
f 2131 	2282 	2279
f 2279 	2278 	2284
f 2234 	2286 	2274
f 2283 	2239 	2287
f 2274 	2286 	2188
f 2281 	2280 	2287
f 2288 	2283 	2287
f 2278 	2277 	2510
f 2833 	2285 	2185
f 2280 	2288 	2287
f 2286 	2214 	2188
f 2288 	2280 	2291
f 2365 	2291 	2280
f 2290 	2293 	2292
f 2274 	2188 	2186
f 2292 	2294 	2295
f 1939 	2120 	2299
f 2300 	2301 	2299
f 1189 	1194 	2297
f 1681 	1684 	2211
f 2151 	2158 	2163
f 2211 	1684 	2212
f 2210 	2196 	2204
f 2141 	2210 	2204
f 636 	2091 	2303
f 2151 	2307 	2155
f 2151 	2163 	2307
f 2141 	2152 	2210
f 2091 	2296 	2303
f 2304 	2309 	2155
f 2304 	2138 	2325
f 2341 	2298 	2306
f 2305 	2205 	2213
f 2298 	2303 	2306
f 2213 	2205 	2212
f 2304 	2155 	2307
f 2296 	2302 	2306
f 2296 	2306 	2303
f 2350 	2304 	2325
f 2304 	2308 	2309
f 2203 	2200 	2305
f 2332 	2203 	2305
f 2307 	2163 	2310
f 2305 	2213 	1846
f 2296 	2097 	2302
f 2100 	2302 	2097
f 2311 	2307 	2310
f 2205 	2208 	2212
f 1684 	1846 	2213
f 2213 	2212 	1684
f 1165 	1038 	2230
f 2210 	2198 	2196
f 2208 	2205 	2198
f 2305 	2200 	2205
f 2208 	2198 	2210
f 2204 	2197 	2316
f 2311 	2312 	2140
f 2318 	2312 	2311
f 2310 	2318 	2311
f 2319 	2317 	2315
f 2189 	2316 	2321
f 2304 	2311 	2136
f 2322 	2324 	2317
f 2317 	3198 	2322
f 2316 	2182 	2181
f 2189 	2320 	2190
f 2323 	2320 	2189
f 2316 	2197 	2321
f 2321 	2197 	2194
f 2010 	2190 	2320
f 2189 	2321 	2323
f 2194 	2323 	2321
f 2304 	2136 	2138
f 2307 	2311 	2304
f 2322 	3301 	2324
f 2323 	2067 	2014
f 2323 	2068 	2067
f 2323 	2194 	2329
f 2204 	2316 	2326
f 2181 	2326 	2316
f 2326 	2142 	2141
f 2141 	2204 	2326
f 2326 	2181 	2142
f 2327 	2328 	2329
f 2303 	2298 	2330
f 2329 	2194 	2327
f 2195 	2327 	2194
f 2303 	2330 	636
f 2203 	2332 	2327
f 2315 	2330 	2298
f 2331 	2333 	2747
f 2195 	2203 	2327
f 2317 	2324 	2330
f 2330 	2315 	2317
f 2046 	2332 	2305
f 3301 	636 	2330
f 2305 	1846 	2046
f 2335 	2332 	2046
f 2406 	2336 	2216
f 2343 	2216 	2336
f 2335 	2046 	2047
f 2337 	2335 	2047
f 2328 	2327 	2337
f 2327 	2332 	2335
f 2327 	2335 	2337
f 2337 	2039 	2328
f 2064 	2068 	2323
f 2064 	2323 	2329
f 2341 	2306 	2302
f 2064 	2328 	2039
f 2064 	2329 	2328
f 2343 	2341 	2302
f 2209 	2343 	2100
f 2155 	2309 	2339
f 2345 	2344 	995
f 2209 	2216 	2343
f 995 	990 	2345
f 2159 	2147 	2339
f 2155 	2339 	2147
f 2343 	2336 	2341
f 2347 	2348 	2346
f 2343 	2302 	2100
f 994 	2348 	1004
f 2339 	2309 	2340
f 994 	996 	2348
f 2344 	2348 	996
f 2350 	2325 	2342
f 2348 	2347 	2357
f 2313 	2435 	2232
f 2346 	2348 	2344
f 2342 	2333 	2350
f 995 	2344 	996
f 2350 	2340 	2308
f 2333 	2331 	2350
f 2230 	2313 	2232
f 2350 	2331 	2340
f 2229 	1950 	2313
f 2340 	2309 	2308
f 1950 	2225 	2313
f 2308 	2304 	2350
f 2352 	2351 	2353
f 2313 	2225 	2226
f 2353 	2351 	2354
f 2230 	2229 	2313
f 2355 	2351 	2352
f 2352 	2357 	2355
f 2359 	927 	1007
f 1007 	1004 	2359
f 1004 	2353 	2359
f 2120 	2300 	2299
f 2120 	2127 	2300
f 2127 	2436 	2300
f 2362 	2299 	2301
f 2363 	2299 	2362
f 2362 	2364 	2363
f 2364 	2362 	2687
f 2233 	2363 	2237
f 2280 	2237 	2365
f 2233 	2299 	2363
f 2365 	2237 	2363
f 2364 	2365 	2363
f 2364 	2687 	2365
f 1939 	2299 	2233
f 882 	883 	2366
f 2369 	2127 	2368
f 2127 	2369 	2436
f 2127 	2370 	2368
f 2125 	885 	2370
f 885 	882 	2370
f 882 	2366 	2370
f 2368 	2370 	2366
f 2368 	2367 	2369
f 2368 	2366 	2367
f 2377 	2374 	1206
f 2374 	1198 	1206
f 2377 	2366 	2374
f 2372 	4113 	2371
f 2372 	2375 	2373
f 4106 	2375 	1206
f 2376 	2367 	2377
f 2375 	2378 	1206
f 2376 	2377 	2378
f 2385 	2381 	2379
f 883 	1198 	2374
f 2379 	2381 	2382
f 2366 	883 	2374
f 2377 	2367 	2366
f 2382 	2275 	2379
f 2275 	2382 	2267
f 2378 	2372 	2376
f 2275 	2253 	2249
f 2379 	2275 	2249
f 2381 	2384 	2382
f 2383 	2367 	2376
f 2371 	2383 	2376
f 2371 	2376 	2372
f 2384 	2381 	2380
f 2372 	2378 	2375
f 2385 	2380 	2381
f 2371 	2467 	2383
f 2384 	2386 	2382
f 2390 	2248 	2247
f 1391 	2390 	1394
f 2390 	1391 	1463
f 2390 	1463 	2391
f 2391 	2392 	2390
f 2390 	2392 	2248
f 2387 	2393 	2394
f 2396 	2391 	963
f 2248 	2392 	2249
f 843 	1189 	844
f 963 	2397 	2396
f 2396 	2395 	2391
f 2292 	2439 	2290
f 2392 	2379 	2249
f 2395 	2392 	2391
f 2293 	2289 	2297
f 2297 	2294 	2293
f 2292 	2293 	2294
f 2397 	2401 	2398
f 2397 	2398 	2396
f 2290 	2289 	2293
f 1189 	2297 	2289
f 2361 	2360 	2399
f 844 	1189 	2289
f 2401 	2400 	2398
f 2401 	913 	914
f 2402 	2400 	2401
f 1656 	1194 	1155
f 2357 	1004 	2348
f 1004 	2357 	2352
f 1004 	2352 	2353
f 2404 	2405 	2349
f 2349 	2405 	2231
f 2355 	2357 	2347
f 2270 	2231 	2406
f 2400 	2475 	2398
f 2401 	914 	3359
f 2405 	2406 	2231
f 1736 	3359 	914
f 2537 	2359 	2354
f 2349 	2231 	2224
f 2406 	2338 	2336
f 2537 	2354 	2538
f 2537 	928 	2359
f 2406 	2405 	2338
f 2385 	2379 	2392
f 2407 	2336 	2338
f 2354 	2416 	2538
f 2380 	2388 	2384
f 2385 	2392 	2410
f 2359 	2353 	2354
f 2408 	2380 	2385
f 2380 	2408 	2388
f 2354 	2351 	2416
f 2408 	2385 	2410
f 2409 	2336 	2407
f 2392 	2395 	2410
f 2419 	2410 	2395
f 2417 	2351 	2411
f 2417 	2411 	2414
f 2395 	2396 	2419
f 2415 	2315 	2409
f 2407 	2415 	2409
f 2386 	2384 	2388
f 2351 	2417 	2416
f 2351 	2355 	2412
f 2422 	3102 	2408
f 2412 	2411 	2351
f 2416 	2417 	2414
f 2425 	2319 	2415
f 2341 	2409 	2298
f 2410 	2419 	2422
f 2319 	2315 	2415
f 2422 	2408 	2410
f 2421 	2414 	2420
f 2409 	2315 	2298
f 2414 	4607 	2420
f 2409 	2341 	2336
f 2413 	2407 	2418
f 2418 	2407 	2338
f 2407 	2413 	2425
f 2407 	2425 	2415
f 2413 	2319 	2425
f 2416 	2414 	2421
f 2419 	2424 	2422
f 2526 	2424 	2419
f 2419 	2475 	2526
f 3102 	2422 	2424
f 2471 	2469 	2360
f 1656 	2403 	1194
f 2297 	1194 	2294
f 2361 	2219 	2218
f 2403 	2294 	1194
f 2361 	2218 	2471
f 2403 	2295 	2294
f 1752 	2431 	1743
f 2432 	2433 	2434
f 2219 	2358 	2226
f 2219 	2361 	2358
f 2431 	2403 	1656
f 1165 	2232 	2442
f 2230 	2232 	1165
f 2369 	2367 	2387
f 2433 	2295 	2403
f 2431 	2433 	2403
f 2369 	2387 	2436
f 2433 	2432 	2292
f 2387 	2478 	2393
f 2433 	2292 	2295
f 2431 	2434 	2433
f 2431 	1752 	2434
f 2396 	2398 	2437
f 2389 	2393 	2478
f 1745 	1743 	2431
f 2437 	2419 	2396
f 1167 	2442 	2441
f 2535 	2260 	2445
f 2289 	2290 	2440
f 844 	2289 	2440
f 2441 	2442 	2446
f 2446 	2442 	2435
f 2232 	2435 	2442
f 2440 	839 	844
f 2513 	2490 	2447
f 2447 	2490 	2492
f 2361 	2399 	2450
f 2399 	2454 	2450
f 2447 	2492 	2493
f 2450 	2454 	2451
f 2493 	2456 	2447
f 2387 	2394 	2438
f 2436 	2387 	2438
f 2458 	2451 	2435
f 938 	839 	2440
f 2362 	2394 	2725
f 2394 	2362 	2438
f 2458 	2358 	2450
f 2450 	2451 	2458
f 2361 	2450 	2358
f 2452 	2435 	2451
f 2436 	2438 	2301
f 2292 	2459 	2439
f 2432 	2459 	2292
f 2436 	2301 	2300
f 2458 	2313 	2226
f 2446 	2435 	2452
f 2438 	2362 	2301
f 2458 	2226 	2358
f 2460 	1979 	1974
f 1974 	2128 	2460
f 2439 	2464 	2465
f 2466 	1752 	1977
f 2466 	2434 	1752
f 2454 	2461 	2451
f 2451 	2461 	2452
f 2313 	2458 	2435
f 2478 	2387 	2367
f 2466 	2460 	2464
f 2432 	2466 	2464
f 2432 	2434 	2466
f 2467 	2462 	2470
f 2468 	2469 	2471
f 2218 	2219 	2169
f 2464 	2460 	2465
f 2470 	2478 	2467
f 2466 	1977 	2460
f 2218 	2468 	2471
f 2476 	2473 	2462
f 2460 	2463 	2465
f 2360 	2361 	2471
f 2389 	2478 	2470
f 2389 	2470 	2474
f 2124 	2469 	2468
f 2473 	2474 	2462
f 2459 	2464 	2439
f 2462 	2474 	2470
f 2459 	2432 	2464
f 2474 	2473 	2389
f 2473 	2740 	2389
f 2383 	2478 	2367
f 2398 	2475 	2437
f 2489 	2111 	2479
f 2419 	2437 	2475
f 2453 	2449 	2457
f 2114 	2479 	2111
f 6129 	2453 	2457
f 2448 	2447 	2449
f 2477 	2455 	2479
f 2449 	2447 	2457
f 2447 	2456 	2457
f 2479 	2114 	2477
f 2480 	2469 	2124
f 2469 	2472 	2360
f 2469 	2480 	2472
f 2484 	2483 	2488
f 2455 	2485 	2482
f 2494 	2479 	2455
f 2167 	2468 	2218
f 2440 	2455 	2481
f 2132 	2167 	2218
f 2456 	2486 	2457
f 2481 	2455 	2482
f 2440 	2494 	2455
f 2132 	2218 	2169
f 199 	2488 	2483
f 2443 	2487 	2484
f 2455 	2477 	2485
f 939 	938 	2481
f 2124 	2217 	2480
f 2443 	2486 	2487
f 2481 	938 	2440
f 2356 	2457 	2486
f 2217 	3510 	2480
f 2443 	2356 	2486
f 2488 	2443 	2484
f 2460 	2128 	2491
f 1223 	1221 	2511
f 2489 	2494 	2491
f 1441 	1210 	2496
f 2479 	2494 	2489
f 2496 	1223 	2511
f 2463 	2460 	2491
f 1441 	2496 	2497
f 2463 	2491 	2494
f 2128 	2489 	2491
f 2463 	2494 	2465
f 2456 	2498 	2486
f 2487 	2486 	2498
f 2493 	2492 	2499
f 1210 	1223 	2496
f 2440 	2290 	2494
f 2495 	2492 	2490
f 2493 	2498 	2456
f 2494 	2439 	2465
f 2495 	2499 	2492
f 2290 	2439 	2494
f 2484 	2487 	2498
f 2497 	1477 	1441
f 2277 	964 	2500
f 2499 	2052 	2498
f 965 	967 	2501
f 2498 	2493 	2499
f 1484 	1477 	2503
f 2499 	2767 	2052
f 2504 	2277 	2500
f 2509 	2503 	2497
f 965 	2501 	2500
f 1477 	2497 	2503
f 2481 	2482 	2500
f 2485 	2500 	2482
f 1484 	2503 	1485
f 1482 	1485 	2503
f 2506 	2507 	2508
f 2339 	2506 	2508
f 1482 	2503 	1675
f 2507 	2447 	2508
f 2504 	2510 	2277
f 2504 	2477 	2510
f 2512 	2508 	2447
f 2497 	2511 	2509
f 2508 	2512 	2159
f 2448 	2512 	2447
f 2114 	2278 	2510
f 2507 	2519 	2505
f 2507 	2506 	2519
f 2477 	2114 	2510
f 2513 	2507 	2505
f 2507 	2513 	2447
f 2504 	2485 	2477
f 2509 	2514 	2503
f 2512 	2135 	5304
f 2504 	2500 	2485
f 2448 	2135 	2512
f 2502 	1675 	2514
f 939 	2481 	2500
f 2514 	1675 	2503
f 2500 	2501 	939
f 2339 	2340 	2515
f 939 	2501 	967
f 2516 	2339 	2515
f 2497 	2496 	2511
f 2515 	2745 	2516
f 2516 	2506 	2339
f 2511 	1221 	1253
f 2519 	2506 	2516
f 2526 	2475 	3451
f 2760 	2505 	2519
f 2520 	2523 	2521
f 3451 	2423 	2526
f 2526 	2423 	2424
f 4111 	2530 	4110
f 2521 	2517 	2520
f 2273 	2445 	2260
f 2536 	2525 	2509
f 2536 	2534 	2525
f 2502 	2514 	2525
f 2514 	2509 	2525
f 2538 	2539 	2537
f 2538 	2540 	2539
f 2539 	2541 	2537
f 3814 	2535 	2445
f 2541 	1367 	1364
f 1364 	928 	2541
f 2445 	2444 	3814
f 2541 	928 	2537
f 2545 	2544 	1251
f 2543 	2547 	2542
f 2539 	2546 	2541
f 2546 	1498 	1368
f 2546 	1368 	1367
f 2541 	2546 	1367
f 2539 	2540 	2546
f 2536 	2509 	2544
f 2540 	2429 	2546
f 2509 	2511 	2544
f 2540 	2430 	2429
f 2549 	2430 	2540
f 2544 	2774 	2536
f 2774 	2782 	2536
f 2549 	2540 	2550
f 2511 	1253 	2544
f 2547 	2543 	2548
f 2540 	2538 	2550
f 2547 	2548 	2444
f 2782 	2534 	2536
f 2549 	2585 	2430
f 1251 	1243 	2545
f 2547 	2559 	2542
f 2430 	2585 	2586
f 2445 	2551 	2444
f 2551 	2273 	2272
f 2273 	2551 	2445
f 2538 	2416 	2421
f 2444 	2551 	2547
f 2553 	1677 	1678
f 2550 	2538 	2421
f 2421 	2561 	2550
f 2420 	2555 	2421
f 2552 	2556 	2557
f 2502 	2556 	1675
f 2559 	2554 	2542
f 2502 	2557 	2556
f 2556 	2552 	1675
f 2549 	2550 	2561
f 2560 	2551 	2272
f 2552 	2553 	1678
f 2558 	2574 	2571
f 2564 	2553 	2552
f 2557 	2564 	2552
f 2640 	2557 	2502
f 2562 	2571 	2561
f 2564 	2557 	2565
f 2561 	2421 	2562
f 2555 	2562 	2421
f 2220 	2285 	2569
f 2420 	5291 	2555
f 2562 	2558 	2571
f 2564 	2568 	2553
f 2569 	2285 	2567
f 2574 	2558 	2573
f 2576 	2569 	2567
f 2220 	2569 	2729
f 2567 	2833 	2576
f 2563 	2580 	2584
f 2533 	2864 	2578
f 2566 	2427 	2607
f 874 	2581 	873
f 2579 	2563 	2584
f 2563 	2426 	2580
f 2569 	2576 	2572
f 2575 	1209 	2532
f 2532 	2652 	2575
f 2573 	2577 	2583
f 2577 	2582 	2583
f 2579 	2572 	2576
f 2532 	1209 	2581
f 2584 	2572 	2579
f 2669 	2532 	2581
f 2573 	2583 	2574
f 2575 	1211 	1209
f 2580 	2566 	2572
f 2580 	2426 	2566
f 2566 	2426 	2427
f 2585 	2549 	2571
f 2580 	2572 	2584
f 2549 	2561 	2571
f 2574 	2587 	2586
f 2585 	2574 	2586
f 2571 	2574 	2585
f 2587 	2574 	2583
f 2594 	2589 	2595
f 1490 	2591 	2590
f 2593 	2591 	2429
f 2546 	2429 	2428
f 2429 	2591 	2428
f 1490 	2428 	2591
f 2595 	2835 	2594
f 2430 	2606 	2429
f 1507 	1490 	2590
f 1506 	5650 	1505
f 2602 	2592 	2589
f 1507 	2590 	2598
f 2588 	2592 	2602
f 2598 	1506 	1507
f 1506 	2598 	5650
f 2598 	2601 	2599
f 2598 	2590 	2601
f 2601 	2591 	2593
f 2590 	2591 	2601
f 2594 	2596 	2602
f 2594 	2602 	2589
f 2619 	2597 	2599
f 2595 	2603 	2835
f 2596 	2594 	2835
f 2606 	2430 	2586
f 2607 	2427 	2603
f 2593 	2429 	2606
f 2588 	4247 	2592
f 2605 	2593 	2606
f 2587 	2605 	2606
f 2603 	2595 	2607
f 2595 	2589 	2607
f 2560 	2559 	2551
f 2547 	2551 	2559
f 2609 	2612 	2608
f 2609 	2623 	2593
f 2593 	2605 	2609
f 2614 	2963 	2613
f 2604 	2583 	2582
f 2613 	2616 	2615
f 2612 	2609 	2582
f 2609 	2605 	2582
f 2604 	2582 	2605
f 2616 	2719 	2615
f 2606 	2586 	2587
f 2604 	2605 	2587
f 2616 	2925 	2610
f 2587 	2583 	2604
f 2581 	1209 	873
f 874 	2669 	2581
f 2633 	2609 	2608
f 2621 	2609 	2622
f 2618 	2717 	2617
f 2623 	2609 	2621
f 2533 	2530 	2575
f 2623 	2621 	2599
f 2578 	2530 	2533
f 2599 	2601 	2623
f 2601 	2593 	2623
f 2622 	2620 	2621
f 2622 	2633 	2620
f 2609 	2633 	2622
f 2528 	2626 	2517
f 2627 	2628 	1691
f 2517 	2521 	2528
f 1691 	1677 	2627
f 2627 	2570 	2628
f 2627 	2553 	2570
f 2627 	1677 	2553
f 2570 	2553 	2568
f 2620 	2619 	2621
f 2619 	2599 	2621
f 2631 	2632 	2635
f 2527 	2634 	5696
f 2631 	2628 	2632
f 2527 	2528 	2634
f 2632 	2628 	2570
f 2631 	1700 	1695
f 2631 	1695 	2628
f 2628 	1695 	1691
f 2632 	3165 	2635
f 2636 	2868 	2870
f 2634 	2521 	2523
f 2868 	2636 	371
f 2528 	2521 	2634
f 2637 	2641 	2638
f 2643 	2629 	2646
f 2530 	4111 	4122
f 2638 	2641 	2644
f 2646 	2647 	2643
f 2645 	3480 	2888
f 2575 	1205 	1211
f 2650 	2624 	2649
f 2478 	2383 	2467
f 2624 	2650 	2625
f 2651 	2654 	2240
f 2651 	2665 	2654
f 2658 	2659 	1910
f 2575 	2652 	2653
f 2572 	2566 	2661
f 2242 	2663 	2683
f 2572 	2661 	2569
f 2658 	1765 	2283
f 2664 	2659 	2658
f 2654 	2665 	2663
f 2664 	2657 	2681
f 2649 	2667 	2668
f 2288 	2658 	2283
f 2667 	2649 	2624
f 2660 	2659 	2664
f 2668 	2670 	2671
f 2660 	2664 	2681
f 2672 	2652 	2669
f 2653 	2652 	2672
f 2647 	2646 	2648
f 2657 	2664 	2291
f 2669 	2652 	2532
f 2658 	2288 	2664
f 2647 	2686 	2674
f 2291 	2664 	2288
f 2676 	2669 	874
f 874 	1269 	2676
f 2672 	2669 	2676
f 2657 	2678 	2677
f 2683 	2672 	2676
f 2657 	2291 	2678
f 2681 	2657 	2677
f 2678 	2687 	2677
f 2242 	2683 	2680
f 2678 	2365 	2687
f 2365 	2678 	2291
f 3379 	2679 	3399
f 2676 	2680 	2683
f 2681 	2677 	2684
f 2674 	2686 	2685
f 2687 	2675 	2677
f 2674 	2685 	5730
f 2362 	2675 	2687
f 2170 	2680 	2676
f 2362 	2725 	2675
f 2679 	2682 	2688
f 2676 	1269 	2170
f 2690 	2640 	2524
f 2677 	2689 	2684
f 2525 	2524 	2640
f 2660 	2681 	2684
f 2690 	2524 	2639
f 2640 	2502 	2525
f 2667 	2624 	2691
f 2668 	2667 	2670
f 2693 	2699 	2692
f 1910 	2659 	1928
f 1918 	1928 	2697
f 2668 	2701 	2649
f 2696 	2690 	2639
f 2697 	1928 	2699
f 2697 	2699 	2693
f 2639 	2524 	2525
f 2534 	2639 	2525
f 2702 	2694 	2701
f 2702 	2695 	2694
f 2659 	2660 	2700
f 2640 	2565 	2557
f 2649 	2701 	2694
f 2703 	2700 	2660
f 2933 	2920 	2639
f 2707 	2699 	2703
f 2565 	2704 	2564
f 2704 	2690 	2705
f 2700 	1928 	2659
f 2702 	2617 	2695
f 2701 	2673 	2702
f 2699 	2700 	2703
f 2700 	2699 	1928
f 2701 	2671 	2673
f 2704 	2568 	2564
f 2649 	2694 	2650
f 2696 	2698 	2705
f 2707 	3652 	2692
f 2696 	2705 	2690
f 2640 	2690 	2565
f 2704 	2565 	2690
f 2706 	2708 	2709
f 2746 	2705 	2698
f 2668 	2671 	2701
f 2713 	2710 	2711
f 2170 	1269 	543
f 2242 	2680 	2170
f 2714 	2717 	2715
f 2707 	2692 	2699
f 2714 	2695 	2617
f 2714 	2617 	2717
f 2718 	2653 	2672
f 2716 	2684 	2712
f 2684 	2689 	2712
f 2717 	2719 	2715
f 2712 	2689 	2709
f 2716 	2703 	2660
f 2716 	2660 	2684
f 2663 	2665 	2718
f 2709 	2708 	2712
f 2708 	2716 	2712
f 2708 	2703 	2716
f 2718 	2721 	2663
f 2703 	2708 	2707
f 2718 	2665 	2811
f 2720 	2753 	2715
f 2753 	2714 	2715
f 2672 	2721 	2718
f 2675 	2725 	2724
f 2683 	2721 	2672
f 2721 	2683 	2663
f 2724 	2723 	2675
f 2846 	2662 	2666
f 2675 	2723 	2677
f 2805 	2666 	2662
f 2729 	2566 	2662
f 2732 	2722 	2724
f 2661 	2566 	2729
f 2688 	2682 	2685
f 2685 	2686 	2688
f 2726 	2898 	2727
f 2730 	2393 	2389
f 2724 	2725 	2730
f 2394 	2393 	2730
f 3400 	2679 	2688
f 3400 	3399 	2679
f 2725 	2394 	2730
f 3404 	3400 	2688
f 2733 	2737 	2731
f 2730 	2732 	2724
f 2731 	2727 	2733
f 2722 	2723 	2724
f 2689 	2677 	2723
f 2732 	2730 	2389
f 2728 	2722 	2732
f 3426 	2735 	2734
f 2389 	2793 	2732
f 2942 	2665 	2651
f 2569 	2661 	2729
f 2738 	2736 	2789
f 2729 	2662 	2846
f 2736 	2742 	2789
f 2740 	2473 	2476
f 2740 	2476 	2738
f 2742 	2736 	2810
f 2741 	2733 	2807
f 2711 	2743 	2713
f 2744 	2704 	2705
f 2705 	2746 	2744
f 2754 	2531 	2745
f 2568 	2704 	2744
f 2615 	2719 	2717
f 2747 	2515 	2331
f 2616 	2610 	2719
f 2340 	2331 	2515
f 2743 	2748 	2749
f 2333 	2334 	2756
f 2570 	2568 	2744
f 2748 	2570 	2744
f 2333 	2756 	2747
f 2748 	2632 	2570
f 2748 	3165 	2632
f 2751 	2752 	2753
f 2625 	2755 	2750
f 2713 	2746 	2967
f 2755 	2752 	2750
f 2713 	2743 	2746
f 2755 	2695 	2752
f 2749 	2757 	2746
f 2745 	2515 	2747
f 2749 	2748 	2757
f 2755 	2694 	2695
f 2754 	2745 	2747
f 2650 	2755 	2625
f 2650 	2694 	2755
f 2746 	2743 	2749
f 2743 	2711 	2748
f 2747 	2756 	2754
f 2757 	2744 	2746
f 2748 	2744 	2757
f 2516 	2745 	2519
f 1643 	1665 	2759
f 2745 	2522 	2519
f 2505 	2760 	2762
f 2751 	2753 	2758
f 2764 	2750 	2768
f 2765 	2759 	2766
f 2765 	2766 	5310
f 2751 	2768 	2752
f 2751 	2758 	2770
f 2766 	2759 	1673
f 2495 	2767 	2499
f 2769 	2767 	2495
f 2751 	2770 	2768
f 2771 	2763 	2769
f 2771 	2863 	2763
f 2759 	1665 	1673
f 2771 	2762 	2760
f 2769 	2763 	2244
f 2720 	3128 	2772
f 2774 	2544 	2545
f 2545 	2773 	2774
f 2771 	2495 	2762
f 3082 	2758 	2772
f 2770 	2758 	3082
f 2495 	2771 	2769
f 1243 	2773 	2545
f 2752 	2768 	2750
f 1243 	1784 	2773
f 2773 	1784 	2775
f 2764 	2770 	2776
f 2513 	2762 	2495
f 1784 	1643 	2775
f 2495 	2490 	2513
f 2762 	2513 	2505
f 2775 	2774 	2773
f 2770 	2764 	2768
f 1643 	2759 	2775
f 2624 	2625 	2764
f 2764 	2625 	2750
f 2779 	2780 	2778
f 2782 	2775 	2779
f 2753 	2695 	2714
f 2784 	2783 	2781
f 2695 	2753 	2752
f 2534 	2778 	2785
f 2784 	2786 	2783
f 2764 	2787 	2624
f 2788 	2787 	2764
f 2788 	2764 	2776
f 2776 	2790 	2788
f 2624 	2787 	2691
f 2389 	2740 	2793
f 2793 	2742 	2728
f 2742 	2810 	2806
f 3082 	2776 	2770
f 2791 	2788 	2790
f 2789 	2742 	2792
f 2790 	3140 	2791
f 2738 	2789 	2792
f 2792 	2742 	2793
f 2793 	2740 	2792
f 2733 	2741 	2737
f 2720 	2772 	2753
f 2738 	2792 	2740
f 2728 	2732 	2793
f 2737 	2794 	2731
f 2758 	2753 	2772
f 2722 	2795 	2723
f 2722 	2728 	2795
f 2689 	2723 	2795
f 2737 	2741 	2944
f 2709 	2689 	2795
f 2795 	2796 	3794
f 2386 	2794 	2901
f 2794 	2386 	2388
f 3059 	3140 	2790
f 2797 	2728 	2806
f 2718 	2811 	2799
f 2718 	2799 	2653
f 2709 	2795 	3794
f 2653 	2799 	2865
f 2797 	2796 	2795
f 2797 	2795 	2728
f 2805 	2739 	2666
f 2662 	2566 	2607
f 2865 	2799 	2809
f 2803 	2810 	2736
f 2803 	2804 	2815
f 2662 	2607 	2805
f 2727 	2802 	2733
f 2805 	2607 	2656
f 2803 	2736 	2804
f 2738 	2804 	2736
f 2742 	2806 	2728
f 2802 	2727 	2898
f 2805 	2656 	2739
f 2809 	2799 	2807
f 2607 	2812 	2655
f 2811 	2807 	2799
f 2806 	2810 	2814
f 2806 	2814 	2808
f 2809 	2807 	2802
f 2814 	2813 	2808
f 2811 	2665 	2942
f 2813 	3820 	2808
f 2942 	3027 	2811
f 2808 	2797 	2806
f 2802 	2807 	2733
f 2810 	2803 	2814
f 2656 	2607 	2655
f 2817 	2427 	2426
f 2818 	2603 	2427
f 2816 	2803 	2815
f 2816 	3820 	2813
f 2816 	2813 	2814
f 2803 	2816 	2814
f 2818 	2427 	2817
f 2563 	2817 	2426
f 2185 	2825 	2563
f 2817 	2563 	2819
f 3043 	2823 	1794
f 2191 	2825 	2185
f 2824 	2819 	2563
f 2828 	2827 	2826
f 2825 	2824 	2563
f 2834 	2827 	2828
f 1873 	2827 	2830
f 2829 	2825 	2199
f 2826 	2832 	2828
f 4386 	2817 	2819
f 2829 	2824 	2825
f 2191 	2199 	2825
f 2567 	2285 	2833
f 1908 	2834 	2828
f 2833 	2579 	2576
f 2830 	2827 	2834
f 2563 	2579 	2833
f 2563 	2833 	2185
f 1781 	1908 	2828
f 2837 	2836 	2832
f 2835 	2603 	4397
f 1883 	2826 	2827
f 2836 	2831 	2832
f 2842 	2832 	2826
f 2827 	1875 	1883
f 2838 	2850 	2404
f 2823 	2836 	2837
f 2832 	2842 	2837
f 1883 	2842 	2826
f 2845 	2839 	2838
f 2823 	2822 	2836
f 2821 	2836 	2822
f 1794 	2823 	2837
f 2838 	2404 	2841
f 2860 	2831 	2836
f 1781 	2844 	2843
f 2349 	2841 	2404
f 2349 	2222 	2841
f 2845 	2841 	2222
f 2222 	2220 	2729
f 2862 	2844 	2831
f 2843 	1779 	1781
f 2845 	2222 	2729
f 2838 	2841 	2845
f 2839 	2845 	2846
f 2845 	2729 	2846
f 2839 	2846 	2840
f 2844 	1781 	2828
f 2666 	2855 	2846
f 2844 	2828 	2832
f 2831 	2844 	2832
f 2855 	2840 	2846
f 2850 	2405 	2404
f 2739 	2859 	2666
f 2739 	2656 	2859
f 2840 	2849 	2839
f 2844 	2862 	2853
f 2850 	2338 	2405
f 2848 	2852 	2862
f 2848 	2847 	2852
f 2853 	2856 	2854
f 2850 	2849 	2851
f 2854 	2844 	2853
f 2850 	2838 	2839
f 2850 	2839 	2849
f 2853 	2852 	2856
f 2854 	2856 	1976
f 2858 	2859 	2857
f 1973 	1976 	2856
f 2851 	2858 	2857
f 2821 	2820 	2848
f 2860 	2821 	2848
f 2851 	2861 	2858
f 2831 	2860 	2862
f 2851 	2849 	2861
f 2861 	2859 	2858
f 2857 	2859 	2867
f 2861 	2855 	2859
f 2781 	2863 	2784
f 2863 	2771 	2760
f 2855 	2666 	2859
f 2855 	2861 	2849
f 2760 	2784 	2863
f 2533 	2575 	2653
f 2855 	2849 	2840
f 6473 	2763 	2863
f 2760 	2522 	2784
f 2529 	2786 	2531
f 2653 	2865 	2533
f 2656 	2655 	2867
f 2638 	2644 	2642
f 2867 	2859 	2656
f 371 	2642 	2868
f 371 	315 	2642
f 2785 	2778 	2780
f 2642 	315 	2638
f 2774 	2775 	2782
f 2782 	2778 	2534
f 2869 	2871 	2648
f 2644 	2868 	2642
f 2779 	2778 	2782
f 2868 	2644 	2870
f 2644 	2873 	2870
f 2644 	2641 	2873
f 2641 	2645 	2874
f 2645 	2888 	2874
f 2874 	2873 	2641
f 2780 	2875 	2872
f 2869 	2734 	2871
f 2780 	2779 	2875
f 2871 	2876 	2688
f 2686 	2871 	2688
f 2883 	2879 	2866
f 2647 	2648 	2871
f 2871 	2686 	2647
f 2898 	2893 	2865
f 2876 	2871 	2734
f 2865 	2893 	2879
f 2734 	2869 	2880
f 2876 	2734 	2735
f 2877 	2881 	2970
f 2877 	2878 	2881
f 2865 	2864 	2533
f 2885 	2734 	3197
f 2886 	819 	2884
f 830 	819 	2886
f 2809 	2802 	2865
f 2802 	2898 	2865
f 2884 	2636 	2870
f 2883 	2864 	2865
f 2879 	2883 	2865
f 381 	2636 	2884
f 2894 	758 	2886
f 2645 	3478 	3480
f 2866 	3111 	2887
f 2798 	2542 	2554
f 2890 	2889 	2888
f 2800 	2542 	2798
f 2888 	2878 	2890
f 2543 	2542 	2800
f 2543 	2800 	2801
f 2543 	2801 	2611
f 2884 	2870 	2889
f 2801 	2963 	2614
f 2890 	2891 	2889
f 2801 	2925 	2963
f 2889 	2886 	2884
f 2870 	2873 	2889
f 2874 	2888 	2889
f 2611 	2801 	2614
f 2879 	2893 	2892
f 2889 	2873 	2874
f 2894 	2939 	822
f 758 	2894 	822
f 2892 	2866 	2879
f 2886 	2889 	2894
f 2745 	2531 	2786
f 2786 	2522 	2745
f 2892 	2893 	2726
f 2519 	2522 	2760
f 2784 	2522 	2786
f 2726 	2893 	2898
f 2896 	2554 	2899
f 2136 	2902 	2138
f 2899 	2895 	2896
f 2903 	2138 	2902
f 2905 	2902 	2136
f 2794 	2737 	2901
f 1337 	2982 	2907
f 2904 	2903 	2902
f 2807 	2811 	2936
f 2936 	2741 	2807
f 2325 	2138 	2903
f 2741 	3027 	2944
f 1335 	1343 	2907
f 2907 	1343 	1337
f 2779 	2910 	2875
f 2982 	2985 	2907
f 2779 	2761 	2915
f 2779 	2915 	2910
f 2900 	2911 	2921
f 2927 	2902 	2912
f 2911 	2900 	2904
f 2875 	2913 	2872
f 5515 	2895 	2899
f 2927 	2911 	2904
f 2904 	2902 	2927
f 2559 	2560 	2899
f 2559 	2899 	2554
f 2915 	2913 	2910
f 2913 	2875 	2910
f 2779 	2765 	2761
f 2895 	5585 	2966
f 2912 	2902 	2905
f 2779 	2775 	2765
f 2897 	2916 	2798
f 2775 	2759 	2765
f 2905 	2136 	2912
f 2800 	2798 	2916
f 2896 	2897 	2798
f 2921 	2911 	2922
f 2554 	2896 	2798
f 2922 	2911 	2927
f 2696 	2920 	2919
f 2995 	2900 	2921
f 2924 	2610 	2925
f 2925 	2926 	2924
f 2919 	2698 	2696
f 2922 	2927 	2928
f 2923 	2917 	2698
f 2923 	2698 	2919
f 2894 	2889 	2891
f 2914 	2908 	2909
f 2737 	2944 	2941
f 2922 	2928 	2918
f 2914 	3667 	2908
f 2386 	2901 	2932
f 2908 	3667 	3666
f 2920 	2696 	2639
f 2914 	2909 	3285
f 2933 	2639 	2534
f 2534 	2785 	2933
f 2920 	2933 	2934
f 2921 	2992 	2999
f 2934 	2785 	2780
f 2909 	2908 	2882
f 2737 	2941 	2901
f 2877 	2930 	2878
f 2811 	3027 	2936
f 2930 	2890 	2878
f 2891 	2890 	2930
f 834 	2938 	2979
f 834 	2979 	832
f 2906 	2741 	2936
f 2931 	841 	842
f 842 	2939 	2931
f 2930 	2931 	2891
f 2901 	2941 	2932
f 2382 	2386 	2932
f 2891 	2939 	2894
f 2931 	2939 	2891
f 2938 	841 	2931
f 2930 	2877 	2946
f 2877 	2945 	2946
f 2944 	2942 	2941
f 2942 	2932 	2941
f 2931 	2930 	2946
f 3027 	2741 	2906
f 2970 	2986 	2945
f 2946 	2945 	2938
f 2931 	2946 	2938
f 2932 	2942 	2651
f 2988 	2948 	2947
f 2949 	1393 	1394
f 2949 	1400 	1393
f 2948 	2943 	2998
f 2949 	1394 	2247
f 2630 	2634 	2937
f 2949 	2253 	2950
f 2933 	2785 	2934
f 2253 	521 	2950
f 2950 	1400 	2949
f 2920 	2934 	2919
f 2919 	2934 	2923
f 1400 	2950 	190
f 2952 	2923 	2934
f 2934 	2872 	2952
f 2629 	2630 	3068
f 1621 	2954 	2955
f 2523 	2520 	2974
f 1621 	2955 	1617
f 2961 	2917 	2951
f 2955 	2953 	1617
f 3068 	2646 	2629
f 2951 	2917 	2923
f 2954 	2953 	2955
f 2923 	2952 	2951
f 2872 	2934 	2780
f 2800 	2926 	2801
f 2800 	2916 	2926
f 2926 	2925 	2801
f 2916 	3042 	2926
f 2958 	2962 	3026
f 2926 	2929 	2924
f 2960 	3139 	3137
f 2713 	2958 	2710
f 2964 	3139 	2960
f 2967 	2958 	2713
f 2962 	2958 	2967
f 2960 	3891 	2964
f 2616 	2613 	2963
f 2917 	2961 	2962
f 2616 	2963 	2925
f 2965 	2929 	2966
f 5582 	2520 	2517
f 2970 	2969 	2968
f 2972 	2970 	2881
f 2970 	2972 	2969
f 5699 	2973 	2520
f 2968 	2969 	2975
f 2975 	2969 	2977
f 2974 	2520 	2973
f 2978 	2976 	2975
f 2978 	2975 	2977
f 3120 	2976 	2978
f 2973 	5699 	5713
f 2978 	2957 	3146
f 2978 	2977 	2957
f 2977 	2969 	2956
f 2974 	2973 	3032
f 3881 	2957 	2977
f 2974 	3032 	2971
f 1703 	832 	2980
f 2980 	2954 	1703
f 832 	2979 	2980
f 2979 	2938 	2945
f 2947 	2948 	2998
f 2979 	2983 	2980
f 1614 	1606 	2982
f 2945 	2986 	2979
f 2984 	2983 	2986
f 2986 	2983 	2979
f 2987 	2940 	2985
f 2968 	2975 	2984
f 2987 	2943 	2940
f 2998 	2943 	2987
f 2986 	2970 	2968
f 2877 	2970 	2945
f 2987 	2985 	2982
f 2984 	2986 	2968
f 2928 	2927 	2912
f 2912 	2140 	3075
f 2990 	2992 	2989
f 2988 	2943 	2948
f 2943 	2991 	2940
f 7440 	7437 	2991
f 2993 	2989 	2992
f 3008 	2994 	2947
f 6520 	3085 	2992
f 2994 	3008 	3177
f 2997 	2996 	2998
f 2990 	1104 	2999
f 2997 	3002 	2996
f 1104 	1115 	2999
f 2999 	2992 	2990
f 2998 	1622 	2997
f 2921 	2999 	2995
f 2995 	2999 	1115
f 2900 	3005 	3001
f 1606 	1622 	2998
f 2900 	3001 	3000
f 3000 	2903 	2904
f 2987 	2982 	2998
f 2325 	2903 	3000
f 2998 	2982 	1606
f 1622 	3474 	2997
f 3474 	1622 	1438
f 3000 	2904 	2900
f 2995 	3072 	3005
f 3004 	2996 	3002
f 2848 	2862 	2860
f 2917 	2962 	2967
f 2862 	2852 	2853
f 2698 	2917 	2746
f 2947 	2998 	3008
f 2998 	2996 	3008
f 2836 	2821 	2860
f 2917 	2967 	2746
f 3008 	2996 	3009
f 2854 	1976 	1779
f 2854 	1779 	2843
f 2844 	2854 	2843
f 3008 	3009 	3023
f 3011 	3013 	3053
f 2952 	3010 	2951
f 3017 	3592 	3022
f 3009 	2996 	3004
f 3015 	3010 	2872
f 2952 	2872 	3010
f 3014 	3019 	3020
f 3021 	3009 	3016
f 3018 	3013 	3011
f 1917 	1918 	3017
f 3015 	3018 	3011
f 3015 	3011 	3010
f 3009 	3021 	3023
f 2761 	5348 	3018
f 2915 	2761 	3018
f 3018 	3015 	2915
f 3012 	3019 	3014
f 3015 	2913 	2915
f 3019 	3012 	3225
f 3007 	3175 	3021
f 3029 	1924 	1917
f 2872 	2913 	3015
f 3562 	2958 	3025
f 3023 	3177 	3008
f 2936 	3027 	2906
f 3175 	3023 	3021
f 3027 	2942 	2944
f 1917 	3017 	3029
f 2973 	3034 	3032
f 3029 	3017 	3022
f 2727 	3033 	2726
f 3033 	2727 	2731
f 2959 	2971 	3032
f 3039 	3033 	2731
f 3019 	3225 	3028
f 3073 	3033 	3035
f 3024 	3029 	3051
f 3024 	1924 	3029
f 6679 	2965 	6684
f 3029 	3022 	3037
f 3038 	2388 	3102
f 2896 	2895 	2966
f 3028 	3037 	3022
f 3039 	3038 	3102
f 2966 	5585 	6684
f 2966 	6684 	2965
f 3102 	3040 	3039
f 2896 	2966 	2897
f 2966 	2929 	3042
f 3038 	2731 	2794
f 2929 	2926 	3042
f 2822 	3041 	2821
f 2897 	2966 	3042
f 3040 	3036 	3039
f 1922 	3049 	3044
f 2916 	2897 	3042
f 2731 	3038 	3039
f 2962 	2961 	3026
f 2961 	2951 	3026
f 2958 	3026 	3025
f 3046 	2720 	3045
f 3043 	2822 	2823
f 3043 	3047 	2822
f 3214 	3041 	3047
f 3041 	2822 	3047
f 3045 	2924 	3046
f 3026 	2951 	3010
f 3043 	3044 	3047
f 2924 	2929 	3046
f 2720 	3052 	3045
f 2720 	3126 	3128
f 2715 	3052 	2720
f 2715 	2719 	3052
f 3026 	3056 	3025
f 2719 	2610 	3052
f 3048 	3049 	3051
f 3051 	3028 	3218
f 2929 	2965 	3046
f 3055 	3024 	3051
f 3049 	1922 	3055
f 3055 	1922 	3024
f 3013 	3054 	3053
f 3049 	3055 	3051
f 3218 	3048 	3051
f 3161 	3046 	2965
f 3037 	3028 	3051
f 3051 	3029 	3037
f 3025 	3054 	3050
f 3049 	3048 	3047
f 3026 	3010 	3056
f 3045 	2610 	2924
f 3056 	3054 	3025
f 2610 	3045 	3052
f 3011 	3053 	3056
f 3048 	3215 	3047
f 3056 	3010 	3011
f 3054 	3056 	3053
f 3044 	3049 	3047
f 3032 	3034 	2959
f 3050 	3054 	3058
f 3006 	3000 	3067
f 2959 	3034 	5701
f 3067 	3001 	3005
f 3065 	3064 	3062
f 2172 	3066 	2206
f 2172 	2179 	3066
f 3336 	3067 	3063
f 3062 	3068 	2937
f 3001 	3067 	3000
f 3071 	3069 	3070
f 3063 	3067 	3061
f 2937 	3065 	3062
f 3039 	3036 	3033
f 3033 	3036 	3035
f 3005 	3061 	3067
f 3072 	3061 	3005
f 2630 	2937 	3068
f 2634 	2523 	3065
f 3040 	3031 	3036
f 2523 	2974 	3065
f 3061 	3072 	3003
f 2974 	2981 	3065
f 2634 	3065 	2937
f 3065 	2981 	3064
f 3005 	2900 	2995
f 1123 	3072 	2995
f 3003 	3072 	1133
f 3038 	2794 	2388
f 2981 	3090 	3064
f 1123 	1133 	3072
f 1115 	1123 	2995
f 2880 	3062 	3105
f 3075 	2140 	2312
f 3105 	3062 	3064
f 2869 	3068 	3062
f 2312 	2314 	3075
f 3035 	3036 	3074
f 3075 	2314 	2918
f 3068 	2648 	2646
f 2918 	2928 	3075
f 2869 	2648 	3068
f 3062 	2880 	2869
f 2928 	2912 	3075
f 3077 	3006 	3336
f 3077 	2334 	3078
f 2971 	3112 	3080
f 2971 	2959 	3112
f 3080 	2974 	2971
f 3090 	2981 	3080
f 3073 	3074 	3076
f 2333 	3078 	2334
f 3080 	2981 	2974
f 3077 	3081 	2334
f 3078 	3006 	3077
f 2333 	2342 	3078
f 2342 	3006 	3078
f 3059 	3082 	3083
f 2342 	2325 	3000
f 3000 	3006 	2342
f 3074 	3073 	3035
f 1140 	1142 	3088
f 3033 	3073 	3079
f 3125 	3084 	3057
f 3060 	3141 	3059
f 3087 	3086 	1141
f 4261 	2887 	3111
f 1141 	3086 	3088
f 3088 	1142 	1141
f 3089 	3060 	3059
f 3084 	3152 	3153
f 3057 	3060 	3126
f 3086 	3087 	3093
f 2993 	2992 	3085
f 2989 	2993 	3093
f 3086 	3098 	3088
f 3087 	2989 	3093
f 1144 	2989 	3087
f 3096 	3107 	3091
f 1141 	1144 	3087
f 3090 	3167 	3091
f 3033 	3079 	2726
f 3079 	2892 	2726
f 3096 	3091 	3167
f 2866 	2892 	3079
f 3094 	3096 	3167
f 3093 	3097 	3098
f 3093 	3098 	3086
f 3098 	3097 	3099
f 3098 	3099 	3103
f 3100 	3101 	2424
f 3167 	3090 	3080
f 3100 	2424 	2423
f 2993 	3085 	3093
f 3101 	3040 	2424
f 3103 	3104 	3098
f 3102 	2388 	2408
f 2424 	3040 	3102
f 3088 	3098 	3104
f 3101 	3314 	3031
f 3064 	3090 	3105
f 3040 	3101 	3031
f 3090 	3091 	3105
f 3107 	3094 	3260
f 3105 	3091 	3107
f 3096 	3094 	3107
f 1140 	3106 	6865
f 3106 	3110 	6865
f 3167 	3112 	3109
f 3080 	3112 	3167
f 3116 	3117 	3113
f 3115 	3328 	3109
f 2866 	3117 	3116
f 3115 	3109 	3112
f 3118 	3121 	3120
f 3119 	3121 	3118
f 3073 	3076 	3117
f 3119 	2953 	3121
f 3117 	3079 	3073
f 2953 	2980 	3121
f 3117 	3076 	3113
f 2980 	2983 	3121
f 2866 	3079 	3117
f 2954 	2980 	2953
f 3300 	3113 	3076
f 2976 	2984 	2975
f 2976 	3122 	2984
f 3120 	3122 	2976
f 3122 	3120 	3121
f 3116 	3111 	2866
f 3121 	2983 	3122
f 3122 	2983 	2984
f 3115 	3112 	3123
f 3112 	2959 	3123
f 1736 	1732 	3124
f 3083 	3089 	3059
f 1736 	3389 	3359
f 3066 	2179 	3069
f 3409 	1736 	3124
f 3126 	3125 	3057
f 3069 	3127 	3066
f 3089 	3126 	3060
f 3082 	3128 	3083
f 1742 	1921 	3407
f 3124 	1737 	1742
f 2772 	3128 	3082
f 3124 	1742 	3407
f 3128 	3089 	3083
f 3128 	3126 	3089
f 3162 	1617 	2953
f 3125 	3126 	2720
f 3130 	3070 	2177
f 3162 	3129 	1617
f 3123 	5937 	3115
f 2177 	2184 	3130
f 1747 	3129 	3252
f 2179 	3070 	3069
f 3134 	3133 	3131
f 3192 	3127 	3069
f 3136 	2957 	2960
f 2960 	3137 	3136
f 3137 	3138 	3134
f 2957 	3136 	3146
f 1700 	3130 	2184
f 3046 	3125 	2720
f 2790 	2776 	3082
f 3139 	4369 	3138
f 3139 	3138 	3137
f 2790 	3082 	3059
f 3133 	3134 	3138
f 2964 	4369 	3139
f 3057 	3142 	3060
f 3060 	3142 	3141
f 3142 	5164 	5166
f 5167 	3142 	5166
f 3144 	3084 	3125
f 3145 	3148 	3146
f 3145 	3146 	3136
f 3145 	3137 	3134
f 3144 	3125 	3046
f 3137 	3145 	3136
f 3157 	3148 	3145
f 3148 	3157 	3143
f 2978 	3146 	3148
f 3141 	3140 	3059
f 3148 	3147 	2978
f 3140 	3141 	5167
f 3141 	3142 	5167
f 3120 	2978 	3147
f 3084 	3144 	3152
f 3154 	3153 	3152
f 3153 	3155 	3057
f 3152 	3156 	3154
f 3131 	3150 	3134
f 3142 	3057 	3155
f 3150 	3157 	3134
f 3143 	3157 	3158
f 3157 	3145 	3134
f 3157 	3150 	3158
f 3150 	3149 	3158
f 3158 	3149 	3159
f 3084 	3153 	3057
f 3160 	3144 	3046
f 3161 	3160 	3046
f 3088 	3104 	3163
f 3104 	3106 	3163
f 3130 	1700 	2631
f 1140 	3088 	3163
f 3152 	3144 	3160
f 3164 	3106 	3104
f 3103 	3164 	3104
f 3164 	3110 	3106
f 3165 	3071 	3070
f 1140 	3163 	3106
f 3130 	2631 	2635
f 3165 	3070 	3130
f 3110 	3164 	3114
f 3195 	3166 	3135
f 3165 	3190 	3071
f 2635 	3165 	3130
f 3109 	3168 	3167
f 3192 	3069 	3071
f 3016 	3030 	3021
f 3030 	3007 	3021
f 3178 	3172 	3179
f 3510 	2217 	2206
f 3181 	7446 	3023
f 3176 	3174 	3171
f 3171 	3510 	3176
f 3174 	2206 	3066
f 3066 	3127 	3174
f 3023 	7446 	3177
f 3169 	3170 	3179
f 3174 	3176 	2206
f 3007 	3173 	3175
f 3170 	3180 	3179
f 3023 	3175 	3181
f 3169 	3179 	3172
f 3173 	3181 	3175
f 3189 	3174 	3127
f 3171 	3326 	3339
f 3183 	3172 	3178
f 3504 	3171 	3339
f 3172 	3183 	3182
f 3182 	3183 	3184
f 3168 	3185 	3167
f 3188 	3185 	3168
f 3168 	3186 	3188
f 3127 	3192 	3189
f 3167 	3185 	3135
f 3166 	3167 	3135
f 3071 	3190 	3192
f 3167 	3166 	3094
f 3191 	3184 	3183
f 3185 	3188 	3132
f 3135 	3185 	3132
f 3190 	2710 	3193
f 2710 	3550 	3193
f 3132 	3346 	3342
f 3193 	3189 	3192
f 3132 	3188 	3346
f 3190 	3193 	3192
f 3342 	3135 	3132
f 3187 	3194 	3193
f 3194 	3189 	3193
f 3320 	3166 	3195
f 3191 	3183 	3200
f 3627 	799 	3173
f 3627 	3173 	3007
f 2322 	3198 	3199
f 3180 	3200 	3179
f 3327 	3180 	3208
f 3160 	3161 	3156
f 3183 	3178 	3200
f 3152 	3160 	3156
f 2965 	3151 	3161
f 3178 	3179 	3200
f 3161 	3151 	3156
f 3103 	3099 	3191
f 3191 	3200 	3103
f 3103 	3200 	3164
f 3200 	3114 	3164
f 5184 	3151 	5177
f 3204 	3205 	3217
f 3206 	3202 	3201
f 3202 	3206 	3749
f 2820 	3214 	3211
f 3214 	2820 	3041
f 3251 	3205 	3209
f 3211 	2847 	2848
f 3212 	2847 	3211
f 3204 	3210 	3209
f 3205 	3204 	3209
f 2848 	2820 	3211
f 2262 	3209 	3222
f 3209 	3210 	3222
f 3210 	3204 	3203
f 2820 	2821 	3041
f 3213 	3214 	3215
f 3214 	3047 	3215
f 3210 	3203 	3207
f 3216 	3211 	3214
f 3216 	3212 	3211
f 3226 	3212 	3216
f 2262 	3251 	3209
f 3213 	3216 	3214
f 3243 	3203 	3217
f 3213 	3215 	3218
f 3203 	3204 	3217
f 3218 	3215 	3048
f 3219 	3220 	3217
f 3226 	3012 	3221
f 3221 	3012 	3014
f 3222 	7075 	7000
f 3221 	3357 	3224
f 3012 	3226 	3225
f 3207 	3203 	3223
f 3224 	3226 	3221
f 3207 	7075 	3222
f 3216 	3213 	3226
f 3224 	3212 	3226
f 3207 	3222 	3210
f 3226 	3218 	3225
f 3207 	3223 	7075
f 3218 	3028 	3225
f 3213 	3218 	3226
f 3212 	3392 	2847
f 3232 	1972 	3231
f 3233 	3227 	3229
f 3227 	3233 	3228
f 3228 	3233 	3220
f 3232 	1975 	1972
f 3232 	3231 	3236
f 3237 	3229 	3238
f 2013 	3236 	3230
f 3238 	3229 	3227
f 3235 	3229 	3237
f 3230 	2012 	2013
f 3231 	3234 	3236
f 2852 	2847 	3239
f 3239 	1973 	2856
f 2852 	3239 	2856
f 3221 	3014 	3240
f 3233 	3229 	3244
f 3233 	3244 	3220
f 3245 	3206 	3246
f 3206 	3201 	3246
f 3229 	3243 	3244
f 3208 	3246 	3201
f 3217 	3220 	3244
f 3217 	3244 	3243
f 3247 	3249 	3245
f 3245 	3246 	3247
f 3247 	3246 	3208
f 3251 	3248 	3250
f 3180 	3247 	3208
f 3208 	3201 	3327
f 2262 	2260 	3248
f 3248 	3251 	2262
f 3255 	3205 	3251
f 3250 	3253 	3255
f 3162 	3252 	3129
f 3251 	3250 	3255
f 3162 	3254 	3252
f 3256 	3217 	3205
f 3256 	3219 	3217
f 3205 	3255 	3256
f 3162 	3119 	3118
f 3162 	2953 	3119
f 3257 	3219 	3256
f 3257 	3220 	3219
f 3258 	3261 	3143
f 3261 	3148 	3143
f 3094 	3166 	3259
f 3254 	3162 	3258
f 3259 	3260 	3094
f 3261 	3162 	3118
f 3107 	3260 	3197
f 3147 	3148 	3261
f 3118 	3147 	3261
f 3258 	3162 	3261
f 3262 	2885 	3197
f 3118 	3120 	3147
f 1921 	1925 	3264
f 3263 	3197 	3260
f 3263 	3260 	3259
f 2734 	3107 	3197
f 2880 	3105 	3107
f 3107 	2734 	2880
f 3266 	3197 	3269
f 3197 	3266 	3267
f 1925 	3271 	3265
f 3262 	3197 	3267
f 1925 	1923 	3271
f 3254 	3271 	3252
f 3268 	3281 	3267
f 3254 	3265 	3271
f 3271 	1923 	3252
f 3298 	3585 	3264
f 3266 	3274 	3267
f 3265 	3254 	3272
f 3274 	3268 	3267
f 3269 	3197 	3263
f 3275 	3325 	3268
f 3275 	3269 	3263
f 3263 	3259 	3275
f 3158 	3273 	3143
f 3275 	3259 	3325
f 3276 	3272 	3273
f 3283 	3266 	3269
f 3273 	3158 	3277
f 3159 	3277 	3158
f 3274 	3275 	3268
f 3279 	3272 	3276
f 3266 	3283 	3274
f 3276 	3288 	3282
f 4545 	3278 	3282
f 3282 	3288 	4545
f 3272 	3279 	3265
f 3283 	3269 	3275
f 3283 	3275 	3274
f 3276 	3273 	3277
f 3286 	3273 	3272
f 3284 	2914 	3285
f 3287 	2914 	3284
f 3272 	3254 	3286
f 3273 	3286 	3143
f 3280 	3287 	3284
f 3258 	3143 	3286
f 2935 	2914 	3287
f 3276 	3277 	3288
f 3280 	3284 	3289
f 3280 	3289 	3281
f 3258 	3286 	3254
f 3262 	3267 	3289
f 3267 	3281 	3289
f 3291 	3262 	3289
f 3276 	3282 	3290
f 3295 	3278 	3586
f 3289 	3285 	3291
f 3290 	3282 	3278
f 3291 	2882 	3262
f 2909 	2882 	3291
f 3299 	3276 	3290
f 2885 	3262 	2882
f 2909 	3291 	3285
f 3316 	3199 	3198
f 3292 	3293 	3296
f 3198 	3292 	3296
f 3278 	5358 	3584
f 3293 	3294 	3296
f 3108 	3113 	3196
f 3278 	3295 	3290
f 3264 	1925 	3298
f 3031 	3314 	3297
f 3299 	3270 	3279
f 3300 	3196 	3113
f 3198 	3296 	3316
f 3265 	3279 	3270
f 3298 	1925 	3270
f 3076 	3074 	3297
f 3299 	3298 	3270
f 3074 	3036 	3297
f 3290 	3298 	3299
f 3292 	3198 	2317
f 3297 	3300 	3076
f 3298 	3290 	3295
f 3036 	3031 	3297
f 3276 	3299 	3279
f 2317 	2319 	3292
f 2324 	3301 	2330
f 3199 	3303 	3301
f 3196 	3300 	3092
f 3300 	3297 	3305
f 2322 	3199 	3301
f 3305 	3092 	3300
f 1635 	3301 	3303
f 3302 	3308 	3309
f 3303 	1637 	1638
f 3309 	3308 	3311
f 3310 	3312 	3308
f 3303 	1638 	1635
f 3314 	3307 	3306
f 636 	3301 	1635
f 3306 	3313 	3314
f 3310 	3308 	3302
f 5589 	3312 	3310
f 3304 	2641 	2637
f 3304 	3302 	3315
f 3187 	3334 	3194
f 2641 	3304 	2645
f 3289 	3284 	3285
f 2710 	3190 	2711
f 3302 	3309 	3315
f 3315 	3478 	2645
f 3304 	3315 	2645
f 3190 	2748 	2711
f 5596 	3322 	3323
f 3321 	3195 	3358
f 3312 	3323 	3308
f 3190 	3165 	2748
f 3321 	3320 	3195
f 3308 	3323 	3311
f 3323 	3322 	3311
f 3325 	3281 	3268
f 3324 	3326 	3171
f 3321 	3281 	3325
f 3101 	3100 	3314
f 3314 	3100 	3307
f 3247 	3180 	3170
f 3342 	3358 	3195
f 3259 	3166 	3325
f 3170 	3249 	3247
f 3166 	3320 	3325
f 3180 	3327 	3200
f 3320 	3321 	3325
f 3327 	3114 	3200
f 3305 	3095 	3092
f 3329 	3109 	3328
f 3313 	3095 	3305
f 3314 	3305 	3297
f 3201 	3110 	3114
f 3186 	3168 	3329
f 3327 	3201 	3114
f 3188 	3186 	3346
f 3313 	3305 	3314
f 3168 	3109 	3329
f 3169 	3783 	3170
f 3332 	3063 	3061
f 3336 	3063 	3332
f 3187 	3333 	3334
f 3336 	3006 	3067
f 3324 	3174 	3189
f 3194 	3334 	3324
f 3332 	3061 	3003
f 3316 	3294 	3335
f 3189 	3194 	3324
f 3318 	3317 	3388
f 3316 	3296 	3294
f 3345 	3332 	3003
f 3363 	3199 	3316
f 3336 	3332 	3338
f 3338 	3332 	3348
f 3334 	3326 	3324
f 3331 	3341 	3340
f 3171 	3174 	3324
f 1319 	1320 	3343
f 3326 	3337 	3339
f 3195 	3135 	3342
f 3342 	3346 	3347
f 3346 	3341 	3331
f 3337 	3326 	3344
f 3331 	3347 	3346
f 3326 	3333 	3344
f 3348 	3332 	3345
f 3347 	4573 	3342
f 3344 	3349 	3337
f 3341 	6070 	3340
f 3333 	3326 	3334
f 3345 	3343 	3348
f 1318 	1319 	3343
f 3003 	1318 	3345
f 3351 	3353 	3352
f 3003 	1133 	1318
f 1318 	3343 	3345
f 3346 	3350 	3341
f 3346 	3329 	3350
f 3352 	3353 	2360
f 3329 	3328 	3350
f 3346 	3186 	3329
f 3224 	3356 	3212
f 3357 	3221 	3240
f 4255 	3321 	3358
f 3241 	3962 	3973
f 4573 	3358 	3342
f 3357 	3356 	3224
f 3357 	3241 	3242
f 3356 	3357 	3242
f 2401 	3359 	2402
f 3356 	3392 	3212
f 3303 	3360 	1637
f 3362 	3241 	3973
f 3362 	3418 	3241
f 3360 	3470 	1637
f 1736 	3409 	3361
f 3348 	3354 	3355
f 3355 	3338 	3348
f 2400 	2402 	3365
f 3470 	3360 	3363
f 3506 	3354 	3367
f 3360 	3303 	3199
f 3363 	3360 	3199
f 3316 	3317 	3319
f 2360 	3353 	2399
f 3317 	3318 	3319
f 3316 	3319 	3363
f 3351 	3352 	3508
f 3293 	3292 	2413
f 2413 	3292 	2319
f 3353 	3374 	2399
f 1322 	3368 	1323
f 2418 	2338 	3370
f 3368 	1320 	1323
f 3372 	3373 	3371
f 3375 	3369 	3366
f 3375 	3366 	3367
f 3351 	3372 	3353
f 3348 	3375 	3354
f 3375 	3348 	3343
f 3374 	2454 	2399
f 3369 	3375 	3368
f 3293 	2413 	3376
f 1320 	3368 	3375
f 3375 	3343 	1320
f 3374 	2461 	2454
f 3375 	3367 	3354
f 3371 	2461 	3374
f 3374 	3372 	3371
f 3380 	3077 	3378
f 3373 	3381 	3371
f 3383 	3380 	3378
f 3384 	3376 	3385
f 2475 	2400 	3365
f 2418 	3376 	2413
f 3081 	3077 	3380
f 3376 	3370 	3385
f 2418 	3370 	3376
f 3376 	3384 	3377
f 3357 	3962 	3241
f 3388 	3376 	3377
f 3386 	3364 	3365
f 3365 	2402 	3386
f 3389 	3386 	2402
f 3361 	3386 	3389
f 3388 	3335 	3376
f 3376 	3335 	3294
f 3391 	3392 	3242
f 3293 	3376 	3294
f 3385 	3459 	3393
f 3390 	3392 	3391
f 3384 	3385 	3393
f 3361 	3389 	1736
f 3549 	3384 	3393
f 3395 	3419 	3439
f 3359 	3389 	2402
f 3316 	3388 	3317
f 3316 	3335 	3388
f 3386 	3396 	3398
f 3377 	3318 	3388
f 3397 	3391 	3395
f 3390 	3391 	3397
f 3364 	3386 	3398
f 3394 	3397 	3395
f 3387 	3231 	1972
f 3411 	3387 	1972
f 3398 	3396 	3403
f 3399 	3400 	3404
f 3399 	3404 	3401
f 3379 	3401 	3412
f 3401 	3379 	3399
f 3397 	3394 	3414
f 3394 	3387 	3414
f 3124 	3407 	3409
f 3408 	3414 	3387
f 3407 	3405 	3409
f 3387 	3411 	3408
f 3406 	3396 	3361
f 3409 	3405 	3406
f 3356 	3242 	3392
f 3386 	3361 	3396
f 3409 	3406 	3361
f 1973 	3239 	3411
f 3416 	3412 	3401
f 3382 	3381 	3413
f 1973 	3411 	1972
f 3381 	3373 	3413
f 3391 	3419 	3395
f 3373 	3472 	3413
f 3397 	3414 	3390
f 3374 	3353 	3372
f 3414 	3408 	3390
f 3390 	3408 	3411
f 3442 	3604 	3416
f 3381 	2461 	3371
f 3392 	3390 	2847
f 3416 	3415 	3412
f 2452 	3382 	2446
f 3390 	3411 	3239
f 3390 	3239 	2847
f 2441 	2446 	3382
f 1167 	2441 	3382
f 3410 	3379 	3412
f 2452 	2461 	3382
f 3381 	3382 	2461
f 3412 	3415 	3410
f 1583 	1167 	3382
f 3419 	3418 	3417
f 3610 	3415 	3416
f 3419 	3391 	3420
f 3419 	3420 	3418
f 1583 	3382 	3413
f 1583 	3413 	3477
f 3420 	3241 	3418
f 3420 	3391 	3242
f 3420 	3242 	3241
f 3437 	2735 	3426
f 3448 	3417 	3362
f 2734 	2885 	3426
f 3362 	3417 	3418
f 3351 	3424 	3372
f 3430 	3427 	3351
f 3428 	3429 	3230
f 3404 	2876 	2735
f 3404 	2688 	2876
f 3429 	2178 	3230
f 3432 	3433 	3434
f 3439 	3435 	3432
f 3234 	3433 	3428
f 3433 	3234 	3434
f 3234 	3428 	3236
f 3425 	3427 	3431
f 3234 	3231 	3434
f 3236 	3428 	3230
f 3401 	3404 	3437
f 3433 	3435 	3428
f 2735 	3437 	3404
f 3435 	3433 	3432
f 3437 	3423 	3401
f 3427 	3436 	3431
f 3401 	3423 	3441
f 3434 	3231 	3387
f 3394 	3434 	3387
f 3427 	3425 	3422
f 3394 	3395 	3432
f 3430 	3485 	3436
f 3430 	3436 	3427
f 3395 	3439 	3432
f 3438 	3423 	3421
f 3432 	3434 	3394
f 3440 	3441 	3438
f 3440 	3438 	3442
f 3402 	3406 	3405
f 3403 	3406 	3402
f 3438 	3441 	3423
f 3403 	3396 	3406
f 3442 	3416 	3440
f 3443 	3444 	3439
f 3444 	3435 	3439
f 3439 	3419 	3443
f 3416 	3401 	3441
f 3441 	3440 	3416
f 3419 	3417 	3443
f 3443 	3448 	3446
f 3417 	3448 	3443
f 3446 	3444 	3443
f 3449 	3451 	3462
f 3450 	3445 	3447
f 3364 	3398 	3469
f 3446 	3587 	3444
f 3603 	3613 	3445
f 3451 	3449 	2423
f 3338 	3355 	3378
f 3451 	2475 	3452
f 3455 	3454 	3453
f 3603 	3445 	3450
f 2475 	3365 	3452
f 3458 	3364 	3469
f 3458 	3462 	3452
f 3453 	3460 	3455
f 3458 	3452 	3364
f 3364 	3452 	3365
f 3454 	3461 	3453
f 3459 	3466 	3560
f 3462 	3451 	3452
f 3461 	3463 	3453
f 3462 	3458 	3330
f 3915 	3464 	3370
f 3915 	3457 	3464
f 3385 	3466 	3459
f 3385 	3464 	3466
f 3385 	3370 	3464
f 3560 	3466 	3464
f 3456 	3706 	3461
f 3467 	3402 	3491
f 3456 	3461 	3454
f 3458 	3469 	3467
f 3351 	3427 	3424
f 3470 	1438 	1637
f 3470 	3473 	3474
f 3463 	3461 	3468
f 3690 	3689 	3468
f 3424 	3472 	3373
f 1438 	3470 	3474
f 3474 	3002 	2997
f 3477 	3897 	1056
f 3363 	3473 	3470
f 3471 	3477 	3413
f 3315 	3475 	3478
f 3424 	3427 	3472
f 2878 	2888 	3480
f 3373 	3372 	3424
f 3474 	3004 	3002
f 3472 	3427 	3422
f 3474 	3473 	3004
f 3413 	3472 	3471
f 3004 	3473 	3479
f 3077 	3336 	3378
f 3479 	3473 	3484
f 3338 	3378 	3336
f 3467 	3469 	3402
f 3486 	3487 	3484
f 3484 	3487 	3489
f 3489 	3479 	3484
f 3004 	3479 	3489
f 3383 	3488 	3380
f 3469 	3398 	3403
f 3402 	3469 	3403
f 3467 	3491 	3492
f 3257 	3256 	3493
f 3380 	3488 	3490
f 3465 	3458 	3467
f 3500 	3574 	3465
f 3467 	3500 	3465
f 3465 	3330 	3458
f 3495 	3496 	3498
f 3500 	3467 	3492
f 3228 	3220 	3257
f 3253 	3499 	3255
f 3383 	3507 	3488
f 3493 	3256 	3255
f 3255 	3499 	3493
f 3611 	3574 	3500
f 3496 	3490 	3503
f 3500 	3492 	3611
f 3503 	3490 	3488
f 3496 	3503 	3498
f 3498 	3546 	3497
f 3509 	3484 	3481
f 3009 	3489 	3487
f 3489 	3009 	3004
f 3319 	3481 	3484
f 3363 	3319 	3484
f 3473 	3363 	3484
f 3337 	3485 	3339
f 3171 	3504 	3505
f 3503 	3546 	3498
f 3009 	3487 	3486
f 3351 	3508 	3430
f 3355 	3354 	3507
f 3507 	3354 	3506
f 3352 	3504 	3508
f 3355 	3507 	3383
f 3383 	3378 	3355
f 3503 	3488 	3507
f 3318 	3511 	3509
f 3506 	3503 	3507
f 2206 	3176 	3510
f 3494 	3493 	3499
f 3349 	3436 	3485
f 3548 	3506 	3367
f 3503 	3506 	3546
f 3485 	3337 	3349
f 3508 	3504 	3485
f 3485 	3504 	3339
f 2123 	3514 	3532
f 3352 	3505 	3504
f 3514 	2123 	2102
f 3352 	3517 	3505
f 3519 	3516 	3518
f 3510 	3171 	3505
f 3515 	3512 	3513
f 3505 	3517 	3510
f 3520 	2178 	3429
f 3517 	3352 	2472
f 2360 	2472 	3352
f 3517 	2480 	3510
f 3517 	2472 	2480
f 3508 	3485 	3430
f 3435 	3518 	3516
f 3516 	3519 	3529
f 3521 	3524 	3525
f 2102 	2178 	3520
f 3520 	3435 	3516
f 3429 	3428 	3520
f 3509 	3481 	3318
f 3516 	3529 	3514
f 3520 	3516 	3514
f 3545 	3509 	3511
f 3520 	3514 	2102
f 3435 	3520 	3428
f 3518 	3587 	3519
f 3530 	3531 	3536
f 3318 	3481 	3319
f 3519 	3537 	3529
f 3484 	3509 	3486
f 3444 	3587 	3518
f 3545 	3540 	3486
f 3444 	3518 	3435
f 3486 	3509 	3545
f 3030 	3016 	3486
f 3486 	3016 	3009
f 3537 	3535 	3532
f 3486 	3627 	3030
f 3533 	3538 	3539
f 3527 	3528 	3531
f 3528 	3536 	3531
f 3536 	3528 	3541
f 3530 	3536 	3541
f 3546 	3506 	3548
f 3548 	3542 	3544
f 3547 	3632 	3540
f 3545 	3547 	3540
f 3511 	3549 	3545
f 3544 	3546 	3548
f 3544 	3497 	3546
f 3511 	3384 	3549
f 3511 	3377 	3384
f 3367 	3366 	3548
f 3511 	3318 	3377
f 3366 	3542 	3548
f 3549 	3547 	3545
f 3534 	3533 	3539
f 3554 	3553 	3547
f 3549 	3554 	3547
f 3556 	3549 	3393
f 3539 	3535 	3534
f 3549 	3556 	3554
f 2710 	2958 	3550
f 3393 	3459 	3556
f 3193 	3550 	3552
f 3557 	3558 	3559
f 3555 	3187 	3552
f 3193 	3552 	3187
f 3333 	3187 	3555
f 3560 	3464 	3457
f 3553 	3459 	3622
f 3561 	3555 	3552
f 3227 	3524 	3238
f 3562 	3552 	3550
f 3550 	2958 	3562
f 3025 	3563 	3562
f 3566 	3522 	3523
f 3567 	6000 	3238
f 3562 	3561 	3552
f 3562 	3563 	3561
f 3555 	3568 	3333
f 3524 	3228 	3525
f 3565 	3725 	3564
f 3227 	3228 	3524
f 3344 	3569 	3349
f 3526 	3570 	3527
f 3570 	3569 	3568
f 3571 	3570 	3568
f 3526 	3569 	3570
f 3521 	3575 	3524
f 3344 	3568 	3569
f 3344 	3333 	3568
f 3571 	3568 	3555
f 3567 	3238 	3524
f 3555 	3561 	3571
f 3572 	3558 	3557
f 3565 	3564 	3572
f 3565 	3572 	3767
f 3558 	3572 	3564
f 3512 	3522 	3880
f 3465 	3574 	3573
f 2529 	2531 	3577
f 3405 	3578 	3576
f 3402 	3405 	3576
f 3577 	3579 	3580
f 3576 	3491 	3402
f 3567 	3524 	3575
f 3567 	3575 	6260
f 3407 	3578 	3405
f 3512 	3521 	3522
f 3581 	3580 	3579
f 3579 	3577 	3582
f 3577 	2531 	3582
f 3521 	3512 	3515
f 3532 	2192 	2188
f 3586 	3278 	3584
f 3521 	3515 	3575
f 2192 	3535 	3539
f 3532 	3535 	2192
f 2199 	3539 	3538
f 2199 	2192 	3539
f 3585 	3586 	3583
f 3588 	3533 	3534
f 3584 	3583 	3586
f 3589 	3493 	3523
f 3493 	3494 	3523
f 3529 	3532 	3514
f 3588 	3534 	3535
f 3493 	3589 	3257
f 3537 	3588 	3535
f 3521 	3525 	3589
f 3589 	3523 	3522
f 3537 	3519 	3587
f 3521 	3589 	3522
f 3587 	3588 	3537
f 3589 	3525 	3228
f 3529 	3537 	3532
f 3588 	3587 	3446
f 3588 	3446 	4022
f 3257 	3589 	3228
f 3590 	3022 	3591
f 3974 	3977 	3523
f 3591 	3022 	3592
f 3566 	3523 	3977
f 2692 	3593 	2693
f 3595 	3593 	2692
f 2692 	3652 	3595
f 3597 	3600 	3593
f 3597 	3593 	3595
f 3600 	2697 	2693
f 3593 	3600 	2693
f 3599 	3447 	3445
f 3597 	3591 	3600
f 2697 	3600 	3592
f 3592 	1918 	2697
f 3591 	3592 	3600
f 3028 	3022 	3590
f 3585 	3578 	3264
f 3407 	1921 	3264
f 3028 	3590 	3019
f 3407 	3264 	3578
f 3590 	3591 	3700
f 3591 	3597 	3700
f 3295 	3585 	3298
f 3295 	3586 	3585
f 3604 	3614 	3603
f 3483 	3637 	3482
f 3606 	3501 	3502
f 3482 	3455 	3460
f 3603 	3450 	3604
f 3607 	3606 	3502
f 3483 	3309 	3311
f 3309 	3609 	3475
f 5957 	3415 	3604
f 3609 	3476 	3475
f 3605 	3606 	3608
f 3610 	3604 	3415
f 3604 	3450 	5957
f 3960 	3611 	3607
f 3416 	3604 	3610
f 3960 	3607 	3502
f 3309 	3475 	3315
f 3609 	3309 	3483
f 3482 	3460 	3609
f 3613 	3618 	3612
f 3607 	3583 	3606
f 3483 	3482 	3609
f 5329 	3445 	3613
f 3612 	5329 	3613
f 3476 	3609 	3460
f 3460 	3453 	3476
f 3475 	3476 	3615
f 3476 	3463 	3615
f 3607 	3611 	3576
f 3611 	3492 	3491
f 3475 	3615 	3478
f 3611 	3491 	3576
f 3480 	3478 	3615
f 3476 	3453 	3463
f 3463 	3619 	3615
f 3612 	3602 	5329
f 3463 	3468 	3619
f 3620 	3618 	3613
f 3620 	3613 	3603
f 3619 	2878 	3615
f 3615 	2878 	3480
f 3622 	3459 	3560
f 3468 	2972 	2881
f 2881 	3619 	3468
f 2881 	2878 	3619
f 3556 	3459 	3621
f 3556 	3621 	3554
f 3580 	3646 	3551
f 3580 	3551 	3577
f 3622 	3635 	3553
f 3622 	3560 	3635
f 2531 	2754 	3582
f 3560 	4017 	3635
f 2756 	3624 	3582
f 3635 	3547 	3553
f 3621 	3553 	3554
f 3459 	3553 	3621
f 3081 	3626 	3625
f 3623 	3455 	3482
f 3454 	3455 	3623
f 3623 	3456 	3454
f 3623 	3702 	3456
f 3007 	3030 	3627
f 3630 	3628 	3629
f 3631 	802 	800
f 800 	799 	3631
f 806 	802 	3631
f 3628 	3630 	3623
f 3629 	3664 	3630
f 3633 	3630 	3664
f 3632 	3486 	3540
f 3631 	3632 	3547
f 3632 	3631 	3627
f 3632 	3627 	3486
f 3631 	799 	3627
f 3630 	3633 	4153
f 3636 	3664 	3629
f 3603 	3614 	3620
f 3617 	3620 	3614
f 3438 	3617 	3614
f 3614 	3442 	3438
f 3604 	3442 	3614
f 3483 	3639 	3637
f 3482 	3637 	3628
f 3620 	3617 	3616
f 3618 	3620 	3616
f 3629 	3628 	3637
f 3637 	3636 	3629
f 3482 	3628 	3623
f 3637 	3639 	3636
f 3616 	3617 	3732
f 3732 	3617 	3438
f 3483 	3311 	3639
f 2756 	2334 	3624
f 3626 	3624 	3625
f 3641 	3612 	3618
f 3641 	3602 	3612
f 3081 	3380 	3581
f 3618 	3745 	3641
f 3581 	3626 	3081
f 3579 	3626 	3581
f 3579 	3582 	3624
f 3624 	3626 	3579
f 3643 	2882 	3644
f 2754 	2756 	3582
f 2885 	2882 	3643
f 3625 	3624 	2334
f 3625 	2334 	3081
f 3646 	3580 	3648
f 3649 	3646 	3648
f 3646 	3656 	3572
f 3648 	3761 	3649
f 3650 	3652 	3651
f 3652 	2707 	3651
f 3642 	3645 	3647
f 3438 	3421 	3645
f 3651 	2707 	3655
f 3645 	3642 	3438
f 3654 	3660 	3645
f 3675 	2708 	2706
f 3767 	3572 	3653
f 2707 	2708 	3655
f 3656 	3653 	3572
f 3426 	3643 	3658
f 3643 	3644 	3658
f 3646 	3649 	3656
f 3654 	3645 	3421
f 3653 	3656 	3761
f 3644 	3654 	3658
f 3421 	3423 	3658
f 3423 	3437 	3658
f 3654 	3421 	3658
f 3426 	2885 	3643
f 3311 	3322 	3639
f 3655 	2708 	3675
f 3426 	3658 	3437
f 3639 	3322 	3638
f 3636 	3639 	3638
f 3638 	3322 	3640
f 3654 	3720 	3660
f 3660 	3647 	3645
f 3640 	3661 	3638
f 3650 	3651 	3679
f 3597 	3595 	3659
f 3652 	3650 	3659
f 3595 	3652 	3659
f 3659 	3598 	3597
f 3666 	2882 	2908
f 3667 	3668 	3663
f 3665 	3659 	3685
f 3668 	3667 	2914
f 3598 	3659 	3665
f 3659 	3650 	3685
f 3667 	3663 	3673
f 5630 	3670 	3672
f 3666 	3667 	3673
f 3675 	2706 	3674
f 3672 	3670 	3669
f 3676 	3669 	3670
f 3670 	3671 	3676
f 3655 	3675 	3651
f 4064 	3677 	3634
f 3634 	3677 	3635
f 3674 	3678 	3679
f 3800 	3657 	3678
f 3675 	3674 	3679
f 3675 	3679 	3651
f 806 	3635 	3677
f 3664 	3676 	3633
f 3547 	3635 	3631
f 3631 	3635 	806
f 3644 	2882 	3666
f 3669 	3676 	3664
f 3644 	3663 	3662
f 3673 	3663 	3644
f 3636 	3669 	3664
f 3680 	3681 	3682
f 3666 	3673 	3644
f 3638 	3669 	3636
f 3662 	3663 	4812
f 3683 	3684 	3594
f 3679 	3685 	3650
f 3638 	3661 	3669
f 3685 	3679 	3678
f 3689 	3690 	3688
f 3014 	3020 	3686
f 3696 	3686 	3020
f 3598 	3755 	3597
f 3468 	3707 	3690
f 3694 	3468 	3689
f 3468 	3461 	3707
f 3598 	3759 	3698
f 3885 	3694 	3689
f 3885 	3881 	3694
f 2956 	2969 	3694
f 3759 	3697 	3698
f 3698 	3697 	3711
f 3702 	4080 	3703
f 3755 	3598 	3698
f 3703 	3704 	3702
f 3698 	3711 	3705
f 3706 	3707 	3461
f 3020 	3019 	3590
f 3718 	3682 	3681
f 3710 	3700 	3705
f 3935 	3709 	3923
f 3557 	3646 	3572
f 3699 	3722 	3709
f 3551 	3646 	3557
f 3711 	3712 	3710
f 3581 	3648 	3580
f 3923 	3709 	3718
f 3908 	3682 	3701
f 3648 	3581 	3490
f 3713 	2777 	2781
f 2655 	2812 	3714
f 3710 	3705 	3711
f 3714 	3722 	3699
f 3692 	3687 	3712
f 2783 	3713 	2781
f 3714 	3699 	2867
f 3577 	3551 	3721
f 2655 	3714 	2867
f 3715 	3577 	3721
f 2786 	2529 	3715
f 3715 	2529 	3577
f 3710 	3712 	3696
f 3715 	2783 	2786
f 3713 	3721 	3717
f 3716 	3718 	3709
f 3718 	3716 	3682
f 3682 	3716 	3701
f 3662 	3719 	3720
f 3709 	3722 	3716
f 4812 	3719 	3662
f 3551 	3717 	3721
f 3720 	3644 	3662
f 3663 	3668 	4756
f 3551 	3557 	3717
f 3663 	4756 	4812
f 3654 	3644 	3720
f 3660 	3720 	3719
f 3594 	3818 	3812
f 3713 	2783 	3715
f 3713 	3715 	3721
f 3169 	3565 	3767
f 3719 	3842 	3840
f 3684 	3683 	3499
f 3725 	3565 	3172
f 3726 	3728 	3727
f 6989 	6905 	3725
f 6905 	3564 	3725
f 3729 	3727 	3728
f 3725 	3182 	6989
f 3172 	3182 	3725
f 3616 	3730 	3618
f 3731 	3616 	3732
f 3172 	3565 	3169
f 3732 	3642 	3731
f 3438 	3642 	3732
f 3846 	3245 	3249
f 3647 	3731 	3642
f 3611 	3573 	3574
f 3608 	3583 	3584
f 3731 	3647 	3734
f 3606 	3583 	3608
f 3734 	3647 	3660
f 3749 	3206 	3245
f 3576 	3578 	3607
f 3745 	3730 	3737
f 3745 	3618 	3730
f 3607 	3585 	3583
f 3730 	3616 	3731
f 3730 	3731 	3737
f 3585 	3607 	3578
f 3739 	3570 	3571
f 3745 	3737 	3743
f 3702 	3706 	3456
f 3570 	3739 	3527
f 3731 	3734 	3737
f 3527 	3739 	3528
f 3702 	3704 	3706
f 3708 	3741 	3690
f 3541 	3528 	3742
f 3543 	3541 	3742
f 3742 	3740 	3543
f 3708 	3690 	3704
f 3707 	3704 	3690
f 3707 	3706 	3704
f 3687 	3696 	3712
f 3058 	3740 	3744
f 3723 	3747 	3695
f 3740 	3742 	3744
f 3020 	3710 	3696
f 3700 	3710 	3020
f 3686 	3696 	3687
f 3245 	3846 	3749
f 3739 	3742 	3528
f 3025 	3050 	3563
f 3058 	3744 	3563
f 3692 	3712 	3693
f 3844 	3733 	3736
f 3785 	3711 	3697
f 3561 	3563 	3744
f 3693 	3712 	3711
f 3693 	3711 	3785
f 3058 	3563 	3050
f 3752 	3754 	3750
f 3723 	3752 	3750
f 3597 	3755 	3700
f 3738 	3929 	3913
f 3202 	3749 	3751
f 3700 	3755 	3705
f 3751 	3749 	3753
f 3705 	3755 	3698
f 3590 	3700 	3020
f 3678 	3657 	3757
f 3738 	3913 	3330
f 3749 	3735 	3753
f 3753 	3735 	3854
f 3929 	3738 	3756
f 3657 	3758 	3757
f 3751 	7141 	3202
f 3738 	3773 	3756
f 3723 	3695 	3908
f 3738 	3806 	3773
f 3723 	3908 	3857
f 3598 	3665 	3759
f 3752 	3723 	3844
f 3697 	3759 	3760
f 3742 	3739 	3571
f 3561 	3742 	3571
f 3757 	3760 	3759
f 3742 	3561 	3744
f 3764 	3765 	3733
f 3759 	3665 	3757
f 3757 	3685 	3678
f 3665 	3685 	3757
f 3743 	3748 	3745
f 3748 	3641 	3745
f 3748 	3743 	3724
f 3768 	3653 	3761
f 3641 	3748 	3602
f 3763 	3769 	3526
f 3748 	3724 	3602
f 5486 	3743 	3770
f 3765 	3762 	3733
f 3768 	3767 	3653
f 4076 	3762 	3771
f 3724 	3743 	5486
f 3768 	3796 	3767
f 3837 	3791 	3766
f 3746 	3703 	4080
f 2611 	4326 	3774
f 3708 	3703 	3746
f 3704 	3703 	3708
f 2548 	3726 	3691
f 3774 	3726 	2548
f 3656 	3649 	3761
f 3726 	3594 	3691
f 3776 	3777 	3758
f 3760 	3757 	3758
f 2543 	2611 	3774
f 3777 	3760 	3758
f 2543 	3774 	2548
f 3774 	4326 	3728
f 3774 	3728 	3726
f 3796 	3779 	3797
f 3784 	3760 	3777
f 3779 	3809 	3797
f 3781 	3802 	3907
f 3785 	3784 	3958
f 3784 	3697 	3760
f 3693 	3785 	3958
f 3771 	3762 	3765
f 876 	3844 	3723
f 3779 	3761 	3788
f 3789 	3780 	3766
f 3766 	3791 	3789
f 3775 	3772 	3845
f 3775 	3840 	3841
f 3775 	3845 	3737
f 3431 	3769 	3790
f 3785 	3697 	3784
f 3791 	3422 	3425
f 3792 	3787 	3786
f 3687 	3961 	3686
f 3686 	3961 	3962
f 3793 	3683 	3594
f 3240 	3686 	3962
f 3793 	3596 	3683
f 3791 	3425 	3790
f 3686 	3240 	3014
f 3793 	3781 	3596
f 3431 	3790 	3425
f 2796 	3795 	3794
f 3790 	3789 	3791
f 3793 	3792 	3781
f 3795 	3798 	3794
f 3795 	3799 	3798
f 3726 	3727 	3793
f 3792 	3793 	3727
f 3763 	3790 	3769
f 3787 	3792 	3727
f 3727 	3729 	3787
f 3657 	3805 	3893
f 3796 	3797 	3782
f 3787 	3729 	4334
f 3783 	3169 	3767
f 3798 	3800 	3674
f 3767 	3796 	3783
f 2709 	3794 	2706
f 3594 	3726 	3793
f 3783 	3796 	3782
f 3674 	2706 	3798
f 3769 	3431 	3436
f 3779 	3796 	3768
f 2706 	3794 	3798
f 3780 	3916 	3801
f 3761 	3779 	3768
f 3849 	2796 	2797
f 3795 	2796 	3803
f 3792 	3786 	3802
f 3800 	3799 	3805
f 3657 	3800 	3805
f 3802 	3781 	3792
f 3761 	4203 	4206
f 3738 	3330 	3806
f 3782 	3797 	3809
f 3810 	3782 	3809
f 3806 	3808 	3807
f 3800 	3798 	3799
f 3806 	3330 	3808
f 3800 	3678 	3674
f 3808 	3330 	3465
f 3783 	3249 	3170
f 3782 	3810 	3783
f 3799 	3811 	3805
f 3815 	3799 	3795
f 3806 	3807 	3773
f 3812 	3248 	2535
f 3799 	3813 	3811
f 3799 	3815 	3813
f 3248 	2260 	2535
f 3830 	3809 	3829
f 3814 	3812 	2535
f 3465 	3972 	3808
f 3795 	3803 	3815
f 3779 	3788 	3816
f 3684 	3253 	3818
f 3594 	3684 	3818
f 3809 	3779 	3816
f 3852 	3902 	3813
f 3684 	3499 	3253
f 3253 	3250 	3818
f 2548 	3691 	3814
f 3250 	3248 	3812
f 3812 	3818 	3250
f 3829 	3809 	3816
f 3594 	3812 	3814
f 3972 	3819 	3808
f 3691 	3594 	3814
f 3823 	3826 	3824
f 3829 	3828 	3830
f 3734 	3775 	3737
f 3801 	3766 	3780
f 3817 	3827 	3828
f 3832 	3833 	3801
f 3772 	3775 	3841
f 3596 	3831 	3835
f 3836 	3766 	3801
f 3810 	3809 	3830
f 3471 	3472 	3837
f 3840 	3775 	3734
f 3772 	3841 	3834
f 3838 	876 	879
f 879 	877 	3838
f 3734 	3719 	3840
f 3967 	3825 	3839
f 876 	3838 	3765
f 3841 	3840 	3842
f 876 	3765 	3764
f 3804 	3839 	3825
f 3764 	3844 	876
f 3249 	3783 	3810
f 3810 	3846 	3249
f 3734 	3660 	3719
f 3844 	3764 	3733
f 3736 	3754 	3844
f 3810 	3830 	3846
f 3752 	3844 	3754
f 3494 	3835 	3975
f 3816 	3817 	3829
f 3850 	3494 	3499
f 3836 	3471 	3837
f 3829 	3817 	3828
f 3826 	3822 	3821
f 3843 	3839 	3804
f 3822 	3847 	3820
f 3683 	3596 	3835
f 3803 	2796 	3849
f 2808 	3849 	2797
f 3848 	3807 	3808
f 3849 	3847 	3803
f 3835 	3850 	3683
f 3847 	3815 	3803
f 3827 	3817 	4103
f 3801 	3471 	3836
f 2808 	3820 	3849
f 3827 	4103 	4102
f 3422 	3837 	3472
f 3851 	3852 	3847
f 3850 	3499 	3683
f 3851 	3847 	3822
f 3422 	3791 	3837
f 3847 	3852 	3815
f 3820 	3847 	3849
f 3853 	3735 	3749
f 3848 	3773 	3807
f 3850 	3835 	3494
f 3848 	3839 	3843
f 3845 	3743 	3737
f 3853 	3749 	3846
f 3848 	3843 	3773
f 3853 	3830 	3828
f 3843 	3804 	3756
f 3846 	3830 	3853
f 3773 	3843 	3756
f 3854 	3855 	3856
f 3819 	3848 	3808
f 3842 	3834 	3841
f 3735 	3855 	3854
f 3856 	3860 	3854
f 3772 	3864 	3866
f 876 	3723 	3857
f 931 	3857 	930
f 3845 	3866 	3770
f 3743 	3845 	3770
f 4959 	3864 	3772
f 3866 	3845 	3772
f 3866 	3864 	3861
f 3854 	3867 	3753
f 3862 	3854 	3860
f 3851 	3823 	3871
f 3823 	3851 	3826
f 3867 	3854 	3862
f 3865 	3858 	3863
f 3851 	3822 	3826
f 6429 	3869 	3870
f 3871 	3852 	3851
f 6429 	3513 	3869
f 3863 	3944 	3894
f 3865 	3863 	3892
f 3865 	3859 	3858
f 4959 	4940 	3864
f 3894 	3944 	3756
f 3868 	3875 	3974
f 3876 	3877 	3878
f 3912 	3874 	3688
f 3881 	2956 	3694
f 3876 	3878 	3883
f 3879 	3882 	3884
f 3878 	3886 	3883
f 3880 	3522 	3566
f 3813 	3815 	3852
f 3888 	3882 	3879
f 3880 	3513 	3512
f 3820 	3821 	3822
f 3689 	3688 	3885
f 884 	876 	3857
f 3824 	3889 	5572
f 931 	887 	3857
f 3874 	3887 	3885
f 3890 	3882 	3888
f 887 	884 	3857
f 3889 	3820 	2816
f 3889 	3824 	3826
f 3891 	3887 	3874
f 3889 	3821 	3820
f 3771 	3765 	3838
f 3885 	3887 	3881
f 3889 	3826 	3821
f 3892 	3890 	3888
f 3889 	4599 	5572
f 3880 	3869 	3513
f 3875 	3868 	3869
f 3758 	3657 	3893
f 3893 	3776 	3758
f 3880 	3875 	3869
f 3888 	3865 	3892
f 3894 	3804 	3890
f 3804 	3882 	3890
f 3974 	3523 	3494
f 3890 	3892 	3894
f 3688 	3874 	3885
f 3893 	3895 	3776
f 3896 	3895 	3893
f 3837 	3766 	3836
f 3896 	3899 	3895
f 2977 	2956 	3881
f 3805 	3896 	3893
f 3778 	3776 	3895
f 2960 	2957 	3887
f 3832 	3900 	3833
f 3887 	2957 	3881
f 1049 	3897 	3900
f 3891 	4370 	2964
f 3902 	3896 	3811
f 3900 	3897 	3833
f 1058 	3900 	1096
f 3902 	3871 	3896
f 3874 	3873 	4364
f 3896 	3805 	3811
f 4364 	4366 	3874
f 3900 	3832 	1096
f 1058 	1049 	3900
f 3811 	3813 	3902
f 3897 	3801 	3833
f 2960 	3887 	3891
f 3801 	3477 	3471
f 3902 	3852 	3871
f 3897 	3477 	3801
f 3906 	3899 	3896
f 3746 	3905 	3708
f 3888 	3879 	4706
f 3899 	4041 	3895
f 3892 	3863 	3894
f 3756 	3804 	3894
f 3896 	3871 	3906
f 3908 	3701 	6155
f 3908 	3695 	3682
f 3882 	3804 	3825
f 3825 	3884 	3882
f 3690 	3741 	3912
f 3876 	3883 	3911
f 3886 	3914 	3883
f 3905 	3741 	3708
f 929 	3908 	6108
f 3688 	3690 	3912
f 929 	930 	3857
f 3857 	3908 	929
f 3883 	3914 	3911
f 3741 	3873 	3912
f 3933 	3925 	3904
f 3911 	3877 	3876
f 2338 	3915 	3370
f 1096 	3832 	3916
f 1094 	1096 	3916
f 3917 	3933 	3904
f 3917 	3904 	1072
f 3917 	1072 	1074
f 3915 	2851 	3918
f 2338 	2850 	3915
f 3915 	2850 	2851
f 3916 	3917 	1094
f 3911 	3920 	3919
f 3530 	3924 	3531
f 3918 	3921 	3939
f 3920 	3911 	3914
f 3918 	2851 	2857
f 3832 	3801 	3916
f 3933 	3916 	3780
f 3449 	3913 	2423
f 3909 	4184 	3910
f 3449 	3462 	3913
f 2444 	2548 	3814
f 3831 	3781 	3907
f 3909 	3910 	3906
f 3831 	3596 	3781
f 3913 	3929 	2423
f 4041 	3906 	3910
f 3913 	3462 	3330
f 3926 	3925 	3780
f 3531 	3924 	3926
f 3926 	3924 	3904
f 3924 	3530 	5695
f 3926 	3904 	3925
f 3955 	4024 	4023
f 3933 	3917 	3916
f 3955 	3969 	4024
f 3955 	3868 	3969
f 3933 	3780 	3925
f 3926 	3763 	3527
f 3763 	3526 	3527
f 3927 	3922 	3921
f 3934 	3909 	3906
f 3789 	3926 	3780
f 3927 	3921 	3918
f 3934 	3906 	3871
f 3790 	3763 	3926
f 2857 	3927 	3918
f 3931 	3934 	3871
f 3527 	3531 	3926
f 3699 	3709 	3935
f 3929 	3100 	2423
f 3934 	3936 	3909
f 3997 	3935 	3923
f 3922 	3927 	3935
f 3938 	3306 	3307
f 3699 	3935 	3927
f 3937 	3909 	3936
f 3942 	3937 	3936
f 2857 	3699 	3927
f 3929 	3944 	3307
f 2857 	2867 	3699
f 3871 	3823 	3931
f 3929 	3307 	3100
f 3939 	3940 	3941
f 3859 	3938 	3858
f 3823 	3824 	3945
f 3929 	3756 	3944
f 3947 	3946 	3943
f 3944 	3863 	3858
f 3948 	3946 	3947
f 3948 	3941 	3946
f 3946 	3941 	3943
f 3949 	3938 	3859
f 3951 	3938 	3307
f 3940 	3950 	3941
f 3307 	3944 	3951
f 3941 	3950 	4012
f 3951 	3858 	3938
f 3951 	3944 	3858
f 3931 	3823 	3945
f 3953 	3502 	3501
f 3955 	4023 	3901
f 3778 	3986 	3957
f 3957 	3776 	3778
f 3776 	3957 	3777
f 3958 	3784 	3957
f 3784 	3777 	3957
f 3953 	3959 	4026
f 3953 	3956 	3959
f 3960 	3502 	3953
f 3693 	3964 	3692
f 3956 	3967 	3959
f 3967 	3819 	3959
f 3693 	3958 	3964
f 3953 	4026 	3960
f 3956 	3953 	3952
f 3965 	3955 	3932
f 3870 	3869 	3955
f 3955 	3869 	3868
f 3956 	3952 	4046
f 3956 	4046 	4047
f 3971 	3963 	3966
f 3966 	3964 	3990
f 3964 	3966 	3963
f 3965 	3954 	3968
f 3967 	3956 	3825
f 3687 	3692 	3964
f 3967 	3839 	3848
f 3955 	3965 	3968
f 3964 	3961 	3687
f 3870 	3955 	3968
f 3960 	3573 	3611
f 3964 	3963 	3961
f 3972 	3959 	3819
f 3825 	3956 	4043
f 3969 	3868 	3974
f 3973 	3963 	3970
f 3967 	3848 	3819
f 3962 	3961 	3963
f 3926 	3789 	3790
f 3963 	3973 	3962
f 3974 	3975 	3969
f 3976 	3569 	3526
f 3349 	3569 	3976
f 3357 	3240 	3962
f 3769 	3976 	3526
f 3831 	3975 	3835
f 3436 	3976 	3769
f 3976 	3436 	3349
f 3914 	3886 	4058
f 3977 	3974 	3875
f 3880 	3566 	3977
f 3875 	3880 	3977
f 3963 	3971 	3970
f 3984 	3985 	3981
f 3974 	3494 	3975
f 3983 	4024 	3975
f 3999 	3995 	3986
f 3983 	3975 	3831
f 3990 	3986 	3995
f 3991 	3989 	3898
f 3958 	3957 	3986
f 3986 	3990 	3958
f 3898 	3992 	3991
f 3898 	3901 	3992
f 3778 	4034 	3986
f 3939 	3941 	3948
f 3986 	4034 	4036
f 3948 	3947 	3560
f 3947 	3994 	3560
f 3560 	3457 	3948
f 3457 	3939 	3948
f 3964 	3958 	3990
f 3939 	3457 	3915
f 3921 	3940 	3939
f 3915 	3918 	3939
f 3997 	3998 	3921
f 3940 	3921 	3998
f 3921 	3922 	3997
f 3995 	3987 	3996
f 3681 	3680 	3923
f 3999 	3987 	3995
f 3718 	3681 	3923
f 3680 	3682 	4000
f 3682 	3695 	4000
f 3993 	3987 	3999
f 4000 	4001 	3923
f 3996 	3990 	3995
f 3997 	3923 	4001
f 3990 	3996 	4003
f 3990 	4003 	3966
f 4000 	4002 	4001
f 3923 	3680 	4000
f 4001 	3998 	3997
f 3971 	4018 	3970
f 3997 	3922 	3935
f 4006 	3971 	3966
f 4002 	3998 	4001
f 4005 	3998 	4002
f 4060 	4005 	4008
f 4005 	4002 	4008
f 4004 	4010 	4007
f 4010 	4006 	4007
f 3747 	4000 	3695
f 4006 	3966 	4003
f 3747 	4008 	4000
f 4008 	4002 	4000
f 4011 	3987 	4009
f 4005 	3940 	3998
f 4009 	4007 	4011
f 3950 	3940 	4005
f 4009 	3987 	3993
f 3996 	3987 	4011
f 4011 	4003 	3996
f 4011 	4006 	4003
f 4006 	4011 	4007
f 4009 	3993 	4014
f 3950 	4060 	4013
f 4013 	4012 	3950
f 4012 	3943 	3941
f 4015 	4012 	4013
f 4015 	3943 	4012
f 4015 	3947 	3943
f 4016 	3971 	4006
f 4016 	4018 	3971
f 4016 	4006 	4010
f 4010 	4004 	4020
f 4013 	4021 	4015
f 4018 	3973 	3970
f 3362 	3973 	4018
f 4016 	4010 	4019
f 4015 	3994 	3947
f 4017 	3994 	4015
f 4010 	4020 	4019
f 3635 	4017 	3634
f 4016 	4019 	4018
f 4017 	3560 	3994
f 4018 	3446 	3448
f 3901 	4023 	3992
f 3362 	4018 	3448
f 3975 	4024 	3969
f 4018 	4022 	3446
f 4019 	4022 	4018
f 3983 	4025 	4024
f 3992 	4023 	4024
f 3465 	3573 	3972
f 3831 	3907 	3983
f 3573 	3960 	4026
f 3972 	3573 	4026
f 3972 	4026 	3959
f 4027 	3907 	3802
f 4034 	3778 	3895
f 3907 	4028 	4025
f 4033 	4034 	4035
f 4030 	4032 	4029
f 4033 	4036 	4034
f 3907 	4027 	4028
f 3907 	4025 	3983
f 4036 	4033 	4048
f 4034 	4037 	4035
f 3953 	4038 	4032
f 4037 	4039 	4035
f 4038 	4029 	4032
f 3992 	4025 	4028
f 3992 	4024 	4025
f 3952 	3953 	4032
f 3992 	4028 	3991
f 4028 	4027 	3991
f 3953 	3501 	4038
f 4071 	4032 	4030
f 4037 	4041 	4039
f 4041 	4218 	4039
f 4038 	3501 	3606
f 4021 	4070 	4015
f 3899 	3906 	4041
f 3884 	4043 	3879
f 4037 	4034 	3895
f 3895 	4041 	4037
f 4013 	4045 	4021
f 3986 	4036 	4048
f 4033 	4031 	4335
f 4033 	4335 	4048
f 4045 	3754 	4021
f 3741 	3905 	4050
f 3874 	3912 	3873
f 4048 	3993 	3999
f 3741 	4050 	3873
f 3986 	4048 	3999
f 3754 	3736 	4021
f 4047 	4046 	4044
f 4052 	4051 	4049
f 4043 	3956 	4047
f 4254 	4031 	4052
f 4053 	3873 	4050
f 4047 	5101 	5102
f 4054 	3754 	4045
f 3750 	3754 	4054
f 4043 	4047 	3879
f 4054 	3723 	3750
f 4060 	4008 	4045
f 4067 	4053 	4050
f 3747 	4054 	4008
f 3825 	4043 	3884
f 4051 	4052 	4196
f 4008 	4054 	4045
f 4054 	3747 	3723
f 3980 	3979 	4059
f 3733 	4021 	3736
f 3982 	3980 	4059
f 4013 	4060 	4045
f 4059 	3978 	4085
f 4058 	3928 	3920
f 3978 	973 	971
f 4058 	3920 	3914
f 4060 	3950 	4005
f 4015 	4061 	4017
f 4055 	4062 	3903
f 5780 	3979 	3980
f 3980 	3982 	4063
f 4053 	4062 	4055
f 3988 	4063 	3982
f 3886 	4066 	4058
f 4053 	4067 	4062
f 4058 	4066 	4068
f 3634 	4061 	4064
f 3980 	4063 	5780
f 4058 	4068 	3928
f 4050 	3905 	4067
f 4063 	3985 	3984
f 3988 	3985 	4063
f 4070 	4021 	3762
f 3928 	4068 	4069
f 4056 	4071 	4057
f 4071 	4072 	4057
f 3886 	4065 	4066
f 4061 	4015 	4070
f 2972 	3694 	2969
f 4071 	4073 	4072
f 3468 	3694 	2972
f 4064 	1616 	3677
f 4065 	4068 	4066
f 4075 	4076 	3771
f 4074 	4080 	4077
f 4081 	4056 	4057
f 1616 	4076 	4075
f 4032 	4056 	4081
f 3623 	4080 	3702
f 4032 	4071 	4056
f 4076 	4061 	4070
f 4079 	4078 	4068
f 4076 	1616 	4064
f 3978 	4059 	3979
f 4061 	4076 	4064
f 4070 	3762 	4076
f 4140 	4142 	4079
f 4021 	3733 	3762
f 877 	1616 	4075
f 4160 	4086 	4077
f 4219 	3982 	4059
f 3838 	877 	4075
f 4075 	3771 	3838
f 4017 	4061 	3634
f 4065 	4087 	4088
f 4088 	4068 	4065
f 4080 	4074 	4132
f 4136 	4080 	4132
f 4136 	3746 	4080
f 4068 	4088 	4079
f 4077 	4083 	4160
f 4077 	4080 	3623
f 3623 	4083 	4077
f 4068 	4082 	4818
f 4818 	4069 	4068
f 4068 	4078 	4082
f 4091 	4092 	4094
f 4092 	4093 	4094
f 4081 	3952 	4032
f 4044 	4081 	4057
f 5130 	4044 	4057
f 4099 	4096 	4095
f 4044 	4046 	4081
f 4046 	3952 	4081
f 4071 	4030 	4073
f 3605 	4038 	3606
f 4098 	5153 	4104
f 4100 	4098 	4104
f 4105 	2372 	2373
f 4106 	2373 	2375
f 4106 	4105 	2373
f 3872 	4112 	4107
f 4112 	3872 	3856
f 4108 	5787 	4109
f 3827 	4102 	4107
f 4112 	3853 	3828
f 4113 	4122 	4111
f 3855 	4112 	3856
f 2371 	4113 	4114
f 4112 	3828 	3827
f 2467 	4114 	2462
f 3827 	4107 	4112
f 3735 	3853 	4112
f 2467 	2371 	4114
f 4112 	3855 	3735
f 4118 	4117 	4098
f 4130 	4110 	2530
f 4100 	4101 	4118
f 4118 	4098 	4100
f 4116 	4110 	4130
f 4116 	4111 	4110
f 3648 	4121 	3761
f 3496 	3648 	3490
f 4121 	3648 	3496
f 4105 	4106 	2530
f 3490 	3581 	3380
f 4106 	2575 	2530
f 2530 	4122 	4105
f 4115 	4275 	4193
f 2372 	4105 	4122
f 4122 	4113 	2372
f 4106 	1205 	2575
f 4121 	3495 	4126
f 4121 	3496 	3495
f 1205 	4106 	1206
f 4123 	4128 	4125
f 2864 	4129 	4130
f 4127 	4130 	4129
f 4131 	4052 	4031
f 4126 	3495 	4120
f 4090 	4089 	4093
f 4089 	4094 	4093
f 4094 	4535 	4091
f 3544 	4115 	4193
f 4062 	4096 	4099
f 4089 	4535 	4094
f 4096 	4132 	4095
f 4127 	4116 	4130
f 4077 	4133 	4074
f 4130 	2578 	2864
f 4077 	4086 	4133
f 2578 	4130 	2530
f 4109 	4135 	4108
f 3905 	4136 	4096
f 4155 	4135 	4118
f 4118 	4135 	4117
f 4133 	4097 	4095
f 4135 	4109 	4123
f 4125 	4135 	4123
f 4133 	4095 	4074
f 4125 	4117 	4135
f 4132 	4096 	4136
f 4142 	4078 	4079
f 4132 	4074 	4095
f 3746 	4136 	3905
f 4142 	4104 	4078
f 4139 	4141 	4143
f 4104 	5233 	4078
f 4141 	4113 	4111
f 3903 	4062 	4099
f 4141 	4114 	4113
f 4099 	4095 	4556
f 4067 	3905 	4096
f 4062 	4067 	4096
f 4143 	4141 	4111
f 4100 	4104 	4142
f 4556 	4095 	4097
f 4146 	4101 	4100
f 4145 	2738 	4144
f 4100 	4142 	4146
f 4146 	4142 	4140
f 4086 	4173 	4133
f 4149 	4138 	4144
f 4180 	4173 	4086
f 4155 	4101 	4146
f 4149 	4139 	4138
f 4150 	4140 	4084
f 4151 	4140 	4150
f 4087 	4084 	4140
f 4144 	4141 	4149
f 4087 	4140 	4088
f 2462 	4141 	4144
f 2476 	2462 	4144
f 4148 	4147 	4097
f 4079 	4088 	4140
f 2738 	2476 	4144
f 4148 	4097 	4133
f 4151 	4146 	4140
f 4153 	3633 	4154
f 4150 	4152 	4151
f 4149 	4141 	4139
f 4111 	4116 	4143
f 2462 	4114 	4141
f 4155 	5992 	4108
f 4083 	3630 	4153
f 4135 	4155 	4108
f 5992 	5955 	4108
f 4083 	3623 	3630
f 4145 	4137 	4608
f 4101 	4155 	4118
f 4146 	4151 	4155
f 4160 	4153 	4086
f 4137 	4145 	4144
f 4137 	4144 	4138
f 4357 	4154 	3633
f 4091 	4535 	2345
f 4465 	4155 	4152
f 4093 	5598 	4090
f 4152 	4155 	4151
f 2935 	4158 	3877
f 2935 	3287 	4158
f 4164 	4157 	4159
f 3287 	3280 	4158
f 4180 	4086 	4153
f 4164 	4165 	4157
f 3280 	4163 	4158
f 4160 	4083 	4153
f 3878 	3877 	4158
f 4180 	4153 	4154
f 3878 	4158 	4170
f 4156 	4138 	4139
f 4139 	4167 	4156
f 4127 	4167 	4143
f 4162 	4168 	4166
f 4137 	4138 	4156
f 4161 	4163 	3280
f 4134 	4156 	4127
f 4156 	4167 	4127
f 4158 	4163 	4170
f 4156 	4270 	4137
f 4170 	4163 	4161
f 4166 	4169 	4187
f 4166 	4171 	4169
f 4161 	4179 	4172
f 4167 	4139 	4143
f 4168 	4171 	4166
f 4162 	4764 	4168
f 4147 	4148 	4173
f 4147 	4173 	4174
f 4161 	3280 	3281
f 4161 	4172 	4170
f 4089 	4090 	4157
f 4161 	3281 	3321
f 3886 	3878 	4170
f 4174 	4168 	4147
f 4172 	3886 	4170
f 4090 	5598 	4178
f 4178 	4157 	4090
f 4154 	4171 	4174
f 4530 	4089 	4157
f 4147 	4168 	4764
f 4171 	4168 	4174
f 4148 	4133 	4173
f 4175 	4191 	4179
f 4174 	4173 	4180
f 4177 	4159 	4157
f 4180 	4154 	4174
f 4178 	4177 	4157
f 4171 	4154 	4169
f 4192 	3937 	4185
f 4181 	4195 	4189
f 4189 	4177 	5777
f 4191 	4172 	4179
f 4159 	4189 	4188
f 3542 	4115 	3544
f 4159 	4177 	4189
f 4183 	4182 	4188
f 4182 	4201 	4188
f 4189 	4183 	4188
f 4183 	4189 	4195
f 4193 	4119 	4120
f 3497 	3544 	4193
f 4193 	4120 	3497
f 4200 	4194 	4185
f 3497 	4120 	3498
f 4196 	4200 	4051
f 3495 	3498 	4120
f 4200 	4196 	4194
f 4196 	4052 	4131
f 4199 	4159 	4188
f 4199 	4188 	4201
f 3761 	4126 	4203
f 4059 	4085 	4219
f 4051 	4200 	4202
f 3978 	971 	4085
f 4185 	4194 	4192
f 4204 	4199 	4201
f 4126 	3761 	4121
f 4199 	4164 	4159
f 3788 	3761 	4206
f 4033 	4218 	4131
f 4204 	4197 	4199
f 4131 	4031 	4033
f 4199 	4197 	4164
f 4197 	4929 	4164
f 4206 	4203 	4207
f 4182 	4183 	4210
f 3942 	5754 	4209
f 4209 	4185 	3937
f 4209 	3937 	3942
f 4208 	4206 	4207
f 4209 	4200 	4185
f 4405 	4182 	4210
f 4212 	4211 	4213
f 4200 	4209 	4202
f 6224 	4202 	4209
f 4212 	4213 	4215
f 4210 	4214 	4223
f 4215 	4213 	4233
f 4205 	4192 	4194
f 4196 	4131 	4205
f 4205 	4194 	4196
f 4207 	4216 	4198
f 4214 	4225 	4227
f 4214 	4227 	4223
f 4184 	3937 	4192
f 4183 	4195 	4214
f 4215 	4233 	4232
f 4214 	4195 	6134
f 4183 	4214 	4210
f 4217 	4126 	4120
f 4085 	5802 	4219
f 4184 	4041 	3910
f 4203 	4126 	4217
f 4217 	4220 	4203
f 4220 	4207 	4203
f 4192 	4218 	4041
f 4192 	4041 	4184
f 4220 	4216 	4207
f 4184 	3909 	3937
f 4250 	4198 	4249
f 4205 	4131 	4218
f 4219 	4239 	4236
f 4035 	4039 	4218
f 4033 	4035 	4218
f 4218 	4192 	4205
f 4014 	4224 	4009
f 4249 	4198 	4216
f 4217 	4120 	4119
f 3988 	3982 	4236
f 4219 	4236 	3982
f 4223 	4227 	4225
f 4239 	4219 	4215
f 4119 	4258 	4217
f 4223 	4225 	4221
f 4244 	4229 	4221
f 4220 	4217 	4222
f 4220 	4222 	4216
f 4211 	5817 	4213
f 4229 	4244 	4398
f 4416 	4424 	4229
f 4207 	4198 	4237
f 4221 	4229 	4234
f 3988 	4236 	3985
f 4234 	4210 	4223
f 3981 	3985 	4236
f 4239 	3981 	4236
f 4230 	4237 	4198
f 4234 	4223 	4221
f 4239 	4232 	3981
f 3981 	4232 	4231
f 4235 	4237 	4230
f 3817 	3816 	4240
f 3788 	4206 	4240
f 3816 	3788 	4240
f 4229 	4398 	4241
f 4206 	4208 	4240
f 4239 	4215 	4232
f 3817 	4240 	4307
f 4240 	4242 	4307
f 4307 	4103 	3817
f 4208 	4207 	4243
f 4243 	4207 	4237
f 4208 	4243 	4240
f 4243 	4242 	4240
f 4248 	4247 	2600
f 4242 	4237 	4235
f 4247 	2588 	2600
f 4244 	4221 	4238
f 4242 	4243 	4237
f 4242 	4235 	4307
f 4222 	4249 	4216
f 3886 	4172 	4191
f 4398 	4251 	4241
f 4175 	4421 	4084
f 4421 	4175 	4176
f 4191 	4084 	4087
f 4065 	4191 	4087
f 2812 	2607 	4247
f 4065 	3886 	4191
f 4244 	4238 	4252
f 4191 	4175 	4084
f 4238 	4437 	4252
f 4285 	4161 	4253
f 4161 	3321 	4253
f 4255 	4256 	3321
f 4049 	4228 	4052
f 4143 	4116 	4127
f 4222 	4217 	4258
f 4258 	4249 	4222
f 4129 	2864 	4259
f 4127 	4129 	4263
f 6249 	4265 	4248
f 4250 	4262 	4269
f 4264 	2866 	2887
f 4263 	4259 	4264
f 4263 	4129 	4259
f 2589 	4247 	2607
f 2589 	2592 	4247
f 4264 	2887 	4261
f 4249 	4258 	4275
f 4265 	4245 	4247
f 2883 	4264 	4259
f 4265 	4247 	4248
f 4250 	4249 	4262
f 4261 	4260 	4263
f 4271 	4245 	4265
f 4230 	4198 	4250
f 4263 	4264 	4261
f 2883 	4259 	2864
f 4264 	2883 	2866
f 4263 	4134 	4127
f 4268 	4134 	4263
f 4268 	4270 	4156
f 4156 	4134 	4268
f 4270 	4268 	4377
f 4305 	4271 	4265
f 4272 	4266 	4262
f 4270 	4377 	4381
f 4272 	4262 	4249
f 4267 	4296 	4246
f 4250 	4269 	4310
f 4246 	4296 	4297
f 4377 	4268 	4263
f 4273 	4274 	4267
f 4257 	4253 	4256
f 4303 	4271 	4305
f 4267 	4246 	4273
f 4272 	4124 	4266
f 3321 	4256 	4253
f 4275 	4258 	4119
f 4245 	4273 	4246
f 4245 	4271 	4273
f 4272 	4249 	4275
f 4273 	4271 	4274
f 4257 	4287 	4253
f 4275 	4115 	4124
f 4275 	4119 	4193
f 4279 	4277 	4278
f 4272 	4275 	4124
f 4310 	4282 	4230
f 4276 	4278 	4277
f 4245 	4246 	4276
f 4285 	4175 	4179
f 4247 	4245 	4276
f 4285 	4176 	4175
f 4277 	4247 	4276
f 687 	4284 	4283
f 4287 	4288 	4285
f 4289 	4279 	4278
f 4297 	4278 	4276
f 4288 	4176 	4285
f 4179 	4161 	4285
f 4253 	4287 	4285
f 4288 	4281 	4176
f 4282 	4295 	4230
f 4287 	4257 	4291
f 4230 	4295 	4235
f 3714 	2812 	4277
f 4279 	4294 	4277
f 4247 	4277 	2812
f 4282 	4310 	952
f 599 	4293 	4282
f 3716 	3722 	4277
f 4293 	4292 	4282
f 4282 	952 	599
f 4279 	4290 	4294
f 4295 	4282 	4292
f 4292 	4302 	4295
f 4277 	3722 	3714
f 4295 	4302 	4309
f 4246 	4297 	4276
f 4297 	4289 	4278
f 4283 	4286 	4293
f 4297 	4539 	4289
f 4302 	4286 	4301
f 3872 	4301 	4298
f 4286 	4302 	4293
f 4303 	4304 	4300
f 4302 	4292 	4293
f 4306 	3872 	4107
f 3872 	4306 	4301
f 4102 	4306 	4107
f 4307 	4235 	4295
f 4300 	6911 	4308
f 4307 	4306 	4103
f 4102 	4103 	4306
f 4306 	4307 	4309
f 4308 	5693 	4299
f 4301 	4306 	4309
f 4299 	4300 	4308
f 4309 	4307 	4295
f 4302 	4301 	4309
f 600 	4283 	4293
f 4305 	4304 	4303
f 4230 	4250 	4310
f 4310 	4412 	952
f 4310 	4312 	4412
f 4312 	4310 	4269
f 4299 	4314 	4315
f 4014 	4226 	4224
f 4299 	4315 	4300
f 4274 	4271 	4303
f 4316 	4311 	4267
f 4316 	4314 	4311
f 4254 	4319 	4318
f 4316 	4274 	4303
f 4303 	4300 	4315
f 4315 	4316 	4303
f 4267 	4311 	4313
f 4315 	4314 	4316
f 4316 	4267 	4274
f 3729 	3728 	4323
f 4334 	3729 	4323
f 4323 	3728 	4326
f 4323 	4326 	4325
f 4327 	4324 	4322
f 4326 	2611 	2614
f 4326 	4328 	4325
f 4328 	4326 	2614
f 2614 	2613 	4328
f 4314 	4299 	4327
f 2613 	4325 	4328
f 6328 	6149 	4290
f 4329 	4321 	4945
f 4946 	4329 	4945
f 4311 	4332 	4313
f 4296 	4267 	4313
f 4332 	4296 	4313
f 4333 	4296 	4332
f 4334 	4325 	4320
f 4320 	4479 	4334
f 4318 	4335 	4254
f 4323 	4325 	4334
f 4335 	4226 	4014
f 3786 	3787 	4329
f 4048 	4335 	4014
f 4335 	4318 	4226
f 4334 	4479 	3787
f 4254 	4228 	4637
f 4335 	4031 	4254
f 4052 	4228 	4254
f 4336 	4476 	4320
f 4336 	4325 	2613
f 4336 	2613 	2615
f 4336 	2615 	4515
f 4014 	3993 	4048
f 4341 	4376 	4020
f 4004 	4341 	4020
f 4344 	4340 	4345
f 4341 	4004 	4342
f 4343 	4344 	4345
f 4339 	4344 	4343
f 4348 	4343 	4345
f 4351 	4349 	4341
f 4345 	4340 	4350
f 4342 	4351 	4341
f 4348 	4345 	4350
f 4342 	4346 	4351
f 4350 	4352 	4348
f 4346 	4342 	4347
f 4004 	4007 	4342
f 4351 	4346 	4389
f 4007 	4009 	4342
f 4342 	4009 	4224
f 4357 	3676 	3671
f 4357 	3671 	4190
f 4355 	3533 	4356
f 4190 	4187 	4357
f 4187 	4154 	4357
f 4357 	3633 	3676
f 4169 	4154 	4187
f 4368 	4354 	4356
f 3533 	4355 	3538
f 6318 	4190 	3671
f 3671 	3670 	6318
f 3538 	4355 	2829
f 4190 	6318 	4186
f 3538 	2829 	2199
f 4355 	4358 	2829
f 2824 	2829 	4358
f 4358 	4360 	2824
f 4358 	4354 	4360
f 4392 	4362 	4361
f 2819 	2824 	4360
f 4354 	4386 	4360
f 4362 	4363 	4361
f 4359 	4361 	4364
f 4365 	3588 	4022
f 4364 	4361 	4363
f 4363 	4366 	4364
f 4364 	4372 	4359
f 4369 	4362 	3138
f 4365 	3533 	3588
f 4362 	3133 	3138
f 4356 	4354 	4358
f 4384 	4364 	3873
f 4355 	4356 	4358
f 4366 	4370 	3874
f 3891 	3874 	4370
f 4369 	2964 	4370
f 4367 	4349 	4354
f 4369 	4363 	4362
f 4366 	4363 	4369
f 4366 	4369 	4370
f 4296 	4539 	4297
f 4372 	4371 	4373
f 4330 	4374 	4333
f 4367 	4354 	4368
f 4349 	4388 	4354
f 4376 	4368 	4365
f 4341 	4349 	4367
f 4263 	4440 	4439
f 4439 	4435 	4263
f 4440 	4263 	4260
f 4547 	4333 	4374
f 4356 	3533 	4365
f 4377 	4379 	4381
f 4367 	4368 	4376
f 4376 	4022 	4019
f 4019 	4020 	4376
f 4365 	4022 	4376
f 4364 	4375 	4372
f 4376 	4341 	4367
f 4365 	4368 	4356
f 4551 	4375 	3903
f 4375 	4551 	4372
f 4055 	3903 	4375
f 4372 	4551 	4371
f 4055 	4375 	4384
f 4055 	4384 	4053
f 4375 	4364 	4384
f 2819 	4360 	4386
f 4288 	4287 	4291
f 4288 	4291 	4387
f 4359 	4372 	4373
f 3873 	4053 	4384
f 4291 	4257 	4606
f 4386 	4354 	4385
f 4389 	4382 	4388
f 4606 	4387 	4291
f 4387 	4281 	4288
f 4351 	4389 	4388
f 4387 	4280 	4281
f 4390 	4392 	4391
f 4382 	4389 	4383
f 4393 	4361 	4359
f 4383 	4346 	4347
f 4393 	4403 	4411
f 3131 	4390 	4395
f 4383 	4389 	4346
f 2818 	4397 	2603
f 4391 	4393 	4390
f 4511 	4394 	4396
f 4390 	4393 	4395
f 4393 	4411 	4395
f 4392 	3133 	4362
f 4361 	4391 	4392
f 4361 	4393 	4391
f 4392 	4390 	3131
f 4244 	4252 	4398
f 3131 	3133 	4392
f 4398 	4252 	4251
f 4399 	4322 	4380
f 4474 	4322 	4324
f 4403 	4393 	4401
f 4380 	4402 	4399
f 4401 	4404 	4400
f 4399 	4327 	4322
f 4407 	4201 	4182
f 4401 	4393 	4359
f 4405 	4210 	4429
f 4407 	4204 	4201
f 4182 	4405 	4407
f 4401 	4359 	4404
f 4359 	4373 	4404
f 4395 	3149 	3150
f 6077 	4410 	4409
f 4412 	1339 	1346
f 4429 	4410 	4405
f 4395 	3150 	3131
f 942 	4412 	1346
f 4410 	4407 	4405
f 4210 	4234 	4429
f 4415 	1046 	4726
f 4419 	1046 	4415
f 4419 	1048 	1046
f 4417 	4419 	4415
f 4419 	4420 	1563
f 3159 	3149 	4414
f 4421 	4150 	4084
f 3277 	3159 	4414
f 4423 	4424 	4416
f 4229 	4241 	4416
f 4420 	4419 	4417
f 4414 	3288 	3277
f 4395 	4411 	3149
f 4414 	4545 	3288
f 4420 	4425 	1568
f 4420 	1568 	1563
f 4416 	4241 	4418
f 4425 	4420 	4417
f 4413 	4414 	3149
f 4411 	4413 	3149
f 4425 	1561 	1568
f 4429 	4229 	4424
f 4409 	4410 	4424
f 4424 	4423 	4409
f 4263 	4435 	4377
f 4423 	4408 	4409
f 4402 	4327 	4399
f 3092 	4433 	4432
f 4402 	4380 	4475
f 4433 	3092 	3095
f 4410 	4429 	4424
f 4229 	4429 	4234
f 4444 	4402 	4406
f 4435 	4434 	4572
f 4241 	4251 	4418
f 4378 	4436 	4536
f 4569 	4434 	4568
f 4378 	4699 	4436
f 4251 	4252 	4437
f 4330 	4436 	4697
f 4441 	4437 	4238
f 4440 	4260 	4442
f 4330 	4438 	4436
f 4260 	4261 	4442
f 4438 	4333 	4332
f 4441 	4443 	4437
f 3111 	3116 	4442
f 4441 	4445 	4443
f 4444 	4327 	4402
f 4406 	4332 	4444
f 4435 	4439 	4434
f 4439 	4440 	4442
f 4332 	4311 	4444
f 4314 	4444 	4311
f 4314 	4327 	4444
f 4406 	4438 	4332
f 4333 	4438 	4330
f 4568 	4434 	4447
f 4406 	4536 	4438
f 4238 	4448 	4441
f 4448 	4450 	4441
f 4402 	4449 	4406
f 4446 	4441 	4450
f 4451 	4457 	4447
f 4445 	4441 	4446
f 4452 	4442 	3116
f 4442 	4452 	4439
f 4385 	4382 	4397
f 4439 	4452 	4434
f 4447 	4434 	4453
f 4453 	4451 	4447
f 4397 	2818 	4385
f 4454 	4451 	4453
f 2817 	4385 	2818
f 2817 	4386 	4385
f 4452 	4454 	4453
f 3108 	4454 	4452
f 4388 	4382 	4385
f 4452 	3113 	3108
f 4453 	4434 	4452
f 4388 	4385 	4354
f 4455 	4421 	4176
f 4261 	3111 	4442
f 4455 	4460 	4465
f 4455 	4465 	4421
f 4349 	4351 	4388
f 4421 	4465 	4150
f 3113 	4452 	3116
f 4536 	4406 	4449
f 4458 	4460 	4459
f 3108 	3196 	4432
f 3108 	4432 	4454
f 4432 	4451 	4454
f 4493 	1561 	4425
f 4451 	4432 	4457
f 5992 	4155 	4460
f 4432 	3196 	3092
f 4422 	4459 	4455
f 4462 	3313 	4461
f 3306 	4461 	3313
f 4460 	4458 	4503
f 4459 	4460 	4455
f 4461 	4463 	4462
f 4460 	4155 	4465
f 4464 	4472 	4466
f 3095 	3313 	4462
f 4470 	4467 	4468
f 4475 	4380 	4474
f 4473 	4471 	4516
f 4688 	4339 	4338
f 4322 	4474 	4380
f 4446 	4473 	4516
f 4699 	4378 	4698
f 4449 	4402 	4475
f 4338 	4336 	4337
f 4475 	4474 	4378
f 4338 	4476 	4336
f 4378 	4449 	4475
f 4473 	4477 	4471
f 4476 	4338 	4339
f 7387 	4477 	4473
f 4228 	6545 	4456
f 4478 	7387 	4473
f 4347 	4342 	4480
f 4342 	4224 	4480
f 4480 	4224 	4481
f 4478 	4446 	4450
f 3787 	4479 	4329
f 4478 	4473 	4446
f 4321 	4329 	4479
f 4478 	6394 	6455
f 4482 	4479 	4343
f 4226 	4481 	4224
f 4484 	4480 	4481
f 4516 	4471 	4485
f 4484 	4483 	4480
f 4484 	4481 	4483
f 4487 	4479 	4482
f 4486 	4481 	4495
f 4479 	4487 	4321
f 4466 	4417 	4464
f 4990 	4321 	4487
f 4425 	4417 	4466
f 4486 	4483 	4481
f 4476 	4479 	4320
f 4383 	4347 	4480
f 4476 	4339 	4343
f 4383 	4480 	4483
f 4476 	4343 	4479
f 4348 	4976 	4482
f 4343 	4348 	4482
f 4339 	4688 	4344
f 4490 	4383 	4483
f 4489 	4490 	4483
f 4489 	4483 	4486
f 4319 	4481 	4318
f 4226 	4318 	4481
f 4353 	4977 	4352
f 4425 	4466 	4493
f 4486 	4495 	4496
f 4493 	4491 	1595
f 4980 	4353 	4494
f 4496 	4500 	4498
f 4503 	4458 	4469
f 4505 	4499 	4501
f 4469 	6378 	4503
f 4492 	4493 	4466
f 4499 	1596 	1601
f 4331 	4506 	4502
f 4499 	1601 	4491
f 5992 	4460 	4503
f 4491 	4493 	4492
f 4502 	4506 	4507
f 1601 	1595 	4491
f 4507 	4504 	4502
f 4921 	4504 	4507
f 4465 	4152 	4150
f 1596 	4499 	4505
f 4320 	4325 	4336
f 4990 	4945 	4321
f 4509 	4511 	4510
f 4510 	4511 	4396
f 4491 	4492 	4512
f 4499 	4491 	4512
f 4499 	4512 	4501
f 4396 	4469 	4510
f 4514 	4513 	2617
f 4396 	6378 	4469
f 2617 	2702 	4514
f 4510 	4469 	4458
f 4433 	4457 	4432
f 4445 	4446 	4516
f 4457 	4433 	4470
f 3095 	4470 	4433
f 4468 	4457 	4470
f 4468 	4447 	4457
f 4459 	4510 	4458
f 4459 	4422 	4510
f 4422 	4509 	4510
f 4516 	6163 	4445
f 4462 	4470 	3095
f 4472 	4520 	4466
f 4431 	4400 	4430
f 4521 	4519 	4517
f 4431 	4401 	4400
f 4472 	4840 	4520
f 4431 	4403 	4401
f 4522 	4523 	4519
f 4856 	4400 	4404
f 4517 	4519 	4523
f 4466 	4520 	4492
f 4430 	4527 	4428
f 4280 	4522 	4519
f 4492 	4520 	4827
f 4509 	4523 	4394
f 4509 	4517 	4523
f 4512 	4492 	4827
f 4524 	4428 	4528
f 4524 	4430 	4428
f 4512 	4508 	4501
f 4524 	4528 	4431
f 4430 	4524 	4431
f 4403 	4431 	4528
f 4519 	4521 	4280
f 4509 	4394 	4511
f 4418 	4437 	4443
f 2702 	2673 	4514
f 4516 	4485 	4488
f 4418 	4251 	4437
f 4515 	4513 	4529
f 4411 	4427 	4413
f 4337 	4336 	4515
f 4528 	4426 	4427
f 4528 	4428 	4426
f 4403 	4528 	4427
f 4337 	4515 	4529
f 4411 	4403 	4427
f 4533 	2344 	4531
f 4414 	4413 	4532
f 2345 	4531 	2344
f 4536 	4449 	4378
f 4530 	4535 	4089
f 4413 	4427 	4532
f 4436 	4438 	4536
f 4537 	4374 	4697
f 4518 	4467 	4470
f 4296 	4333 	4539
f 4290 	4279 	4543
f 4540 	4518 	4561
f 4462 	4542 	4518
f 4462 	4518 	4470
f 4543 	4279 	4289
f 4542 	4462 	4463
f 4317 	4664 	4544
f 4543 	4289 	4539
f 4546 	4539 	4547
f 4534 	4513 	4514
f 4414 	5373 	4545
f 4539 	4333 	4547
f 4544 	4687 	4529
f 4317 	4544 	4529
f 4531 	2345 	4538
f 4280 	4521 	4281
f 4538 	2345 	4535
f 4176 	4281 	4521
f 4551 	4712 	4371
f 4455 	4176 	4521
f 3903 	4728 	4551
f 4422 	4517 	4509
f 4712 	4551 	4728
f 4533 	2346 	2344
f 4404 	4373 	4552
f 4371 	4552 	4373
f 4547 	4374 	4549
f 4517 	4422 	4455
f 4714 	4552 	4371
f 4517 	4455 	4521
f 4538 	4553 	4531
f 3340 	4554 	3331
f 4533 	4531 	4553
f 3903 	4099 	4556
f 4560 	4558 	4557
f 4542 	4561 	4518
f 4467 	4518 	4540
f 4554 	3340 	4558
f 4554 	4558 	4560
f 4562 	4567 	4570
f 4571 	4569 	4568
f 4563 	4564 	4585
f 4571 	4579 	4569
f 4570 	4554 	4562
f 4572 	4434 	4569
f 4573 	4570 	4605
f 4377 	4435 	4572
f 4572 	4379 	4377
f 4569 	4579 	4379
f 4560 	4562 	4554
f 3331 	4554 	4570
f 4572 	4569 	4379
f 3331 	4570 	3347
f 4587 	4568 	4447
f 4563 	4575 	4574
f 4571 	4568 	4587
f 4563 	4574 	4564
f 4575 	4538 	4535
f 4566 	4571 	4583
f 4567 	4605 	4570
f 4573 	3347 	4570
f 4575 	4563 	4538
f 4553 	4538 	4563
f 4564 	4574 	4565
f 4379 	4579 	4576
f 4578 	4577 	4580
f 4922 	4894 	4574
f 4892 	4565 	4574
f 4557 	4578 	4560
f 4579 	4571 	4566
f 4589 	4533 	4553
f 4560 	4578 	4562
f 4583 	4584 	4582
f 4580 	4562 	4578
f 4553 	4563 	4585
f 4580 	4567 	4562
f 4577 	4592 	4580
f 4584 	4468 	4467
f 4553 	4585 	4589
f 4497 	4489 	4486
f 4587 	4468 	4584
f 2346 	4533 	4589
f 4447 	4468 	4587
f 4567 	4580 	4588
f 2347 	2346 	4589
f 4589 	2412 	2355
f 2355 	2347 	4589
f 4584 	4583 	4587
f 4571 	4587 	4583
f 4584 	4586 	4582
f 4584 	4590 	4586
f 4590 	4584 	4467
f 4588 	4580 	4591
f 4592 	4591 	4580
f 4540 	4593 	4590
f 4617 	4591 	4592
f 4564 	4594 	4585
f 4467 	4540 	4590
f 4593 	4581 	4586
f 4597 	4882 	4596
f 4590 	4593 	4586
f 4597 	4596 	4595
f 4592 	4618 	4617
f 4605 	4567 	4588
f 3358 	4600 	4255
f 4595 	4594 	4597
f 4601 	4605 	4257
f 4257 	4256 	4601
f 4255 	4601 	4256
f 3358 	4573 	4600
f 4603 	4604 	4598
f 4600 	4605 	4601
f 4585 	4594 	4595
f 4602 	4598 	4604
f 4601 	4255 	4600
f 4589 	4585 	4595
f 4609 	4589 	4595
f 4609 	2412 	4589
f 4603 	4599 	2816
f 4606 	4591 	4280
f 2815 	4603 	2816
f 4280 	4387 	4606
f 4605 	4606 	4257
f 2420 	4607 	5291
f 4600 	4573 	4605
f 4588 	4591 	4606
f 4608 	4602 	4145
f 4605 	4588 	4606
f 4602 	4604 	2738
f 2804 	4604 	2815
f 2804 	2738 	4604
f 2738 	4145 	4602
f 2815 	4604 	4603
f 4595 	4596 	4609
f 3889 	2816 	4599
f 4609 	2411 	2412
f 4882 	4607 	4609
f 2414 	4609 	4607
f 4614 	4635 	4612
f 4615 	4617 	4618
f 4137 	4270 	4619
f 4541 	4513 	4534
f 4394 	4523 	4615
f 4270 	4381 	4619
f 4317 	4513 	4541
f 4317 	4529 	4513
f 4523 	4522 	4615
f 4522 	4591 	4615
f 4616 	4137 	4619
f 4602 	4614 	4598
f 4603 	4598 	4614
f 4612 	4599 	4614
f 4616 	4614 	4602
f 4635 	4614 	4616
f 4515 	2618 	4513
f 4603 	4614 	4599
f 4608 	4137 	4616
f 4616 	4602 	4608
f 4515 	2717 	2618
f 4721 	4620 	4611
f 4610 	4611 	4620
f 4513 	2618 	2617
f 2670 	4623 	2671
f 4610 	4620 	4613
f 4624 	4625 	2673
f 4613 	4620 	4577
f 2673 	4623 	4624
f 4381 	4630 	4619
f 4620 	4627 	4592
f 4379 	4630 	4381
f 4620 	4592 	4577
f 4616 	4619 	4630
f 4616 	4630 	4628
f 4618 	4592 	4627
f 4622 	4628 	4630
f 4379 	4626 	4630
f 4630 	4626 	4622
f 4591 	4617 	4615
f 4042 	4040 	4631
f 4634 	4632 	4633
f 4040 	4629 	4631
f 4671 	970 	4639
f 4042 	4541 	4040
f 973 	3978 	4636
f 4497 	4496 	4498
f 4636 	4635 	4641
f 4497 	4486 	4496
f 4496 	4637 	4500
f 4641 	970 	4636
f 4495 	4637 	4496
f 4636 	3978 	3979
f 4635 	4616 	4641
f 4637 	4638 	4500
f 4641 	4616 	4639
f 2673 	2671 	4623
f 4639 	4616 	4628
f 4639 	4644 	4671
f 4677 	4497 	4498
f 4541 	4534 	4040
f 970 	4641 	4639
f 4628 	4621 	4639
f 4640 	4638 	6575
f 4628 	4652 	4647
f 4621 	4628 	4647
f 4631 	4629 	4642
f 4621 	4647 	4644
f 4664 	4317 	4042
f 4626 	4652 	4622
f 4626 	4379 	4576
f 4626 	4576 	4652
f 4042 	4317 	4541
f 4642 	4629 	4625
f 4500 	4638 	4640
f 4637 	4456 	4646
f 4652 	4628 	4622
f 4639 	4621 	4644
f 4624 	4642 	4625
f 4228 	4456 	4637
f 4637 	4646 	4638
f 4625 	4629 	4534
f 4625 	4534 	4514
f 4643 	4658 	4645
f 4625 	4514 	2673
f 4495 	4481 	4319
f 4629 	4040 	4534
f 4566 	4660 	4643
f 4254 	4495 	4319
f 4254 	4637 	4495
f 4650 	4397 	4382
f 4849 	4649 	4648
f 4383 	4651 	4650
f 4382 	4383 	4650
f 4652 	4576 	4653
f 4651 	4659 	4650
f 4579 	4653 	4576
f 4652 	4653 	4647
f 4654 	4651 	4655
f 4548 	4649 	4849
f 4647 	4653 	4645
f 4653 	4643 	4645
f 4489 	4497 	4655
f 2667 	4656 	2670
f 4490 	4651 	4383
f 4643 	4653 	4566
f 4656 	4648 	4649
f 4653 	4579 	4566
f 4656 	4623 	2670
f 4490 	4489 	4651
f 4651 	4489 	4655
f 4644 	4647 	4645
f 4656 	4642 	4624
f 4649 	4642 	4656
f 4657 	4659 	4654
f 4656 	4624 	4623
f 2667 	4648 	4656
f 4643 	4660 	4661
f 4583 	4582 	4660
f 4566 	4583 	4660
f 4586 	4660 	4582
f 4655 	4497 	4677
f 4581 	4660 	4586
f 4657 	4654 	4655
f 4662 	4338 	4337
f 4529 	4662 	4337
f 4663 	4544 	4664
f 4661 	4660 	5160
f 4042 	4665 	4664
f 4665 	4642 	4649
f 4631 	4642 	4665
f 4631 	4665 	4042
f 4657 	4655 	4677
f 2596 	4659 	4657
f 2596 	2835 	4659
f 4650 	4659 	2835
f 4644 	4645 	4671
f 4670 	4663 	4672
f 4651 	4654 	4659
f 4670 	4688 	4663
f 970 	4671 	4674
f 4664 	4672 	4663
f 4650 	2835 	4397
f 4665 	4672 	4664
f 4674 	973 	970
f 4645 	4666 	4671
f 4666 	4667 	4674
f 4668 	4675 	4673
f 4666 	4674 	4671
f 4658 	4686 	4666
f 4645 	4658 	4666
f 4669 	4675 	4668
f 4677 	4676 	2596
f 4674 	4667 	971
f 4679 	2600 	2588
f 4674 	971 	973
f 4676 	4640 	4682
f 4661 	4680 	4643
f 4682 	4679 	2588
f 4689 	4678 	4673
f 2602 	4682 	2588
f 4682 	2596 	4676
f 4682 	2602 	2596
f 4684 	4675 	4669
f 4684 	4669 	4670
f 4679 	6572 	6585
f 4668 	4678 	4352
f 4500 	4640 	4676
f 4500 	4676 	4498
f 4678 	4668 	4673
f 4640 	4679 	4682
f 4657 	4677 	2596
f 4353 	4352 	4678
f 4680 	4681 	4658
f 4618 	4627 	4632
f 4672 	4684 	4670
f 4686 	4658 	4681
f 4663 	4662 	4687
f 4683 	4685 	4686
f 4544 	4663 	4687
f 4681 	4683 	4686
f 4676 	4677 	4498
f 4663 	4688 	4662
f 4680 	4658 	4643
f 4686 	4667 	4666
f 4685 	5800 	4667
f 4507 	4494 	4689
f 4494 	4353 	4689
f 4686 	4685 	4667
f 4549 	4546 	4547
f 4690 	4692 	4710
f 4374 	4537 	4549
f 4692 	4690 	4691
f 4697 	4701 	4537
f 4693 	4702 	4696
f 4374 	4330 	4697
f 5057 	4694 	4693
f 4693 	5056 	5057
f 4694 	5057 	4966
f 4697 	4436 	4701
f 4537 	4701 	4703
f 4694 	4700 	4702
f 4693 	4694 	4702
f 3859 	3865 	4700
f 4700 	4694 	3859
f 4699 	4701 	4436
f 3859 	4694 	4966
f 3949 	3859 	4966
f 4699 	4703 	4701
f 4704 	4705 	4706
f 228 	227 	4775
f 4705 	4707 	4706
f 4692 	4691 	6596
f 4705 	4711 	4707
f 4703 	4709 	4537
f 4692 	6596 	4708
f 4698 	6427 	4713
f 4730 	4692 	4708
f 3865 	3888 	4700
f 6416 	4549 	4537
f 4714 	4712 	4559
f 4559 	4715 	4714
f 4699 	4698 	4718
f 4633 	4720 	4634
f 4713 	6427 	6431
f 4632 	4627 	4721
f 4715 	4550 	4714
f 4632 	4721 	4633
f 4698 	4713 	4717
f 4716 	4555 	4715
f 4718 	4698 	4717
f 4719 	4715 	4555
f 4709 	4718 	4717
f 4703 	4699 	4718
f 4721 	4627 	4620
f 4709 	4703 	4718
f 4709 	4717 	4713
f 4735 	4715 	4719
f 4721 	4611 	4723
f 4710 	4785 	4690
f 4556 	4097 	4724
f 4731 	4525 	4729
f 4097 	4147 	4724
f 4147 	4771 	4724
f 4525 	4731 	4526
f 1483 	1495 	4726
f 4371 	4712 	4714
f 3903 	4556 	4728
f 4728 	4556 	4559
f 4728 	4559 	4712
f 4729 	4525 	4472
f 4552 	4714 	4550
f 4771 	4147 	4764
f 4772 	4716 	4715
f 4715 	4559 	4772
f 4559 	4556 	4772
f 4730 	4734 	4733
f 4772 	4555 	4716
f 4556 	4724 	4772
f 4715 	4735 	4550
f 4732 	4737 	4733
f 4733 	4737 	4740
f 4730 	4733 	4740
f 4734 	4730 	4708
f 1012 	4725 	982
f 4740 	4692 	4730
f 991 	4736 	4738
f 4727 	4737 	4732
f 4740 	4727 	4739
f 4737 	4727 	4740
f 4823 	4910 	4726
f 4720 	4633 	4723
f 4726 	4742 	4415
f 4721 	4723 	4633
f 4731 	4742 	4726
f 4417 	4415 	4742
f 4742 	4464 	4417
f 4723 	7356 	7359
f 4742 	4731 	4464
f 4464 	4729 	4472
f 4723 	7359 	4720
f 4723 	4611 	7356
f 4729 	4464 	4731
f 4525 	4526 	4744
f 4744 	4903 	4904
f 4747 	4632 	4634
f 4722 	991 	4725
f 991 	4722 	4736
f 4747 	4615 	4632
f 4618 	4632 	4615
f 231 	4738 	4748
f 4746 	4634 	7155
f 4725 	991 	982
f 4747 	4394 	4615
f 4747 	4634 	4746
f 4787 	4722 	4725
f 4747 	4746 	4396
f 1012 	4787 	4725
f 4394 	4747 	4396
f 4748 	4757 	241
f 4748 	4758 	4757
f 4522 	4280 	4591
f 4749 	4750 	4751
f 4751 	4750 	4753
f 3911 	3919 	4755
f 242 	241 	4757
f 4738 	4736 	4748
f 3877 	3911 	4755
f 4758 	4748 	4736
f 4757 	243 	244
f 244 	242 	4757
f 4755 	2935 	3877
f 4758 	4736 	4752
f 4740 	4739 	4741
f 5045 	4761 	4162
f 4741 	4710 	4692
f 4754 	4760 	415
f 4763 	4764 	4762
f 4762 	4765 	4763
f 4766 	4754 	4767
f 4752 	4767 	4758
f 4762 	4759 	4765
f 4692 	4740 	4741
f 4761 	4759 	4762
f 4766 	4767 	4768
f 4689 	4353 	4678
f 4764 	4761 	4762
f 4675 	4689 	4673
f 4761 	4764 	4162
f 5046 	4869 	4759
f 4769 	4756 	4790
f 4765 	4772 	4763
f 4752 	4801 	4768
f 4774 	4756 	4769
f 4668 	4352 	4350
f 4767 	4752 	4768
f 4769 	4770 	4773
f 4340 	4668 	4350
f 4754 	4758 	4767
f 4784 	4669 	4668
f 4754 	4766 	4760
f 4758 	4754 	4776
f 4757 	4758 	4776
f 4757 	4776 	243
f 4695 	4649 	4548
f 4665 	4649 	4695
f 4695 	4684 	4672
f 4665 	4695 	4672
f 4780 	4781 	4782
f 4338 	4662 	4688
f 4529 	4687 	4662
f 4340 	4783 	4668
f 4668 	4783 	4784
f 4785 	4814 	4782
f 4344 	4783 	4340
f 4814 	4785 	4710
f 4688 	4783 	4344
f 4688 	4784 	4783
f 4669 	4784 	4670
f 4785 	4781 	4690
f 4784 	4688 	4670
f 4821 	4787 	1032
f 4773 	4774 	4769
f 4756 	4774 	4812
f 4790 	4755 	4769
f 4788 	2787 	4789
f 4755 	3919 	4769
f 4648 	2667 	4788
f 4786 	4722 	4787
f 4849 	4788 	4789
f 2667 	2691 	4788
f 2787 	4788 	2691
f 3920 	4769 	3919
f 4752 	4786 	4799
f 4722 	4786 	4736
f 4752 	4736 	4786
f 4770 	4769 	3928
f 3920 	3928 	4769
f 3668 	4790 	4756
f 4790 	3668 	4755
f 4755 	3668 	2914
f 2914 	2935 	4755
f 4791 	4779 	4786
f 4780 	4778 	4781
f 4777 	4690 	4781
f 4781 	4778 	4777
f 4785 	4782 	4781
f 4777 	4691 	4690
f 4777 	4775 	4691
f 4775 	230 	228
f 4792 	4797 	4793
f 4794 	223 	4775
f 4794 	225 	223
f 4799 	4793 	4801
f 4777 	4778 	4794
f 4794 	4775 	4777
f 4778 	4796 	4794
f 4779 	4792 	4786
f 4801 	4752 	4799
f 4796 	4780 	4798
f 4794 	238 	240
f 4792 	4799 	4786
f 4794 	240 	225
f 4793 	4799 	4792
f 4778 	4780 	4796
f 4798 	4782 	5497
f 4782 	4798 	4780
f 4795 	4801 	4793
f 4800 	4804 	5499
f 5497 	4782 	4802
f 4803 	4801 	4795
f 4804 	4806 	4805
f 4807 	4805 	4806
f 4808 	4800 	4802
f 4803 	4766 	4768
f 4800 	4808 	4804
f 4808 	4806 	4804
f 4803 	4768 	4801
f 4803 	4809 	4766
f 4809 	4803 	4815
f 4802 	4782 	4814
f 4814 	4808 	4802
f 4812 	4774 	4816
f 4741 	4808 	4814
f 4739 	4807 	4806
f 4812 	4816 	3842
f 3842 	3719 	4812
f 4795 	4813 	4815
f 4895 	4816 	4773
f 4816 	4774 	4773
f 4795 	4793 	4811
f 4793 	4797 	4811
f 4816 	4895 	4843
f 4815 	4803 	4795
f 4795 	4811 	4813
f 4082 	4817 	4818
f 5233 	4817 	4082
f 4808 	4741 	4806
f 4806 	4741 	4739
f 4818 	4817 	4819
f 4710 	4741 	4814
f 4818 	4819 	4820
f 1031 	4810 	4821
f 4526 	4731 	4745
f 4731 	4726 	4745
f 4786 	4787 	4821
f 4822 	4745 	4908
f 1032 	4787 	1012
f 4822 	4744 	4526
f 4810 	5315 	4821
f 4822 	4526 	4745
f 4786 	4821 	4791
f 4823 	4726 	1495
f 1495 	1505 	4823
f 415 	4776 	4754
f 4824 	4760 	4766
f 4766 	4809 	4824
f 691 	4760 	4824
f 4825 	691 	4824
f 4828 	4948 	4839
f 4828 	4829 	4825
f 746 	4825 	4829
f 4772 	4765 	4555
f 4724 	4771 	4772
f 4824 	4809 	4828
f 4771 	4763 	4772
f 4828 	4825 	4824
f 4764 	4763 	4771
f 4832 	4868 	4830
f 4830 	4831 	4832
f 4827 	4826 	4508
f 4508 	4512 	4827
f 4834 	4833 	4835
f 4820 	4069 	4818
f 4840 	4837 	4836
f 4841 	4820 	4819
f 4820 	4841 	4773
f 4840 	4842 	4520
f 4827 	4520 	4842
f 4753 	4750 	4841
f 4895 	4841 	4750
f 4841 	4819 	4753
f 4974 	4753 	4819
f 4826 	4827 	4842
f 4472 	4525 	4837
f 4749 	4968 	4843
f 4843 	4750 	4749
f 4472 	4837 	4840
f 4844 	4845 	4846
f 2788 	4789 	2787
f 4846 	5829 	4848
f 4846 	4850 	5829
f 4850 	4851 	4852
f 4852 	5829 	4850
f 4831 	4853 	4854
f 4845 	4851 	4846
f 4851 	4850 	4846
f 4853 	4426 	4428
f 5829 	5844 	4848
f 4428 	4854 	4853
f 4430 	4400 	4856
f 4430 	4856 	4527
f 4857 	4527 	4856
f 5237 	5234 	4855
f 4404 	4552 	4856
f 4855 	4845 	5237
f 4856 	4552 	4550
f 4858 	4832 	4831
f 4855 	4851 	4845
f 4859 	6815 	4860
f 4857 	4858 	4831
f 4857 	4856 	4550
f 4857 	4735 	4858
f 4870 	4859 	4861
f 4857 	4550 	4735
f 4858 	4719 	4555
f 4735 	4719 	4858
f 4854 	4857 	4831
f 4857 	4854 	4428
f 4871 	6815 	4859
f 4870 	4871 	4859
f 4428 	4527 	4857
f 4831 	4874 	4853
f 4863 	6821 	6815
f 4865 	4993 	4866
f 4865 	4759 	4869
f 4867 	4860 	6815
f 4868 	4866 	4830
f 4765 	4759 	4865
f 4868 	4865 	4866
f 4868 	4832 	4858
f 4858 	4765 	4868
f 4865 	4868 	4765
f 4858 	4555 	4765
f 4863 	4862 	4864
f 6815 	4871 	4863
f 4862 	4871 	4727
f 4871 	4739 	4727
f 4862 	4863 	4871
f 4874 	4875 	4853
f 4873 	4870 	4861
f 2414 	2411 	4609
f 4870 	4873 	4877
f 4879 	4870 	4877
f 4880 	4882 	4881
f 4607 	4882 	4878
f 4882 	4609 	4596
f 4880 	4878 	4882
f 4879 	4871 	4870
f 4879 	4739 	4871
f 5010 	5374 	4883
f 4885 	4886 	4888
f 4885 	4859 	4886
f 4887 	4564 	4565
f 4859 	4885 	4861
f 4887 	4565 	5011
f 4873 	4861 	4885
f 4597 	4881 	4882
f 4884 	4889 	4888
f 5012 	4881 	4597
f 4887 	4597 	4594
f 4594 	4564 	4887
f 4886 	4884 	4888
f 4770 	4820 	4773
f 4770 	4069 	4820
f 3928 	4069 	4770
f 4953 	5069 	4894
f 4896 	4897 	4898
f 4895 	4773 	4841
f 4750 	4843 	4895
f 4893 	4896 	4898
f 4840 	4898 	4897
f 997 	4900 	999
f 4836 	4837 	4901
f 4900 	4833 	999
f 4836 	4847 	4898
f 4833 	4902 	4838
f 4840 	4897 	4842
f 4838 	4835 	4833
f 4826 	4842 	4897
f 4898 	4840 	4836
f 4902 	4833 	4900
f 4847 	4893 	4898
f 4902 	4900 	753
f 4897 	4896 	4826
f 4902 	746 	4839
f 4839 	4838 	4902
f 4829 	4839 	746
f 4829 	4828 	4839
f 4525 	4744 	4901
f 4900 	769 	773
f 4525 	4901 	4837
f 4902 	757 	746
f 4902 	753 	757
f 4833 	4834 	999
f 4903 	4744 	4822
f 997 	759 	4900
f 4903 	4909 	4906
f 4903 	4906 	4904
f 769 	4900 	759
f 4809 	4907 	4828
f 4911 	4948 	4828
f 4813 	4907 	4815
f 4907 	4809 	4815
f 4828 	4907 	4911
f 4908 	4910 	4909
f 4907 	4912 	4911
f 4905 	2791 	4914
f 2791 	3140 	4914
f 4849 	4789 	4905
f 4648 	4788 	4849
f 1505 	4910 	4823
f 2791 	4905 	4789
f 4910 	1505 	5648
f 1505 	5650 	5651
f 2788 	2791 	4789
f 5173 	4915 	4905
f 4921 	4915 	4916
f 4899 	4919 	4920
f 5036 	4504 	4918
f 4921 	4916 	4918
f 4915 	4548 	4849
f 4921 	4548 	4915
f 4915 	4849 	4905
f 4992 	4968 	4749
f 2717 	4515 	2615
f 4892 	4894 	5069
f 4921 	4918 	4504
f 4507 	4689 	4921
f 4921 	4689 	4675
f 4921 	4675 	4684
f 4894 	4922 	4923
f 4921 	4684 	4695
f 4892 	4574 	4894
f 4706 	4707 	3888
f 4925 	4704 	4706
f 3879 	4925 	4706
f 4891 	4884 	4890
f 4953 	4894 	4923
f 4530 	4922 	4535
f 4859 	4860 	4886
f 4574 	4575 	4922
f 4860 	4867 	4886
f 4926 	4884 	4886
f 4047 	4925 	3879
f 4926 	4886 	4867
f 4575 	4535 	4922
f 4928 	4922 	4530
f 4884 	4926 	4890
f 4707 	4924 	4927
f 1805 	4890 	4926
f 4922 	4928 	4923
f 4197 	4923 	4929
f 4889 	4884 	4891
f 4707 	4711 	4924
f 1805 	4975 	4890
f 3888 	4707 	4700
f 4702 	4700 	4707
f 4907 	4813 	4912
f 4548 	4921 	4695
f 4930 	4936 	4931
f 6841 	4939 	4933
f 4988 	4935 	4939
f 4937 	4931 	4936
f 4936 	4930 	4940
f 4938 	4934 	4941
f 4920 	4942 	4943
f 4889 	4939 	4935
f 4932 	4938 	4941
f 4941 	4934 	4971
f 4813 	5422 	4912
f 4813 	4811 	5500
f 4835 	4947 	4834
f 4948 	4947 	4835
f 4948 	4949 	4947
f 4165 	4164 	4929
f 4946 	4932 	4950
f 4929 	4923 	4928
f 4928 	4165 	4929
f 4157 	4165 	4928
f 4928 	4530 	4157
f 4696 	4707 	4927
f 4696 	4702 	4707
f 4705 	4955 	4711
f 4947 	999 	4834
f 4948 	4838 	4839
f 4948 	4835 	4838
f 4958 	4956 	4957
f 4959 	3772 	3834
f 4927 	4924 	4956
f 4952 	4949 	4960
f 4937 	4959 	3834
f 4711 	4955 	4924
f 4937 	4936 	4959
f 4940 	4959 	4936
f 4924 	4955 	5091
f 4911 	4952 	4960
f 5091 	4961 	4924
f 4961 	4956 	4924
f 4943 	4942 	3864
f 4961 	5303 	4957
f 4960 	4949 	4948
f 3864 	4940 	4943
f 4949 	4962 	4947
f 4947 	1047 	999
f 3834 	3842 	4816
f 4960 	4948 	4911
f 4957 	4956 	4961
f 4937 	3834 	4816
f 4816 	4931 	4937
f 4962 	4949 	4964
f 4540 	4561 	5056
f 4940 	4930 	4965
f 4461 	3949 	4966
f 4461 	3938 	3949
f 4463 	4461 	4966
f 4967 	5543 	1060
f 4920 	4943 	4965
f 4971 	4951 	3802
f 4940 	4965 	4943
f 4027 	3802 	4951
f 4965 	4917 	4899
f 4899 	4920 	4965
f 4992 	4917 	4968
f 5444 	4027 	4951
f 3802 	3786 	4971
f 4931 	4816 	4843
f 4950 	4969 	4946
f 4968 	4931 	4843
f 4946 	4969 	4329
f 4965 	4968 	4917
f 4969 	3786 	4329
f 4965 	4930 	4968
f 4506 	4331 	4938
f 4968 	4930 	4931
f 1047 	4962 	1080
f 4950 	4932 	4941
f 4941 	4971 	4950
f 4104 	5153 	5233
f 4951 	4971 	4934
f 4831 	4830 	4876
f 4969 	4971 	3786
f 4969 	4950 	4971
f 4831 	4876 	4874
f 4876 	4993 	5006
f 4973 	4934 	4331
f 4331 	4995 	4973
f 4331 	4934 	4938
f 4891 	4890 	4975
f 4974 	4819 	5235
f 4977 	4976 	4348
f 4933 	4939 	4944
f 4990 	4487 	4976
f 4975 	1879 	4939
f 4487 	4482 	4976
f 4978 	4976 	4977
f 4990 	4976 	4978
f 4939 	4891 	4975
f 4348 	4352 	4977
f 4939 	4889 	4891
f 4977 	4980 	4978
f 4983 	4981 	4982
f 4983 	4938 	4981
f 4974 	5235 	4986
f 4980 	4983 	4982
f 4985 	4873 	4885
f 4987 	4986 	4979
f 4985 	4935 	4998
f 4889 	4935 	4985
f 4885 	4888 	4985
f 4506 	4938 	4983
f 4889 	4985 	4888
f 4873 	4985 	4984
f 4506 	4983 	4507
f 4980 	4982 	4978
f 4986 	4987 	4991
f 4985 	4998 	5370
f 4938 	4932 	4981
f 4986 	4991 	4974
f 4990 	4978 	4982
f 4981 	4932 	4989
f 4876 	5006 	4872
f 4979 	4986 	4972
f 4876 	4872 	4874
f 4876 	4830 	4866
f 4989 	4945 	4990
f 4993 	4876 	4866
f 4989 	4946 	4945
f 4946 	4989 	4932
f 4989 	4990 	4981
f 4874 	4872 	4875
f 4990 	4982 	4981
f 1131 	4875 	4872
f 4494 	4507 	4983
f 4865 	4994 	4993
f 5127 	4997 	4987
f 4983 	4980 	4494
f 4987 	4979 	5127
f 4977 	4353 	4980
f 4991 	4749 	4751
f 5447 	4973 	4995
f 4197 	4953 	4923
f 5000 	4953 	4197
f 5000 	4954 	4953
f 4998 	4935 	4988
f 4988 	5001 	5002
f 5000 	5003 	4954
f 6077 	5003 	5000
f 4988 	5002 	4998
f 4331 	4502 	4999
f 4197 	4204 	5000
f 5066 	4954 	5003
f 4869 	5004 	4865
f 4865 	5004 	4994
f 5005 	4995 	4331
f 5006 	4993 	5009
f 5009 	5007 	5006
f 5005 	4331 	4999
f 4995 	5005 	5014
f 4880 	5010 	4878
f 5010 	4883 	4878
f 5014 	3989 	4995
f 1080 	4967 	1081
f 4947 	4962 	1047
f 4887 	5011 	5012
f 5011 	5013 	5012
f 4964 	4967 	1080
f 4880 	4881 	5013
f 5014 	3955 	3901
f 5013 	4881 	5012
f 1080 	4962 	4964
f 3898 	5014 	3901
f 3898 	3989 	5014
f 4880 	5015 	5010
f 5005 	5024 	5016
f 4797 	4792 	5017
f 5016 	5014 	5005
f 5013 	5015 	4880
f 4565 	5019 	5011
f 5019 	5137 	5011
f 3932 	3955 	5014
f 5011 	5137 	5013
f 5020 	3932 	5014
f 5028 	5018 	5021
f 5020 	3930 	3932
f 5014 	5023 	5020
f 5014 	5016 	5023
f 5025 	5020 	5024
f 5018 	5017 	5021
f 5024 	5020 	5023
f 5025 	5026 	3930
f 4792 	4779 	5017
f 5024 	5023 	5016
f 5020 	5025 	3930
f 4910 	4913 	4909
f 5017 	4779 	5027
f 5022 	5021 	5027
f 5027 	5021 	5017
f 5646 	5663 	4909
f 4908 	4745 	4726
f 5028 	5021 	5022
f 4908 	4726 	4910
f 5024 	5055 	5025
f 4908 	4909 	4822
f 4909 	4903 	4822
f 5055 	5029 	5025
f 6626 	5026 	5025
f 3932 	3930 	5026
f 3965 	3932 	5026
f 3965 	5026 	3954
f 4811 	4797 	5032
f 4502 	5033 	4999
f 4502 	4504 	5033
f 4993 	4994 	5009
f 4991 	4987 	4997
f 4999 	5033 	5034
f 4991 	4997 	4749
f 4994 	5004 	5009
f 5035 	5033 	5036
f 6351 	5009 	5004
f 5034 	5033 	5035
f 5005 	4999 	5034
f 5705 	4847 	5030
f 5037 	5709 	5030
f 4847 	5037 	5030
f 5039 	5050 	5005
f 5045 	4162 	5038
f 4162 	4166 	5038
f 5041 	5038 	4166
f 4887 	5012 	4597
f 5034 	5039 	5005
f 5042 	5038 	5041
f 5033 	4504 	5036
f 5041 	4166 	4187
f 5037 	4847 	5040
f 5037 	5040 	5031
f 4186 	6509 	5043
f 4190 	4186 	5043
f 5040 	4847 	4836
f 5043 	5041 	4187
f 5043 	4187 	4190
f 5656 	5708 	5031
f 5024 	5005 	5050
f 6533 	5041 	5043
f 4836 	4901 	5040
f 5046 	4759 	5045
f 5050 	5055 	5024
f 4901 	4744 	5040
f 5180 	5178 	5044
f 4744 	5031 	5040
f 5049 	5044 	5050
f 5031 	4744 	4904
f 5051 	5053 	4505
f 5039 	5049 	5050
f 6351 	5004 	5052
f 5181 	5044 	5049
f 5047 	5038 	5042
f 5039 	5181 	5049
f 5052 	5004 	4869
f 4869 	5046 	5052
f 5045 	5038 	5047
f 5047 	5054 	5045
f 5054 	5046 	5045
f 5054 	5052 	5046
f 5047 	5048 	5054
f 6687 	5044 	6686
f 5048 	5052 	5054
f 5051 	5060 	5053
f 4966 	4542 	4463
f 5056 	4542 	5057
f 5108 	3366 	5058
f 4963 	5056 	4693
f 3366 	3369 	5058
f 4966 	5057 	4542
f 4759 	4761 	5045
f 3306 	3938 	4461
f 5059 	3369 	3368
f 4561 	4542 	5056
f 1322 	5059 	3368
f 3369 	5059 	5058
f 5062 	1859 	5061
f 4963 	4693 	4696
f 5063 	6317 	5065
f 5063 	4953 	5066
f 5064 	4958 	4957
f 5069 	5063 	5070
f 5064 	4696 	4927
f 5063 	5065 	5070
f 4696 	5064 	4963
f 5067 	1854 	1850
f 5064 	4927 	4956
f 4954 	5066 	4953
f 1838 	1854 	5067
f 5064 	4956 	4958
f 5067 	1850 	5062
f 5160 	4660 	4581
f 5062 	1827 	1859
f 5068 	5073 	5072
f 5060 	5058 	5059
f 1838 	5067 	5071
f 5058 	5060 	5074
f 4540 	5073 	4593
f 5060 	5051 	5074
f 4581 	4593 	5073
f 5073 	5068 	4581
f 5072 	5064 	5090
f 5073 	4540 	5079
f 5059 	1322 	2090
f 5087 	5060 	5059
f 5075 	5089 	5077
f 5053 	5087 	5078
f 4505 	5053 	5078
f 5079 	5080 	5073
f 5075 	5076 	5089
f 4540 	5056 	5079
f 5069 	5070 	4892
f 5081 	2449 	5082
f 5055 	5050 	5044
f 5069 	4953 	5063
f 2135 	2448 	5081
f 2449 	5081 	2448
f 5072 	5073 	5080
f 5080 	5064 	5072
f 5303 	5064 	4957
f 5079 	5056 	4963
f 5080 	5079 	4963
f 2449 	2453 	5082
f 5064 	5080 	4963
f 5059 	5099 	5087
f 5099 	5059 	2090
f 5099 	5078 	5087
f 5053 	5060 	5087
f 5085 	5303 	4961
f 4565 	4892 	5083
f 5088 	6304 	5089
f 4892 	5070 	5083
f 5064 	5303 	5090
f 5070 	5065 	5200
f 5070 	5200 	5203
f 5083 	5096 	5019
f 5091 	5085 	4961
f 5083 	5070 	5096
f 5085 	5091 	5141
f 5096 	5137 	5019
f 5083 	5019 	4565
f 5095 	5115 	5097
f 5099 	1596 	5078
f 5099 	2082 	1596
f 5032 	4797 	5017
f 5099 	2088 	2082
f 5101 	5104 	5102
f 2090 	2088 	5099
f 5104 	5103 	5102
f 5105 	5018 	5028
f 4047 	4044 	5101
f 4501 	5051 	4505
f 5163 	5051 	4501
f 5018 	5105 	5175
f 5078 	1596 	4505
f 5104 	5101 	4044
f 5028 	5109 	5105
f 4044 	5110 	5104
f 5110 	5125 	5103
f 5110 	5103 	5104
f 3366 	5108 	3542
f 4115 	3542 	5108
f 5108 	5111 	5114
f 5103 	5095 	5102
f 5102 	5095 	4925
f 5108 	5216 	4115
f 5111 	5107 	5116
f 5097 	4704 	5095
f 5122 	5106 	5107
f 5270 	5119 	5117
f 5115 	5140 	5100
f 5116 	5114 	5111
f 4047 	5102 	4925
f 5115 	4955 	4705
f 5097 	5115 	4705
f 4705 	4704 	5097
f 5118 	5120 	5123
f 5108 	5058 	5121
f 5120 	5117 	5119
f 4925 	5095 	4704
f 5111 	5108 	5121
f 5058 	5074 	5121
f 5111 	5121 	5122
f 5103 	5115 	5095
f 5163 	5121 	5074
f 5111 	5122 	5107
f 5159 	5118 	5123
f 5140 	5134 	5100
f 4805 	5159 	5123
f 5220 	5216 	5108
f 4749 	4997 	4992
f 5126 	5124 	5125
f 4979 	5230 	5127
f 6650 	5093 	5094
f 5110 	5126 	5125
f 5128 	5124 	5126
f 4997 	5127 	4996
f 5126 	5130 	5128
f 5094 	5093 	5129
f 5130 	4072 	5128
f 5127 	5192 	4996
f 4072 	5130 	4057
f 5094 	5129 	5131
f 4991 	4751 	4974
f 4044 	5130 	5110
f 5110 	5130 	5126
f 4970 	4972 	4986
f 5141 	5135 	5134
f 5100 	5134 	5135
f 4955 	5135 	5091
f 5135 	5141 	5091
f 5115 	5100 	4955
f 5096 	5098 	5137
f 5135 	4955 	5100
f 5133 	5136 	5132
f 5015 	5013 	5137
f 5152 	5103 	5125
f 5096 	5070 	5098
f 5098 	5210 	5138
f 5140 	5103 	5152
f 5070 	5203 	5098
f 5132 	5136 	5295
f 5076 	5132 	5295
f 5134 	5140 	5335
f 5085 	5141 	5142
f 5094 	5133 	6649
f 5086 	5085 	5142
f 5137 	5179 	5015
f 5179 	5146 	5015
f 5134 	5142 	5141
f 5133 	5094 	5144
f 5336 	5086 	5335
f 5335 	5086 	5142
f 5133 	5144 	5136
f 5115 	5103 	5140
f 4751 	4753 	4974
f 5131 	5092 	5145
f 5129 	5092 	5131
f 5150 	5561 	5151
f 5191 	5149 	5147
f 5151 	5139 	5140
f 5140 	5152 	5151
f 5120 	5118 	5117
f 5152 	5124 	5150
f 4970 	5153 	4972
f 5125 	5124 	5152
f 5153 	5149 	4972
f 5153 	5147 	5149
f 5150 	5151 	5152
f 5151 	5148 	5139
f 5153 	5154 	5147
f 4117 	4125 	5154
f 4128 	5154 	4125
f 5154 	5153 	4098
f 4117 	5154 	4098
f 5118 	5157 	5117
f 5146 	5010 	5015
f 4873 	4984 	5161
f 4877 	4873 	5161
f 5162 	5160 	5068
f 5161 	5159 	4877
f 5159 	5161 	5118
f 5160 	4581 	5068
f 5122 	5121 	5163
f 5159 	5158 	4879
f 5163 	5074 	5051
f 5029 	5044 	6687
f 4879 	4877 	5159
f 5055 	5044 	5029
f 5146 	5008 	5010
f 4807 	4739 	4879
f 5143 	5165 	5182
f 5157 	5161 	4984
f 5164 	5343 	5166
f 5157 	4984 	5282
f 5106 	5163 	4501
f 4807 	5158 	4805
f 5122 	5163 	5106
f 4807 	4879 	5158
f 5106 	4501 	4508
f 5168 	4918 	4916
f 5034 	5035 	5168
f 5035 	5036 	5168
f 5036 	4918 	5168
f 5158 	5159 	4805
f 5170 	5171 	5169
f 5181 	5034 	5168
f 5107 	5106 	5170
f 5170 	5116 	5107
f 4916 	4915 	5173
f 5170 	5169 	5116
f 5174 	5181 	5168
f 5114 	5116 	5169
f 5173 	5174 	5168
f 5168 	4916 	5173
f 4826 	5170 	5106
f 5174 	5173 	5345
f 4905 	4914 	5167
f 5112 	5172 	5176
f 5173 	4905 	5167
f 5173 	5166 	5345
f 4914 	3140 	5167
f 5032 	5175 	5176
f 5017 	5018 	5175
f 5173 	5167 	5166
f 5032 	5017 	5175
f 5032 	5176 	5172
f 5008 	5146 	5165
f 5172 	5112 	5360
f 5137 	5098 	5179
f 5178 	6710 	6797
f 5187 	5178 	5180
f 5181 	5345 	5180
f 5345 	5344 	5180
f 5146 	5179 	5182
f 5183 	5206 	5109
f 5109 	5028 	5183
f 7201 	5147 	5154
f 5181 	5039 	5034
f 7201 	5154 	4128
f 5147 	7207 	5191
f 5345 	5181 	5174
f 5181 	5180 	5044
f 5022 	5183 	5028
f 5149 	4979 	4972
f 5157 	5118 	5161
f 5230 	4979 	5196
f 5197 	5138 	5210
f 5138 	5197 	5143
f 5138 	5143 	5182
f 5138 	5182 	5179
f 5182 	5165 	5146
f 5338 	5186 	5194
f 5138 	5179 	5098
f 5194 	5186 	5204
f 5198 	5183 	5022
f 5022 	5225 	5198
f 5201 	5199 	5194
f 5201 	5202 	5199
f 5194 	5204 	5201
f 5065 	6478 	5200
f 5205 	5105 	5109
f 5206 	5208 	5205
f 5205 	5208 	5207
f 5207 	5211 	5205
f 5106 	4508 	4826
f 5171 	5212 	5213
f 5212 	5222 	5213
f 5171 	5170 	5212
f 5202 	5201 	5214
f 5258 	5222 	5212
f 5216 	5217 	5218
f 5214 	5215 	5207
f 5216 	5220 	5217
f 5219 	5211 	5207
f 5221 	5217 	5220
f 5223 	5218 	5217
f 4124 	4115 	5216
f 5215 	5219 	5207
f 5218 	4124 	5216
f 5202 	5214 	5207
f 4266 	5218 	5301
f 5202 	5207 	5208
f 4266 	4124 	5218
f 5220 	5171 	5221
f 5206 	5202 	5208
f 5202 	5206 	5199
f 5205 	5211 	5209
f 5171 	5213 	5221
f 5213 	5222 	5221
f 5209 	5112 	5205
f 5175 	5105 	5205
f 5205 	5112 	5176
f 5175 	5205 	5176
f 5199 	5206 	5198
f 5206 	5205 	5109
f 5183 	5198 	5206
f 5223 	5217 	5221
f 5223 	5221 	5224
f 5222 	5255 	5224
f 5222 	5224 	5221
f 5220 	5114 	5169
f 5169 	5171 	5220
f 5224 	5257 	5223
f 5108 	5114 	5220
f 5315 	4779 	4791
f 5192 	5127 	5230
f 5027 	4779 	5315
f 5192 	5195 	1045
f 5147 	7206 	7207
f 5189 	5231 	5229
f 5196 	5195 	5230
f 5189 	5188 	5231
f 5149 	5191 	5196
f 5230 	5195 	5192
f 5195 	5191 	7207
f 5195 	5196 	5191
f 5193 	5190 	5274
f 5149 	5196 	4979
f 4970 	5233 	5153
f 5232 	6804 	409
f 4082 	4078 	5233
f 4970 	4986 	5235
f 5235 	5233 	4970
f 5236 	409 	411
f 4819 	4817 	5235
f 4817 	5233 	5235
f 411 	5234 	5236
f 5234 	5237 	5243
f 5240 	1084 	1068
f 5243 	5237 	5244
f 5242 	5229 	5244
f 1068 	1071 	5241
f 5245 	5232 	5236
f 5245 	5246 	5232
f 5240 	1068 	5241
f 5241 	5276 	5239
f 5245 	5236 	5244
f 5241 	5238 	5240
f 5239 	5238 	5241
f 4917 	5247 	5239
f 5243 	5236 	5234
f 5243 	5244 	5236
f 5240 	5192 	1084
f 4997 	4996 	5247
f 5247 	4996 	5238
f 5239 	5247 	5238
f 5210 	5098 	5203
f 5231 	5245 	5244
f 5244 	5229 	5231
f 5210 	5203 	5269
f 5237 	5242 	5244
f 5269 	5248 	5210
f 5232 	409 	5236
f 5248 	5259 	5249
f 5253 	5250 	5251
f 5253 	5256 	5250
f 5285 	5170 	4826
f 5254 	5212 	5170
f 5254 	5258 	5212
f 5254 	5170 	5285
f 5375 	5286 	5251
f 5231 	5188 	5250
f 5251 	5250 	5188
f 5258 	5298 	5255
f 6822 	5256 	5253
f 5251 	5188 	5190
f 5250 	5245 	5231
f 5250 	5256 	5246
f 5246 	5245 	5250
f 5260 	5261 	5248
f 5193 	5284 	5251
f 5193 	5251 	5190
f 5248 	5261 	5259
f 5832 	5143 	5252
f 4844 	5265 	5264
f 5262 	5266 	5267
f 5197 	5248 	5249
f 5275 	5262 	5267
f 5252 	5197 	5249
f 5267 	5922 	5263
f 5266 	5264 	5267
f 5200 	5268 	5203
f 5200 	6478 	5268
f 4846 	4848 	5265
f 5268 	5269 	5203
f 4844 	4846 	5265
f 5259 	5897 	5249
f 5804 	5922 	5265
f 5922 	5267 	5265
f 5267 	5264 	5265
f 6510 	5259 	5261
f 5895 	5249 	5897
f 5248 	5269 	5260
f 5242 	5266 	5229
f 5260 	5269 	5268
f 5189 	5266 	5262
f 5189 	5229 	5266
f 5188 	5189 	5272
f 5268 	6478 	5260
f 6510 	5261 	5260
f 5119 	5270 	5271
f 5897 	5259 	6510
f 5270 	5274 	5271
f 5197 	5252 	5143
f 5210 	5248 	5197
f 5188 	5272 	5190
f 5247 	4917 	4992
f 5270 	5282 	5274
f 4992 	4997 	5247
f 5189 	5262 	5272
f 5240 	5238 	4996
f 5192 	5240 	4996
f 4917 	5276 	4899
f 5276 	5277 	4899
f 5276 	5241 	5278
f 5276 	4917 	5239
f 5267 	5263 	5275
f 5241 	1071 	5278
f 5274 	5190 	5272
f 5276 	5278 	5277
f 5262 	5275 	5279
f 4899 	5277 	5280
f 5272 	5262 	5279
f 5688 	4899 	5280
f 5281 	5272 	5279
f 5274 	5272 	5281
f 5274 	5282 	5193
f 5274 	5281 	5271
f 5277 	5278 	1072
f 5281 	5279 	5271
f 5277 	1072 	5280
f 1071 	1072 	5278
f 4845 	4844 	5237
f 5242 	5237 	4844
f 4844 	5264 	5242
f 5264 	5266 	5242
f 5192 	1045 	1083
f 5258 	5255 	5222
f 5193 	5282 	5284
f 5283 	5257 	5224
f 5283 	5224 	5255
f 5157 	5282 	5117
f 5298 	5283 	5255
f 5357 	5257 	5283
f 5282 	5270 	5117
f 4826 	4896 	5285
f 4893 	5287 	4896
f 5287 	5285 	4896
f 5253 	5251 	5368
f 5287 	4893 	5288
f 5288 	5289 	5285
f 5289 	5254 	5285
f 5088 	5092 	6308
f 2558 	2562 	5273
f 5290 	5291 	4607
f 5292 	5291 	5290
f 6343 	5092 	5445
f 5145 	5092 	5088
f 5088 	5293 	5145
f 5288 	5285 	5287
f 5144 	5131 	5145
f 5297 	5392 	5296
f 5144 	5145 	5136
f 5136 	5145 	5293
f 5283 	5298 	5357
f 5295 	5293 	5088
f 5296 	5298 	5297
f 5089 	5295 	5088
f 5297 	5289 	5288
f 5131 	5144 	5094
f 4661 	5160 	4680
f 5160 	5299 	4680
f 5258 	5289 	5298
f 5160 	5300 	5299
f 5089 	5076 	5295
f 5156 	5300 	5162
f 5297 	5298 	5289
f 5300 	5160 	5162
f 5258 	5254 	5289
f 5299 	5155 	5330
f 5295 	5136 	5293
f 5072 	5162 	5068
f 5218 	5223 	5301
f 5290 	4607 	4878
f 4878 	4883 	5290
f 5300 	5155 	5299
f 5156 	5155 	5300
f 5084 	6398 	5302
f 5303 	5085 	5086
f 5304 	5081 	5084
f 5086 	5336 	5308
f 5273 	2555 	5291
f 5291 	5292 	5305
f 5084 	5302 	5304
f 5305 	5292 	5294
f 5304 	2135 	5081
f 5306 	5307 	979
f 5307 	5308 	5336
f 1083 	1084 	5192
f 5027 	5315 	5228
f 5308 	5307 	5309
f 5228 	5022 	5027
f 5309 	5303 	5308
f 5086 	5308 	5303
f 3599 	3445 	5311
f 5311 	5310 	2766
f 3601 	3599 	5311
f 5305 	5273 	5291
f 5022 	5228 	5225
f 5225 	5226 	5327
f 5273 	2562 	2555
f 5307 	5321 	5155
f 5307 	5155 	5309
f 5156 	5162 	5312
f 5162 	5072 	5312
f 5303 	5312 	5090
f 2766 	6803 	3601
f 5312 	5309 	5156
f 2766 	3601 	5311
f 5303 	5309 	5312
f 5313 	2150 	2147
f 5312 	5072 	5090
f 5155 	5156 	5309
f 5314 	231 	232
f 4810 	5317 	5315
f 5325 	5316 	5314
f 5225 	5228 	5317
f 4738 	231 	5318
f 5314 	5316 	5318
f 5314 	5318 	231
f 5310 	5319 	2761
f 5317 	5226 	5225
f 5318 	991 	4738
f 5319 	5348 	2761
f 4810 	5227 	5317
f 5318 	5316 	993
f 5317 	5227 	5226
f 5317 	5228 	5315
f 2761 	2765 	5310
f 5316 	5321 	993
f 5311 	5322 	5326
f 993 	991 	5318
f 4810 	1043 	5227
f 4810 	1031 	1043
f 5322 	5323 	5324
f 4821 	5315 	4791
f 5310 	5324 	5319
f 5322 	5324 	5326
f 5316 	5325 	5321
f 5198 	5339 	5199
f 5314 	232 	5325
f 5326 	5324 	5310
f 5194 	5199 	5339
f 5311 	5326 	5310
f 5307 	993 	5321
f 5324 	5323 	5340
f 5226 	5227 	1165
f 5329 	5322 	5311
f 1043 	1165 	5227
f 5328 	5325 	232
f 1165 	5327 	5226
f 5329 	5332 	5322
f 5328 	5330 	5155
f 5155 	5321 	5325
f 3602 	5332 	5329
f 5155 	5325 	5328
f 5311 	3445 	5329
f 5328 	4683 	4681
f 5339 	5198 	5225
f 4680 	5328 	4681
f 4680 	5330 	5328
f 5330 	4680 	5299
f 5323 	5322 	5332
f 1165 	1043 	1038
f 5332 	5331 	5323
f 5332 	3602 	5331
f 5148 	1015 	5139
f 6662 	5204 	5186
f 5187 	5180 	5344
f 5344 	5347 	5187
f 3602 	3724 	5331
f 5187 	5184 	5185
f 5184 	5177 	5185
f 6662 	5186 	5338
f 5339 	5333 	5338
f 5347 	3154 	5184
f 5339 	5327 	5333
f 5347 	5184 	5187
f 5341 	5340 	5323
f 5194 	5339 	5338
f 3142 	3155 	5164
f 5343 	5344 	5345
f 5225 	5327 	5339
f 5345 	5166 	5343
f 3155 	5343 	5164
f 3724 	5341 	5331
f 5346 	5327 	1165
f 5341 	5323 	5331
f 5342 	5340 	5341
f 5184 	3154 	3156
f 1165 	1167 	5346
f 3153 	3154 	5347
f 5348 	5319 	5324
f 5320 	2150 	5313
f 5340 	5337 	5348
f 5335 	5142 	5134
f 5337 	5340 	5456
f 5320 	5353 	5352
f 5403 	5320 	5440
f 5349 	5307 	5336
f 2158 	5320 	5403
f 5349 	979 	5307
f 5313 	5353 	5320
f 1020 	979 	5349
f 5335 	5139 	5350
f 5140 	5139 	5335
f 5350 	1020 	5349
f 5335 	5350 	5336
f 5353 	5302 	6395
f 5349 	5336 	5350
f 5139 	1015 	5350
f 5353 	5313 	5302
f 5355 	2558 	5273
f 5408 	4427 	4426
f 5351 	5354 	5371
f 5273 	5305 	5355
f 5408 	5372 	4427
f 4266 	5301 	4262
f 5301 	5361 	4269
f 4269 	4262 	5301
f 5358 	4545 	5373
f 5363 	4312 	5361
f 4269 	5361 	4312
f 3584 	5358 	5364
f 5621 	5219 	5215
f 5373 	5364 	5358
f 5621 	5362 	5219
f 5367 	5356 	5365
f 5356 	5369 	5365
f 5363 	5366 	4312
f 2573 	2558 	5355
f 5355 	5354 	2577
f 2573 	5355 	2577
f 5364 	5381 	5367
f 5351 	2577 	5354
f 5304 	5302 	5313
f 2582 	2577 	5351
f 1339 	5366 	1352
f 1370 	1352 	5363
f 5363 	5426 	1370
f 5363 	1352 	5366
f 5301 	5398 	5361
f 5354 	5355 	5305
f 5367 	5381 	5356
f 5305 	5294 	5354
f 5365 	5369 	5388
f 4998 	5002 	5370
f 5354 	5294 	5371
f 5251 	5286 	5368
f 5373 	5381 	5364
f 5284 	5282 	5375
f 5358 	3278 	4545
f 4532 	5373 	4414
f 5282 	4984 	5375
f 5370 	5286 	5375
f 5286 	5370 	5380
f 5372 	5377 	5378
f 5294 	4883 	5376
f 4984 	4985 	5375
f 5373 	4532 	5378
f 5294 	5292 	4883
f 5372 	5378 	4532
f 4985 	5370 	5375
f 5292 	5290 	4883
f 5008 	5374 	5010
f 4883 	5374 	5376
f 5381 	5378 	5377
f 5373 	5378 	5381
f 5377 	5356 	5381
f 5379 	5368 	5380
f 5351 	5524 	5526
f 5382 	5351 	5526
f 5356 	5377 	5372
f 5286 	5380 	5368
f 2612 	5351 	5382
f 4532 	4427 	5372
f 5380 	5385 	5379
f 5421 	3584 	5364
f 5380 	5002 	5385
f 5364 	5367 	5387
f 5380 	5370 	5002
f 5365 	5387 	5367
f 5002 	5113 	5385
f 5387 	5421 	5364
f 5113 	5383 	5385
f 5375 	5251 	5284
f 2518 	5386 	5582
f 5387 	5388 	5423
f 5368 	5379 	5253
f 5390 	2620 	2633
f 5423 	5388 	5389
f 5386 	2518 	5390
f 5387 	5365 	5388
f 2633 	5386 	5390
f 567 	5383 	5113
f 5383 	567 	5385
f 1105 	5389 	5388
f 2517 	5390 	2518
f 5379 	5385 	567
f 1105 	5388 	1112
f 4412 	5366 	1339
f 6824 	5379 	7052
f 1105 	5425 	5389
f 4412 	4312 	5366
f 6824 	5253 	5379
f 1105 	1114 	5425
f 5379 	567 	7052
f 4798 	5395 	4796
f 1112 	5388 	5391
f 5301 	5223 	5398
f 5391 	5413 	5399
f 5403 	2310 	2163
f 5398 	5223 	5257
f 1111 	5404 	1107
f 2318 	2310 	5403
f 1111 	1112 	5391
f 1111 	5391 	5404
f 5399 	5404 	5391
f 5403 	2163 	2158
f 5436 	5440 	5320
f 2633 	2608 	5384
f 5405 	5408 	4853
f 5320 	5352 	5436
f 5402 	5403 	5440
f 2633 	5384 	5386
f 1107 	5404 	5405
f 5406 	2312 	2318
f 2608 	2612 	5382
f 5401 	5406 	5400
f 2314 	2312 	5406
f 2612 	2582 	5351
f 5400 	5406 	5402
f 5403 	5402 	2318
f 5406 	2318 	5402
f 5351 	5371 	5524
f 5407 	5391 	5356
f 5413 	5391 	5407
f 5369 	5356 	5391
f 5092 	5410 	5445
f 5369 	5391 	5388
f 5340 	5348 	5324
f 5092 	5129 	5410
f 5093 	6678 	5410
f 5412 	5399 	5413
f 5348 	5337 	3013
f 5413 	5407 	5417
f 5093 	5410 	5129
f 3013 	3018 	5348
f 5412 	5405 	5404
f 5412 	5413 	5417
f 5412 	5404 	5399
f 5420 	5621 	5359
f 5412 	5408 	5405
f 5219 	5362 	5211
f 1131 	1107 	5405
f 5211 	5362 	5209
f 5408 	5412 	5417
f 5393 	5396 	5411
f 5417 	5372 	5408
f 5360 	5112 	5418
f 4853 	5408 	4426
f 5418 	5420 	5359
f 5356 	5372 	5407
f 5396 	5419 	5411
f 5411 	5419 	5392
f 5417 	5407 	5372
f 5398 	5257 	5357
f 5209 	5420 	5418
f 3605 	3608 	5421
f 5357 	5419 	5398
f 5209 	5418 	5112
f 5298 	5296 	5357
f 5296 	5392 	5357
f 5209 	5362 	5420
f 3608 	3584 	5421
f 5357 	5392 	5419
f 5504 	5393 	5411
f 5423 	5389 	5425
f 5426 	5393 	5394
f 5426 	5396 	5393
f 4911 	5422 	4952
f 5422 	5424 	4952
f 5423 	5425 	5427
f 5361 	5426 	5363
f 5546 	4952 	5424
f 5425 	5528 	5427
f 5426 	5394 	5428
f 5528 	5425 	1114
f 4911 	4912 	5422
f 5527 	5427 	5528
f 5421 	5387 	5423
f 5374 	5434 	5376
f 5427 	5421 	5423
f 5427 	5432 	5421
f 5433 	5422 	5431
f 5421 	5432 	3605
f 5432 	4038 	3605
f 5008 	5434 	5374
f 1131 	4872 	6342
f 5405 	4853 	4875
f 5426 	5428 	1370
f 5405 	4875 	1131
f 5400 	5402 	5435
f 4073 	5438 	5437
f 5445 	5435 	5439
f 5436 	5445 	5439
f 5428 	5394 	5446
f 4072 	4073 	5437
f 5428 	5446 	1370
f 5446 	5443 	1370
f 5439 	5440 	5436
f 5426 	5361 	5398
f 5438 	4073 	4030
f 5426 	5398 	5419
f 5402 	5440 	5435
f 5426 	5419 	5396
f 5440 	5439 	5435
f 3156 	3151 	5184
f 5401 	5400 	5435
f 5347 	5344 	3155
f 3155 	3153 	5347
f 5406 	5401 	2314
f 3155 	5344 	5343
f 5443 	5442 	1661
f 1661 	5442 	1655
f 5409 	5401 	5445
f 5442 	5952 	1655
f 5410 	5409 	5445
f 1370 	5443 	1366
f 3991 	4027 	5444
f 5443 	1661 	1366
f 5444 	3989 	3991
f 4995 	3989 	5444
f 5447 	4995 	5444
f 5446 	5442 	5443
f 4951 	5447 	5444
f 4934 	4973 	5447
f 5445 	5401 	5435
f 4951 	4934 	5447
f 2244 	2763 	2243
f 5452 	5450 	5449
f 5450 	5452 	5459
f 2244 	2036 	2767
f 2036 	2052 	2767
f 2767 	2769 	2244
f 5416 	5337 	5456
f 5483 	5414 	5457
f 5458 	5459 	5452
f 3856 	5454 	5460
f 5457 	5414 	5461
f 5376 	5434 	5468
f 5434 	5429 	5468
f 5734 	5459 	5458
f 5462 	5493 	5463
f 3856 	5467 	3860
f 5475 	2263 	2265
f 5466 	5468 	5469
f 5429 	5469 	5468
f 5475 	2265 	5467
f 5494 	5489 	5464
f 5465 	5468 	5466
f 5465 	5294 	5468
f 5422 	5433 	5430
f 5294 	5376 	5468
f 5467 	3856 	5460
f 5422 	5500 	5522
f 3872 	4298 	5462
f 5465 	5371 	5294
f 5455 	3872 	5462
f 5524 	5371 	5465
f 5472 	5430 	5433
f 3872 	5455 	3856
f 5454 	3856 	5455
f 3862 	3860 	5467
f 5475 	5454 	5481
f 5414 	5456 	5461
f 5476 	5475 	5481
f 5475 	5460 	5454
f 5467 	5460 	5475
f 5475 	5476 	5477
f 4794 	4796 	238
f 5456 	5342 	5461
f 2256 	5477 	5498
f 5395 	238 	4796
f 5477 	2256 	2263
f 5340 	5342 	5456
f 5477 	2263 	5475
f 5415 	5451 	5334
f 5456 	5414 	5416
f 5479 	5478 	5480
f 5476 	5487 	5485
f 5334 	5416 	5415
f 5334 	5337 	5416
f 5455 	5481 	5454
f 5481 	5462 	5463
f 5455 	5462 	5481
f 5482 	5479 	5480
f 5483 	3861 	3864
f 3864 	4942 	5483
f 5479 	4798 	5397
f 5397 	4798 	5484
f 5395 	4798 	5479
f 5479 	5482 	5395
f 5486 	5342 	5341
f 237 	235 	5482
f 5341 	3724 	5486
f 5487 	5481 	5464
f 5395 	5482 	238
f 235 	240 	5482
f 5487 	5490 	5485
f 5488 	5342 	5486
f 240 	238 	5482
f 245 	237 	5482
f 5457 	3861 	5483
f 5497 	5484 	4798
f 5487 	5476 	5481
f 5478 	5397 	5484
f 5485 	6459 	5503
f 5464 	5481 	5463
f 3770 	3866 	5488
f 5484 	5497 	5491
f 3866 	3861 	5488
f 5461 	5488 	3861
f 5486 	3770 	5488
f 5487 	5464 	5489
f 5488 	5461 	5342
f 5487 	5489 	5490
f 5457 	5461 	3861
f 5590 	5482 	5480
f 5334 	5451 	5492
f 3013 	5334 	3054
f 5462 	4298 	5493
f 5494 	4284 	5489
f 3013 	5337 	5334
f 5464 	5463 	5494
f 3054 	5334 	5492
f 3058 	5492 	3740
f 5478 	5479 	5397
f 5494 	5463 	5493
f 4283 	4284 	5493
f 5493 	4286 	4283
f 4802 	4800 	5497
f 4800 	5499 	5497
f 4301 	4286 	5493
f 5493 	4284 	5494
f 5508 	5446 	5394
f 4298 	4301 	5493
f 5497 	5499 	5491
f 5477 	5476 	5498
f 5508 	5442 	5446
f 5498 	2271 	2256
f 5422 	4813 	5500
f 5513 	5501 	5502
f 6459 	5505 	5503
f 5502 	5503 	5505
f 5485 	5503 	5502
f 1845 	5471 	5507
f 5476 	5485 	5502
f 5506 	5502 	5505
f 5504 	5448 	5508
f 1869 	1878 	5507
f 5471 	5470 	5507
f 5507 	1870 	1869
f 5504 	5394 	5393
f 5501 	5476 	5502
f 5448 	5442 	5508
f 1871 	1870 	5507
f 5504 	5508 	5394
f 5513 	5502 	5506
f 5509 	3310 	3302
f 3304 	2637 	5509
f 3302 	3304 	5509
f 5501 	5519 	2560
f 2638 	5509 	2637
f 5501 	5498 	5476
f 2271 	5498 	5501
f 315 	5510 	5509
f 2272 	2271 	5501
f 5501 	2560 	2272
f 3310 	5509 	5510
f 5521 	5501 	5513
f 5521 	5519 	5501
f 2638 	315 	5509
f 5062 	5061 	5514
f 5514 	5067 	5062
f 5465 	5466 	5474
f 3310 	5510 	5512
f 5431 	5422 	5522
f 5431 	5522 	5360
f 4811 	5032 	5500
f 5519 	2899 	2560
f 5473 	5474 	5520
f 5469 	5473 	5520
f 5469 	5718 	5473
f 5519 	5515 	2899
f 5438 	5441 	5534
f 5469 	5520 	5466
f 5433 	5654 	5472
f 5466 	5520 	5474
f 5441 	5438 	4030
f 5535 	5438 	5534
f 5441 	5525 	5523
f 5523 	5527 	5536
f 5500 	5032 	5172
f 5382 	5526 	5529
f 5500 	5172 	5522
f 5528 	1272 	1274
f 5431 	5360 	5418
f 1114 	1272 	5528
f 5431 	5418 	5654
f 1274 	5536 	5528
f 5172 	5360 	5522
f 5528 	5536 	5527
f 5530 	5422 	5430
f 5525 	5427 	5527
f 5525 	5432 	5427
f 5523 	5525 	5527
f 5531 	4030 	4029
f 5441 	5531 	5525
f 5531 	5441 	4030
f 5525 	5531 	5432
f 5529 	2608 	5382
f 4029 	5432 	5531
f 4029 	4038 	5432
f 5535 	5437 	5438
f 5441 	5523 	5534
f 5524 	5533 	5526
f 1283 	1286 	5538
f 5538 	5541 	5536
f 5386 	5384 	5579
f 5538 	5540 	5541
f 1059 	1060 	5532
f 5534 	5536 	5541
f 5529 	5384 	2608
f 5544 	5539 	5537
f 5541 	5535 	5534
f 5534 	5523 	5536
f 5542 	5543 	5544
f 5543 	5546 	5544
f 5545 	5384 	5529
f 4964 	5543 	4967
f 5543 	5542 	5532
f 5536 	1274 	1283
f 5538 	5536 	1283
f 5529 	5526 	5545
f 5532 	1060 	5543
f 5526 	5533 	5545
f 1286 	1810 	5538
f 5061 	5511 	5514
f 5471 	5514 	5511
f 5071 	5514 	5471
f 5128 	4072 	5549
f 2518 	5582 	2517
f 5549 	5124 	5128
f 5471 	1845 	5071
f 5071 	5067 	5514
f 1810 	1735 	5557
f 5511 	5624 	5556
f 5549 	4072 	5437
f 5552 	5547 	5551
f 5550 	5452 	5449
f 5437 	5535 	5549
f 5535 	5541 	5549
f 5570 	5474 	5473
f 5553 	5124 	5549
f 5552 	5551 	5554
f 5548 	5566 	5553
f 5554 	5474 	5552
f 5549 	5548 	5553
f 5458 	5452 	5550
f 5150 	5124 	5553
f 5552 	5474 	5570
f 5555 	5554 	5551
f 5550 	5470 	5558
f 5538 	1810 	5540
f 5556 	5470 	5471
f 5571 	5550 	5558
f 5551 	5545 	5533
f 5557 	5540 	1810
f 5557 	5549 	5541
f 5557 	5548 	5549
f 5555 	5551 	5533
f 5557 	5541 	5540
f 5554 	5555 	5465
f 5465 	5555 	5533
f 5554 	5465 	5474
f 1712 	5548 	5557
f 5550 	5559 	5458
f 5533 	5524 	5465
f 5557 	1735 	1712
f 1831 	5562 	5561
f 5547 	5642 	5645
f 1014 	5560 	1897
f 5561 	5148 	5151
f 5559 	5563 	5458
f 5562 	5560 	5148
f 5148 	5561 	5562
f 5563 	5559 	5565
f 1831 	5561 	5566
f 5548 	1712 	5566
f 5552 	5567 	5547
f 1717 	5566 	1712
f 5570 	5564 	5567
f 5150 	5553 	5561
f 5571 	5565 	5559
f 5561 	5553 	5566
f 1717 	1831 	5566
f 5567 	5552 	5570
f 5567 	5564 	5573
f 5560 	1014 	5148
f 5570 	5473 	5564
f 5572 	4599 	4612
f 5499 	5574 	5491
f 5499 	4804 	4805
f 4805 	5576 	5499
f 5578 	4612 	5575
f 5574 	5576 	5495
f 5384 	5545 	5579
f 5386 	5579 	5580
f 5576 	5581 	5495
f 5386 	5580 	5582
f 5581 	5865 	5495
f 5521 	5515 	5519
f 5516 	5515 	5521
f 5516 	5521 	5513
f 2965 	6702 	3151
f 5712 	5491 	5574
f 5574 	5499 	5576
f 5584 	2895 	5515
f 5512 	5510 	5518
f 4805 	5581 	5576
f 5583 	5512 	5518
f 5518 	5870 	5583
f 5583 	5587 	5512
f 5586 	5588 	5478
f 5512 	5589 	3310
f 5482 	5590 	245
f 5512 	5587 	5589
f 5591 	5590 	5480
f 5510 	454 	5518
f 5478 	5484 	5586
f 315 	454 	5510
f 5591 	5478 	5588
f 5491 	5586 	5484
f 5480 	5478 	5591
f 5588 	5592 	5593
f 5594 	5604 	5609
f 5712 	5592 	5588
f 5595 	5594 	3322
f 5593 	5590 	5591
f 5593 	5635 	5590
f 3640 	3322 	5594
f 3322 	5596 	5595
f 5591 	5588 	5593
f 5583 	5597 	5587
f 3323 	3312 	5596
f 5589 	5597 	5596
f 5601 	5599 	5590
f 5590 	5599 	233
f 3312 	5589 	5596
f 5590 	233 	245
f 5597 	5595 	5596
f 5597 	5589 	5587
f 4949 	5546 	5543
f 4964 	4949 	5543
f 5733 	5604 	5600
f 5537 	5542 	5544
f 5537 	5615 	5542
f 5604 	5594 	5602
f 5594 	5595 	5602
f 5544 	5605 	5539
f 5600 	5604 	5602
f 5544 	5606 	5605
f 5546 	5606 	5544
f 5424 	5530 	5606
f 5595 	5607 	5603
f 5422 	5530 	5424
f 5602 	5595 	5603
f 5606 	5530 	5612
f 5424 	5606 	5546
f 5608 	5603 	5607
f 5608 	5607 	5583
f 5546 	4949 	4952
f 5583 	5870 	5608
f 5607 	5597 	5583
f 5607 	5595 	5597
f 5539 	5667 	5673
f 5539 	5605 	5668
f 5606 	5611 	5605
f 5612 	5611 	5606
f 5668 	5605 	5611
f 5612 	5530 	5662
f 5613 	5610 	5617
f 5594 	5610 	5613
f 5609 	5610 	5594
f 5594 	5613 	3640
f 5615 	5537 	5614
f 3669 	3661 	5616
f 5537 	5539 	5614
f 5614 	5539 	5673
f 5431 	5654 	5433
f 5617 	5619 	5616
f 5619 	5610 	5609
f 5618 	5619 	5609
f 5621 	5622 	5623
f 5658 	5654 	5418
f 5418 	5359 	5623
f 5420 	5362 	5621
f 5558 	5556 	5568
f 5619 	5617 	5610
f 5558 	5568 	5571
f 5550 	5571 	5559
f 5624 	5569 	5568
f 5631 	5619 	5629
f 5619 	5631 	5616
f 5624 	5625 	5569
f 5569 	5627 	5697
f 5626 	5629 	5619
f 5569 	5625 	5627
f 5625 	5061 	5627
f 5616 	3661 	5617
f 3640 	5613 	5617
f 3661 	3640 	5617
f 5599 	5601 	4091
f 5629 	5630 	5631
f 5601 	4092 	4091
f 5634 	5598 	4092
f 5635 	4092 	5601
f 5636 	5632 	5633
f 5634 	4092 	5635
f 5599 	990 	233
f 5630 	5636 	5633
f 5630 	6305 	3670
f 5630 	5633 	6305
f 5601 	5590 	5635
f 5631 	5630 	3672
f 5592 	5634 	5635
f 5635 	5593 	5592
f 3672 	3669 	5631
f 5636 	5630 	5629
f 3669 	5616 	5631
f 5598 	4093 	4092
f 5496 	5639 	5637
f 5495 	5496 	5637
f 3058 	3054 	5492
f 5628 	5563 	5565
f 5451 	5453 	5492
f 5584 	5585 	2895
f 5641 	5628 	5565
f 5547 	5567 	5642
f 5641 	5569 	5697
f 5645 	5580 	5579
f 5647 	4913 	4910
f 5646 	4913 	5647
f 5646 	5648 	5643
f 5647 	5648 	5646
f 5701 	5713 	5645
f 5648 	5647 	4910
f 4909 	4913 	5646
f 5215 	5620 	5621
f 5621 	5623 	5359
f 5622 	5621 	5620
f 5579 	5547 	5645
f 5643 	5648 	5644
f 5551 	5547 	5579
f 5551 	5579 	5545
f 5644 	5651 	5650
f 1158 	5667 	5652
f 2598 	2599 	5650
f 5650 	2599 	2597
f 5652 	1657 	1158
f 5648 	1505 	5651
f 5651 	5644 	5648
f 5649 	5623 	5622
f 5665 	5472 	5654
f 5658 	5418 	5623
f 5656 	5655 	5657
f 5653 	5683 	5414
f 5623 	5649 	5658
f 5657 	5655 	5663
f 5659 	5660 	5661
f 5655 	5656 	5663
f 5530 	5430 	5662
f 5653 	5640 	5659
f 5661 	5653 	5659
f 5656 	4904 	4906
f 5662 	5430 	5665
f 5472 	5665 	5430
f 5656 	5031 	4904
f 5663 	5646 	5643
f 5654 	5658 	5665
f 5664 	5453 	5451
f 5663 	5656 	4906
f 5451 	5415 	5664
f 5665 	5649 	5662
f 4906 	4909 	5663
f 5658 	5649 	5665
f 5539 	5668 	5667
f 5700 	5703 	5669
f 5673 	5672 	5670
f 5674 	5657 	5663
f 5664 	5661 	5660
f 5674 	5669 	5657
f 5671 	5674 	5663
f 5695 	5666 	5659
f 5660 	5659 	5666
f 5672 	5673 	5667
f 5675 	5671 	5643
f 5644 	5675 	5643
f 1158 	1157 	5667
f 5677 	5675 	5644
f 5672 	5667 	1157
f 3541 	3543 	5676
f 5677 	5644 	5650
f 5660 	3543 	5664
f 1157 	1163 	5672
f 3740 	5492 	5453
f 2597 	5677 	5650
f 2619 	5677 	2597
f 5678 	5677 	2619
f 5671 	5663 	5643
f 5662 	5667 	5668
f 5611 	5612 	5668
f 5573 	5564 	5577
f 5612 	5662 	5668
f 5679 	5671 	5675
f 5642 	5567 	5573
f 5573 	5577 	5642
f 5702 	5679 	5698
f 5614 	5673 	5670
f 5679 	5702 	5671
f 5681 	5679 	5675
f 3543 	3740 	5453
f 5675 	5677 	5681
f 5664 	3543 	5453
f 5676 	5666 	3541
f 5681 	5677 	5678
f 5683 	5415 	5416
f 818 	836 	5685
f 5414 	5683 	5416
f 5653 	5661 	5683
f 5661 	5664 	5683
f 5678 	5684 	5681
f 5684 	5687 	5681
f 5664 	5415 	5683
f 5660 	5666 	5676
f 5684 	2626 	5687
f 3543 	5660 	5676
f 5681 	5687 	5679
f 5678 	2619 	5684
f 5684 	2619 	2620
f 2528 	2527 	5687
f 5684 	5692 	2626
f 5390 	2517 	5692
f 5691 	5640 	5689
f 2517 	2626 	5692
f 5692 	5684 	2620
f 4327 	4299 	5693
f 5390 	5692 	2620
f 5704 	5689 	5690
f 5680 	5682 	5693
f 5640 	5691 	5659
f 5687 	2626 	2528
f 5696 	2630 	2629
f 2629 	2643 	5696
f 5698 	2527 	5696
f 5691 	5695 	5659
f 5687 	5698 	5679
f 5627 	1881 	5697
f 2634 	2630 	5696
f 5698 	5696 	5700
f 5702 	5698 	5700
f 1881 	1895 	5697
f 5696 	2643 	5700
f 5582 	5580 	5699
f 5698 	5687 	2527
f 3034 	2973 	5713
f 5627 	1859 	1881
f 5700 	2643 	5703
f 5713 	5701 	3034
f 5669 	5702 	5700
f 5702 	5674 	5671
f 5568 	5569 	5641
f 5702 	5669 	5674
f 3924 	5691 	5704
f 5565 	5571 	5641
f 5688 	3924 	5704
f 5691 	3924 	5695
f 5688 	4919 	4899
f 5690 	4920 	4919
f 5031 	5708 	5711
f 5031 	5711 	5710
f 5707 	6124 	5706
f 5688 	5704 	4919
f 5710 	5037 	5031
f 5496 	5707 	5639
f 5690 	4919 	5704
f 5568 	5641 	5571
f 5704 	5691 	5689
f 5627 	5061 	1859
f 5582 	5699 	2520
f 5641 	1890 	5628
f 5699 	5580 	5713
f 1890 	2025 	5628
f 5710 	5709 	5037
f 1890 	5641 	5697
f 5713 	5580 	5645
f 5697 	1895 	1891
f 4847 	5705 	4893
f 5714 	5705 	5030
f 5701 	5645 	5642
f 1891 	1890 	5697
f 5642 	5577 	5701
f 5061 	5625 	5511
f 5577 	2959 	5701
f 5471 	5511 	5556
f 5709 	5710 	5715
f 5564 	5473 	5912
f 5711 	5715 	5710
f 5709 	5714 	5030
f 5709 	5716 	5714
f 5624 	5568 	5556
f 5469 	5429 	5717
f 5716 	5908 	5714
f 5556 	5558 	5470
f 5715 	5716 	5709
f 5624 	5511 	5625
f 5469 	5717 	5718
f 5716 	5719 	5908
f 5473 	5718 	5840
f 5656 	5657 	5708
f 5725 	5721 	5726
f 1907 	5470 	5550
f 5720 	5747 	5429
f 5721 	5719 	5726
f 1907 	5507 	5470
f 5434 	5720 	5429
f 3530 	3541 	5666
f 5507 	1907 	1871
f 5666 	5695 	3530
f 5722 	5727 	5449
f 4942 	5653 	5414
f 5724 	5723 	5703
f 5449 	5450 	5722
f 5653 	4942 	5640
f 5689 	5640 	4942
f 5689 	4942 	5690
f 5725 	5708 	5723
f 5483 	4942 	5414
f 4942 	4920 	5690
f 5711 	5708 	5725
f 5550 	5449 	5727
f 5280 	1072 	3904
f 5727 	1907 	5550
f 5708 	5657 	5723
f 3904 	3924 	5280
f 5727 	5728 	1907
f 5715 	5711 	5726
f 5688 	5280 	3924
f 5728 	5727 	6222
f 5726 	5711 	5725
f 5716 	5715 	5719
f 5727 	5722 	6222
f 5723 	5724 	5725
f 1906 	1907 	5728
f 5669 	5703 	5723
f 5723 	5657 	5669
f 5719 	5715 	5726
f 2679 	5719 	5721
f 5730 	5721 	5725
f 5730 	2679 	5721
f 5636 	5629 	5626
f 2682 	2679 	5730
f 5732 	5733 	5600
f 5730 	2685 	2682
f 2674 	5730 	5724
f 5734 	5458 	5563
f 5736 	5575 	4612
f 5459 	5731 	5450
f 5737 	5740 	5735
f 5008 	5720 	5434
f 5165 	5143 	5720
f 5720 	5008 	5165
f 5765 	5739 	5837
f 5746 	5459 	5734
f 5731 	5459 	5746
f 3824 	5572 	5578
f 5746 	5741 	5731
f 5749 	5747 	5748
f 5572 	4612 	5578
f 5717 	5749 	5748
f 5712 	5586 	5491
f 5712 	5588 	5586
f 5752 	5798 	5743
f 5637 	5574 	5495
f 5758 	5738 	5759
f 5738 	5761 	5763
f 3942 	5755 	5754
f 5738 	5763 	5759
f 5740 	5737 	5762
f 5737 	5626 	5762
f 5733 	5740 	5762
f 5738 	5739 	5765
f 3931 	3945 	5766
f 5762 	5626 	5619
f 5740 	5733 	5732
f 5740 	5757 	5735
f 5746 	5734 	5767
f 5766 	3945 	5742
f 5742 	5764 	5766
f 5744 	5746 	5767
f 5768 	5604 	5733
f 3945 	3824 	5578
f 5604 	5768 	5609
f 3945 	5575 	5742
f 5618 	5768 	5733
f 5618 	5609 	5768
f 3936 	3934 	5766
f 5744 	5767 	5765
f 5762 	5619 	5618
f 5762 	5618 	5733
f 6171 	5769 	5735
f 5764 	5755 	5766
f 5738 	5765 	5760
f 5767 	5760 	5765
f 3942 	3936 	5766
f 5904 	5760 	5767
f 5766 	3934 	3931
f 5767 	5734 	5904
f 3945 	5578 	5575
f 5712 	5574 	5637
f 5632 	5636 	5772
f 5755 	3942 	5766
f 5770 	5632 	5772
f 5774 	5756 	5755
f 5753 	5797 	5775
f 5636 	5785 	5772
f 5775 	5755 	5764
f 5777 	5771 	5776
f 5764 	5753 	5775
f 4177 	5773 	5771
f 5775 	5774 	5755
f 5771 	5777 	4177
f 5637 	5639 	5771
f 5626 	5737 	5782
f 5777 	5776 	4181
f 5626 	5785 	5636
f 5775 	5778 	5774
f 5776 	5779 	4181
f 6159 	5770 	5769
f 4181 	4189 	5777
f 5779 	4195 	4181
f 5778 	5775 	5797
f 5779 	6134 	4195
f 5776 	5639 	5779
f 5707 	5706 	5779
f 5707 	5779 	5639
f 5742 	5575 	5781
f 5781 	5764 	5742
f 6134 	5779 	5706
f 5736 	4612 	4635
f 5782 	5769 	5786
f 5736 	5783 	5784
f 5735 	5769 	5782
f 5783 	5736 	4635
f 5784 	5781 	5575
f 4178 	5773 	4177
f 5575 	5736 	5784
f 5735 	5782 	5737
f 5781 	5784 	5780
f 3979 	5780 	5783
f 5776 	5771 	5639
f 5786 	5772 	5785
f 5783 	5780 	5784
f 5769 	5770 	5786
f 5786 	5770 	5772
f 4324 	4327 	5693
f 5693 	5694 	4324
f 5783 	4635 	4636
f 4636 	3979 	5783
f 5955 	5729 	5787
f 5694 	5693 	5682
f 5787 	4108 	5955
f 5752 	5743 	5729
f 5743 	5798 	5787
f 5686 	5825 	5682
f 5797 	5753 	5781
f 5781 	5753 	5764
f 5685 	5825 	5686
f 5694 	5682 	5970
f 5682 	5825 	5970
f 5743 	5787 	5729
f 4308 	5680 	5693
f 5793 	5789 	5792
f 5791 	5790 	5794
f 5792 	4128 	5796
f 4128 	4123 	5796
f 5796 	5793 	5792
f 4178 	5598 	5773
f 5818 	5788 	5791
f 4231 	5818 	5791
f 5712 	5637 	5771
f 5794 	4231 	5791
f 5712 	5771 	5592
f 4123 	4109 	5796
f 5773 	5592 	5771
f 4231 	5794 	3981
f 5694 	5970 	4324
f 5791 	5778 	5790
f 5780 	4063 	5797
f 4128 	5792 	5795
f 5781 	5780 	5797
f 5797 	4063 	5790
f 5794 	5790 	3984
f 5793 	5796 	5752
f 5794 	3984 	3981
f 5790 	4063 	3984
f 5685 	889 	5815
f 5791 	5751 	5778
f 5752 	5796 	5798
f 5797 	5790 	5778
f 817 	818 	5799
f 5798 	5796 	4109
f 5798 	4109 	5787
f 5799 	5812 	817
f 5809 	5800 	4685
f 4085 	4667 	5800
f 5799 	818 	5685
f 6150 	5792 	6151
f 5773 	5634 	5592
f 5773 	5598 	5634
f 4085 	5800 	5802
f 804 	817 	5812
f 5800 	5809 	5806
f 812 	804 	5812
f 232 	6933 	5809
f 5812 	5799 	5682
f 4683 	232 	5809
f 5803 	5807 	5810
f 5799 	5685 	5686
f 5806 	5965 	5802
f 5799 	5686 	5682
f 5807 	5811 	5810
f 5800 	5806 	5802
f 5803 	5810 	5729
f 4685 	4683 	5809
f 5793 	5810 	5789
f 5680 	812 	5812
f 5809 	6933 	5806
f 5752 	5729 	5810
f 6933 	239 	5806
f 5793 	5752 	5810
f 4667 	4085 	971
f 5803 	5814 	5807
f 5680 	5812 	5682
f 5803 	6004 	5814
f 4211 	4212 	5813
f 5803 	6006 	6004
f 4212 	4215 	5802
f 4215 	4219 	5802
f 5685 	836 	889
f 1170 	5815 	892
f 5788 	5818 	5816
f 5818 	5817 	5816
f 5814 	5808 	5807
f 5820 	5918 	5811
f 5807 	5820 	5811
f 5815 	1169 	1182
f 4232 	4233 	5817
f 4231 	4232 	5817
f 5818 	4231 	5817
f 5819 	1182 	1184
f 6084 	1182 	5819
f 5817 	4233 	4213
f 5819 	1086 	1059
f 5819 	1184 	1086
f 889 	903 	5815
f 893 	892 	5815
f 5815 	906 	893
f 5823 	5813 	5959
f 903 	906 	5815
f 5813 	4212 	5959
f 5801 	5832 	5750
f 5719 	2679 	5920
f 5748 	5801 	5827
f 5748 	5832 	5801
f 5750 	5832 	5252
f 369 	4698 	5969
f 369 	5969 	355
f 5828 	5724 	5703
f 5759 	5763 	5758
f 5833 	5834 	5761
f 5738 	5836 	5835
f 5835 	5837 	5739
f 5839 	5827 	5745
f 5739 	5738 	5835
f 5832 	5747 	5720
f 5747 	5749 	5429
f 5832 	5748 	5747
f 5744 	5765 	5837
f 5832 	5720 	5143
f 5758 	5834 	5836
f 5758 	5836 	5738
f 5450 	5731 	5741
f 5838 	5450 	5741
f 5835 	5838 	5837
f 5830 	5829 	5831
f 5831 	640 	666
f 4852 	640 	5831
f 5829 	4852 	5831
f 5840 	5841 	5905
f 5842 	5805 	5844
f 4848 	5844 	5804
f 5841 	5845 	5843
f 5841 	5718 	5845
f 5829 	5830 	5844
f 5830 	5842 	5844
f 5841 	5840 	5718
f 5912 	5473 	5840
f 5845 	5718 	5846
f 5805 	5804 	5844
f 5805 	5847 	5977
f 5847 	5805 	5842
f 5827 	5846 	5748
f 5977 	5847 	5848
f 5831 	5849 	5830
f 5827 	5839 	5846
f 5850 	5851 	5849
f 5845 	5839 	5843
f 5849 	666 	5850
f 5831 	666 	5849
f 5849 	5842 	5830
f 5839 	5845 	5846
f 5717 	5748 	5846
f 5429 	5749 	5717
f 5848 	5847 	5851
f 5846 	5718 	5717
f 5847 	5849 	5851
f 5948 	5843 	5839
f 5839 	5852 	5948
f 5849 	5847 	5842
f 5836 	5834 	5879
f 5746 	5838 	5741
f 5744 	5837 	5838
f 5851 	671 	5857
f 5856 	5855 	5854
f 671 	5851 	5850
f 666 	671 	5850
f 5857 	5858 	5851
f 5856 	5821 	5855
f 5857 	6281 	5858
f 5858 	5848 	5851
f 5626 	5782 	5785
f 5785 	5782 	5786
f 1140 	6865 	5863
f 5862 	5864 	5863
f 5861 	6100 	5859
f 5863 	1135 	1140
f 5518 	1135 	5864
f 5871 	5861 	5859
f 5863 	5864 	1135
f 5518 	454 	1135
f 5870 	5518 	5864
f 5860 	5865 	5859
f 5865 	5860 	5495
f 5868 	5608 	5870
f 5871 	5120 	5869
f 5867 	5872 	5868
f 5872 	5866 	5608
f 5870 	5864 	5868
f 5838 	5746 	5744
f 5761 	5834 	5763
f 5758 	5763 	5834
f 5868 	5872 	5608
f 5833 	5761 	5075
f 5867 	5866 	5872
f 5865 	5871 	5859
f 5732 	5600 	5874
f 5581 	5871 	5865
f 5875 	5732 	5874
f 5496 	5495 	5860
f 5869 	6040 	5861
f 5874 	5600 	5602
f 5861 	5871 	5869
f 5873 	5877 	5879
f 5876 	5874 	5603
f 5875 	5874 	5876
f 5877 	5835 	5836
f 5838 	5835 	5877
f 5838 	5722 	5450
f 5876 	5878 	5880
f 5833 	5879 	5834
f 5603 	5878 	5876
f 5836 	5879 	5877
f 5833 	5873 	5879
f 5602 	5603 	5874
f 5722 	5838 	5877
f 5873 	5833 	5077
f 5075 	5077 	5833
f 5884 	5875 	5876
f 5876 	5880 	5884
f 5882 	5881 	5884
f 5884 	5880 	5882
f 5886 	6802 	5887
f 5881 	5875 	5884
f 5807 	5889 	5820
f 5885 	5886 	6044
f 5824 	7202 	5795
f 6044 	5886 	5888
f 5808 	5889 	5807
f 5856 	5889 	5808
f 5761 	5888 	5886
f 5761 	5738 	5888
f 5888 	5738 	5760
f 5821 	5856 	5890
f 5891 	5761 	5886
f 5761 	5891 	5075
f 5891 	5076 	5075
f 5856 	6147 	5890
f 5887 	5891 	5886
f 5887 	5132 	5891
f 5132 	5076 	5891
f 6147 	7217 	5890
f 5133 	5132 	5887
f 5853 	5852 	5745
f 5887 	6649 	5133
f 5628 	2025 	5892
f 5745 	5827 	5853
f 5827 	5801 	5853
f 5853 	5801 	5750
f 5893 	5892 	2025
f 5852 	5853 	7132
f 5893 	5894 	5892
f 5745 	5852 	5839
f 5893 	2025 	2020
f 5893 	2020 	5894
f 5252 	5249 	5895
f 5895 	5853 	5750
f 5904 	5892 	5894
f 5895 	5750 	5252
f 2643 	5828 	5703
f 5895 	5896 	5853
f 2643 	2647 	5828
f 5892 	5904 	5734
f 2647 	2674 	5828
f 5892 	5734 	5563
f 5828 	2674 	5724
f 5892 	5563 	5628
f 5730 	5725 	5724
f 5895 	5897 	5896
f 5900 	2020 	5898
f 2020 	2019 	5898
f 5894 	2020 	5900
f 2019 	2235 	5898
f 5896 	5897 	5899
f 6962 	5899 	5897
f 5899 	5853 	5896
f 6510 	6962 	5897
f 5899 	7132 	5853
f 5900 	5904 	5894
f 5953 	5852 	7132
f 5900 	5888 	5904
f 5392 	5297 	5901
f 5888 	5760 	5904
f 5900 	6046 	5888
f 5577 	3123 	2959
f 5901 	5297 	5903
f 5297 	5288 	5903
f 5714 	5907 	5705
f 5714 	5908 	5907
f 5908 	5910 	5907
f 5841 	5843 	5905
f 5907 	4893 	5705
f 5903 	5288 	5907
f 5910 	5903 	5907
f 5564 	5912 	5906
f 5903 	5902 	5901
f 5906 	5912 	5905
f 5840 	5905 	5912
f 5913 	5903 	5910
f 5902 	5903 	5913
f 5910 	5914 	5913
f 5908 	5919 	5914
f 5914 	5910 	5908
f 5911 	5909 	5921
f 5916 	5913 	5914
f 5915 	5889 	5856
f 5915 	5856 	5854
f 5820 	5889 	5918
f 5902 	5913 	5916
f 5907 	5288 	4893
f 2235 	5911 	5898
f 5908 	5920 	5919
f 5917 	5918 	5915
f 5889 	5915 	5918
f 5917 	5915 	5854
f 5911 	5921 	6044
f 5719 	5920 	5908
f 5945 	6040 	5869
f 5945 	5869 	5120
f 5120 	5871 	5123
f 5916 	5926 	5941
f 6151 	5917 	5854
f 5996 	5902 	5916
f 5871 	5581 	4805
f 4805 	5123 	5871
f 5811 	5918 	5927
f 5922 	5923 	5263
f 6152 	5917 	6151
f 5923 	5924 	5925
f 5918 	5917 	5927
f 5916 	5933 	5926
f 5914 	5933 	5916
f 5927 	5917 	6152
f 5792 	5824 	5795
f 5824 	5792 	6150
f 5928 	5929 	5922
f 5922 	5804 	5928
f 5804 	5805 	5928
f 5916 	5942 	5996
f 5929 	5923 	5922
f 5933 	5914 	5919
f 5929 	5924 	5923
f 5929 	5976 	5924
f 5931 	5906 	5905
f 5932 	5919 	5920
f 5805 	5977 	5928
f 5265 	4848 	5804
f 5919 	5932 	5940
f 5934 	5936 	5935
f 5919 	5940 	5933
f 5935 	5931 	5934
f 5120 	5119 	5949
f 5945 	5120 	5949
f 5934 	5937 	5936
f 5940 	5926 	5933
f 5935 	5936 	5938
f 5946 	5940 	5932
f 5934 	3115 	5937
f 5938 	5936 	3123
f 2679 	5946 	5932
f 5906 	5931 	5938
f 5946 	2679 	3379
f 5938 	5931 	5935
f 5960 	5271 	5279
f 5942 	5916 	5941
f 5938 	5564 	5906
f 5577 	5564 	5938
f 3410 	5942 	5941
f 5577 	5938 	3123
f 3410 	3415 	5942
f 5944 	6058 	5943
f 5941 	3379 	3410
f 5941 	5947 	3379
f 5943 	6058 	5945
f 5947 	5941 	5926
f 3123 	5936 	5937
f 5940 	5947 	5926
f 5948 	5905 	5843
f 5947 	5940 	5946
f 5944 	5943 	5939
f 3379 	5947 	5946
f 5948 	5852 	5953
f 5949 	5119 	5271
f 5920 	2679 	5932
f 3599 	5951 	5954
f 5952 	5954 	5951
f 5956 	5939 	5943
f 3447 	5954 	5957
f 5955 	5803 	5729
f 5945 	5956 	5943
f 1674 	5952 	6803
f 5945 	5949 	5956
f 5949 	5271 	5956
f 3447 	3599 	5954
f 5956 	5271 	5960
f 5939 	5925 	5944
f 5925 	5939 	5923
f 5963 	5822 	5823
f 5963 	5823 	5961
f 5826 	4474 	4324
f 4212 	5802 	5959
f 5275 	5960 	5279
f 5939 	5960 	5275
f 5866 	5603 	5608
f 5866 	5878 	5603
f 5263 	5939 	5275
f 5823 	5959 	5961
f 5263 	5923 	5939
f 5866 	5962 	5878
f 5962 	5867 	5964
f 5964 	5868 	5966
f 5862 	5966 	5868
f 6422 	5963 	256
f 5862 	5868 	5864
f 5925 	6034 	5944
f 5961 	5965 	5963
f 5966 	5862 	6975
f 5964 	5967 	5962
f 5802 	5965 	5961
f 5802 	5961 	5959
f 5806 	239 	5965
f 6979 	5966 	6975
f 5970 	5825 	5969
f 5963 	5965 	257
f 256 	5963 	257
f 5969 	5826 	5970
f 5969 	4378 	5826
f 5826 	4324 	5970
f 5964 	5966 	6979
f 6045 	4228 	4049
f 4698 	4378 	5969
f 5867 	5868 	5964
f 5826 	4378 	4474
f 5866 	5867 	5962
f 5956 	5960 	5939
f 5976 	5977 	5978
f 5972 	5971 	5974
f 5978 	5979 	5976
f 5882 	5975 	5881
f 5880 	5981 	5982
f 5848 	5978 	5977
f 5976 	5929 	5928
f 5976 	5928 	5977
f 5979 	5924 	5976
f 5980 	5986 	5987
f 5983 	5987 	5986
f 5984 	5990 	5982
f 5988 	5924 	5979
f 5848 	5989 	5978
f 5989 	5979 	5978
f 5989 	5988 	5979
f 5448 	5957 	5991
f 5992 	5930 	5955
f 5991 	5442 	5448
f 5957 	5954 	5991
f 5954 	5442 	5991
f 5954 	5952 	5442
f 5930 	5992 	5958
f 5448 	5994 	5957
f 5448 	5901 	5994
f 5901 	5902 	5994
f 5902 	5996 	5994
f 5411 	5392 	5901
f 5901 	5504 	5411
f 5957 	3450 	3447
f 5957 	5942 	3415
f 5997 	5930 	5958
f 5955 	5930 	5803
f 3599 	3601 	5951
f 5996 	5957 	5994
f 5957 	5996 	5942
f 5998 	6006 	5803
f 5448 	5504 	5901
f 5997 	5803 	5930
f 6084 	5999 	5815
f 5999 	5825 	5685
f 5999 	5969 	5825
f 5999 	5685 	5815
f 6015 	6000 	6017
f 6000 	6001 	6017
f 3567 	6260 	6001
f 5803 	5997 	5998
f 6007 	449 	3235
f 3237 	6005 	3235
f 6084 	6085 	6003
f 6005 	6007 	3235
f 6004 	6006 	6027
f 6000 	6015 	6005
f 6005 	6015 	6007
f 5993 	6013 	6012
f 6005 	3237 	6000
f 3237 	3238 	6000
f 6006 	5998 	6030
f 6031 	6007 	6015
f 6013 	6014 	6012
f 5995 	5993 	6012
f 5995 	6012 	6018
f 6015 	6017 	6024
f 6014 	6018 	6012
f 5950 	5953 	7121
f 5950 	7121 	7120
f 6021 	6009 	6008
f 5814 	6021 	5808
f 6008 	5808 	6021
f 458 	455 	6007
f 6021 	6004 	6009
f 6029 	6027 	6006
f 6017 	6270 	6025
f 6024 	6017 	6025
f 6030 	6029 	6006
f 6027 	6029 	6009
f 6009 	6029 	6008
f 6007 	6031 	458
f 6031 	6024 	6025
f 5998 	6454 	6030
f 6031 	6015 	6024
f 6023 	5819 	5532
f 6030 	6454 	6390
f 6014 	6026 	6018
f 6033 	5905 	6056
f 6018 	5924 	5988
f 5931 	5905 	6033
f 6034 	6026 	6028
f 6033 	6036 	5931
f 6036 	5934 	5931
f 6035 	5983 	6043
f 6043 	5983 	5986
f 5924 	6034 	5925
f 5973 	5980 	5987
f 6018 	6026 	6034
f 6061 	5973 	5987
f 6018 	6034 	5924
f 5973 	5972 	5980
f 6014 	6013 	6038
f 6026 	6014 	6038
f 6040 	6028 	6038
f 5984 	6039 	5985
f 6041 	6042 	5984
f 6038 	6028 	6026
f 5532 	5542 	6023
f 6042 	6039 	5984
f 5982 	5882 	5880
f 5898 	5911 	6046
f 6046 	5911 	6044
f 5982 	5975 	5882
f 5909 	6796 	5883
f 5885 	5909 	5883
f 5982 	5981 	5984
f 5980 	5972 	5974
f 5981 	6041 	5984
f 5921 	5909 	5885
f 5974 	6225 	5980
f 5990 	5975 	5982
f 5921 	5885 	6044
f 5972 	6045 	5971
f 5973 	6045 	5972
f 6039 	5967 	5968
f 6042 	5880 	5962
f 4228 	6045 	6047
f 5898 	6046 	5900
f 6042 	5981 	5880
f 4228 	6047 	6545
f 5888 	6046 	6044
f 4049 	5971 	6045
f 6037 	5934 	6036
f 6029 	6030 	6016
f 5973 	6064 	6045
f 6029 	6016 	6008
f 6004 	6027 	6009
f 6052 	6054 	6053
f 6037 	3328 	3115
f 6022 	6023 	5542
f 6037 	3115 	5934
f 6059 	6254 	6053
f 6040 	6058 	6028
f 6059 	6053 	6060
f 6056 	6068 	6033
f 6034 	6028 	6058
f 6035 	6059 	5983
f 5948 	5953 	6056
f 6056 	5950 	6063
f 6059 	6060 	5983
f 6034 	6058 	5944
f 6064 	6061 	6062
f 6056 	5953 	5950
f 5861 	6040 	6038
f 5905 	5948 	6056
f 6057 	6068 	6056
f 6060 	6053 	6062
f 6095 	5861 	6038
f 6063 	6057 	6056
f 6062 	6061 	6060
f 5983 	6060 	6061
f 5987 	5983 	6061
f 6053 	6054 	6062
f 5993 	6145 	6013
f 6066 	6067 	6068
f 6067 	6037 	6068
f 6004 	6021 	5814
f 6066 	6068 	6057
f 6068 	6037 	6036
f 6068 	6036 	6033
f 5856 	5808 	6008
f 6055 	6051 	6050
f 7257 	6067 	6066
f 6002 	6010 	6074
f 3341 	3350 	6070
f 6048 	6071 	6055
f 6037 	6067 	3350
f 3350 	6067 	6070
f 3340 	6065 	4558
f 2356 	6051 	6055
f 6067 	7257 	6070
f 6071 	6072 	6055
f 3350 	3328 	6037
f 3340 	6070 	6065
f 5615 	6022 	5542
f 6057 	7257 	6066
f 6071 	6048 	6127
f 6075 	6073 	6074
f 6075 	6074 	5615
f 6073 	6002 	6074
f 6073 	6011 	6002
f 6081 	6075 	5615
f 6074 	6022 	5615
f 6077 	4204 	4407
f 6077 	5000 	4204
f 4410 	6077 	4407
f 6003 	6022 	6074
f 6074 	6069 	6003
f 6010 	6069 	6074
f 6165 	6078 	6079
f 6080 	4423 	4416
f 6079 	6078 	6080
f 4418 	6079 	6080
f 6080 	4416 	4418
f 4408 	4423 	6076
f 5614 	6081 	5615
f 6081 	6082 	6075
f 6081 	5614 	5670
f 6073 	6075 	6082
f 5532 	5819 	1059
f 6084 	6083 	5999
f 6022 	6003 	6085
f 6085 	5819 	6023
f 6085 	6023 	6022
f 6069 	6086 	6003
f 6085 	6084 	5819
f 6084 	6086 	6083
f 6084 	6003 	6086
f 5815 	1182 	6084
f 6069 	6010 	6083
f 6089 	6010 	6002
f 6086 	6069 	6083
f 438 	6087 	6088
f 355 	5969 	6087
f 438 	357 	6087
f 355 	6087 	357
f 5969 	5999 	6087
f 6087 	5999 	6088
f 6089 	6088 	5999
f 6089 	843 	6088
f 1189 	843 	891
f 6090 	6092 	6094
f 6082 	6093 	6073
f 6090 	6081 	5670
f 1534 	6090 	5672
f 5670 	5672 	6090
f 6081 	6090 	6094
f 6010 	6089 	6083
f 6089 	5999 	6083
f 6091 	891 	6089
f 6092 	1529 	891
f 6091 	6092 	891
f 1534 	1529 	6092
f 6011 	6093 	6091
f 6011 	6073 	6093
f 6089 	6002 	6011
f 6089 	6011 	6091
f 6095 	6038 	6013
f 6082 	6081 	6093
f 6093 	6081 	6094
f 6008 	6187 	5856
f 6058 	6040 	5945
f 6016 	6187 	6008
f 1534 	6092 	6090
f 6091 	6093 	6094
f 6092 	6091 	6094
f 6155 	3701 	6097
f 6097 	6110 	6096
f 3701 	3716 	4277
f 4277 	6102 	3701
f 6099 	6098 	6112
f 6097 	6104 	6110
f 6039 	6042 	5962
f 6042 	6041 	5981
f 6039 	5962 	5967
f 3701 	6105 	6097
f 6105 	3701 	6102
f 6105 	6102 	6103
f 5880 	5878 	5962
f 6097 	6105 	6104
f 1002 	6108 	6107
f 1002 	929 	6108
f 5881 	6256 	6109
f 5881 	6175 	6256
f 6175 	5881 	5975
f 6104 	6105 	6103
f 6110 	6500 	6158
f 6115 	5735 	6116
f 6025 	6019 	6020
f 5740 	5732 	6117
f 6114 	6111 	6099
f 6116 	6117 	6115
f 5757 	5740 	6117
f 6099 	6112 	6114
f 6116 	5757 	6117
f 6119 	6099 	6111
f 6119 	6111 	6113
f 6118 	458 	6032
f 5757 	6116 	5735
f 6032 	458 	6031
f 6031 	6025 	6032
f 6032 	6025 	6020
f 6117 	5875 	6109
f 5875 	5881 	6109
f 6113 	6120 	6106
f 6117 	5732 	5875
f 6019 	6371 	6374
f 6019 	6374 	6121
f 6122 	6123 	6121
f 6123 	6019 	6121
f 6100 	6101 	5860
f 5860 	5859 	6100
f 5860 	6101 	5496
f 6101 	5707 	5496
f 2457 	2356 	6072
f 6072 	6129 	2457
f 6055 	6049 	6048
f 6124 	5707 	6101
f 6227 	6049 	6055
f 6055 	6050 	6227
f 6124 	6101 	6100
f 2356 	2443 	6051
f 6055 	6072 	2356
f 6095 	6128 	6125
f 6126 	6129 	6127
f 6126 	5082 	2453
f 6126 	2453 	6129
f 6131 	6095 	6125
f 6132 	6133 	5084
f 6130 	6100 	6131
f 6131 	5861 	6095
f 6100 	5861 	6131
f 6137 	6133 	6132
f 6106 	6120 	6107
f 6100 	6130 	6124
f 6120 	1001 	1002
f 6111 	6114 	6144
f 6135 	6134 	5706
f 6137 	6136 	6133
f 6138 	4225 	4214
f 6133 	6398 	5084
f 6138 	6139 	4225
f 6135 	6140 	4214
f 4214 	6134 	6135
f 6138 	4214 	6140
f 6138 	6140 	6141
f 6139 	4221 	4225
f 6219 	6136 	6137
f 4238 	4221 	6139
f 5082 	6126 	6132
f 6139 	6138 	6141
f 6132 	5084 	5081
f 6132 	5081 	5082
f 6142 	6132 	6127
f 6135 	6130 	6140
f 6132 	6126 	6127
f 6142 	6137 	6132
f 6135 	6124 	6130
f 6135 	5706 	6124
f 6131 	6125 	6141
f 6130 	6131 	6141
f 6125 	6128 	6141
f 6112 	6944 	6812
f 6140 	6130 	6141
f 6128 	6139 	6141
f 6114 	6112 	6143
f 6143 	6112 	6812
f 6114 	6143 	6144
f 6111 	6144 	6811
f 6013 	6145 	6095
f 6119 	6113 	6106
f 1002 	6107 	6120
f 6145 	6146 	6095
f 6158 	6096 	6110
f 6148 	5988 	5989
f 6149 	6102 	4277
f 4277 	4294 	6149
f 6149 	4294 	4290
f 6102 	6149 	6103
f 5824 	6150 	5855
f 6150 	5854 	5855
f 5789 	6151 	5792
f 6080 	6076 	4423
f 6150 	6151 	5854
f 6152 	5810 	5811
f 5789 	5810 	6152
f 6152 	6151 	5789
f 4408 	6076 	6153
f 6076 	6154 	6153
f 4408 	6153 	4409
f 6152 	5811 	5927
f 6157 	6155 	6096
f 6155 	6097 	6096
f 6155 	6098 	6099
f 6155 	6099 	6119
f 6155 	6119 	6106
f 6107 	6155 	6106
f 6107 	6108 	6155
f 3908 	6155 	6108
f 6157 	6096 	6158
f 461 	6123 	6122
f 6153 	5003 	6077
f 6153 	6077 	4409
f 6155 	6157 	6160
f 4516 	4488 	6163
f 6160 	6266 	6155
f 6079 	4418 	6162
f 6158 	6486 	6164
f 6158 	6164 	6157
f 6165 	6163 	6167
f 6160 	6157 	6164
f 6164 	6166 	6160
f 6162 	6163 	6165
f 6162 	6165 	6079
f 7227 	7217 	6147
f 6163 	6232 	6167
f 476 	6161 	685
f 5735 	6115 	6156
f 6172 	6159 	5769
f 6156 	6171 	5735
f 5769 	6171 	6172
f 5990 	5984 	6177
f 6177 	6178 	5990
f 5975 	5990 	6178
f 6177 	7030 	6180
f 6176 	6179 	6170
f 6177 	6180 	6178
f 6175 	5975 	6178
f 6178 	6180 	6181
f 6181 	6180 	6182
f 6174 	6173 	6183
f 6173 	6176 	6183
f 6170 	6174 	6183
f 6176 	6170 	6183
f 6185 	6178 	6181
f 6181 	6182 	6186
f 6181 	6186 	6185
f 6147 	5856 	6187
f 6186 	6182 	6188
f 6185 	6186 	6256
f 6184 	6187 	6625
f 6625 	6614 	6184
f 6186 	6255 	6256
f 6175 	6178 	6185
f 6191 	6188 	6182
f 6255 	6186 	6188
f 6193 	6112 	6098
f 6098 	6169 	6193
f 6944 	6112 	6194
f 6194 	6112 	6193
f 6117 	6188 	6115
f 6156 	6115 	6188
f 6189 	6192 	6190
f 6156 	6188 	6198
f 6188 	6191 	6198
f 6193 	6169 	6189
f 6193 	6189 	6194
f 6174 	6958 	6190
f 6180 	7029 	6182
f 6169 	6192 	6189
f 6192 	6169 	6173
f 6192 	6173 	6174
f 6048 	6142 	6127
f 6049 	6142 	6048
f 7037 	6196 	6191
f 6072 	6127 	6129
f 6127 	6072 	6071
f 6195 	6196 	6197
f 1898 	6202 	6199
f 6191 	6196 	6198
f 6199 	6202 	6228
f 6201 	6156 	6198
f 6201 	6171 	6156
f 6200 	6199 	6228
f 6199 	6200 	1864
f 6201 	6172 	6171
f 6199 	1864 	2030
f 6201 	6252 	6172
f 6201 	6198 	6203
f 5722 	6204 	6222
f 6198 	6196 	6203
f 6203 	6196 	6195
f 6202 	1898 	1906
f 6252 	6201 	6203
f 5728 	6202 	1906
f 6161 	6404 	685
f 6121 	6205 	6122
f 476 	461 	6161
f 6294 	6161 	461
f 5728 	6222 	6202
f 6020 	6206 	6032
f 469 	6123 	461
f 6174 	6190 	6192
f 6206 	6020 	6123
f 6019 	6123 	6020
f 6206 	6123 	6118
f 6206 	6118 	6032
f 6123 	469 	458
f 6118 	6123 	458
f 6209 	6211 	6210
f 6214 	6217 	6222
f 6214 	6207 	6217
f 6136 	6207 	6306
f 6207 	6219 	6217
f 6217 	6221 	6202
f 6217 	6219 	6221
f 6220 	6354 	6352
f 5993 	5995 	6220
f 6145 	5993 	6220
f 6204 	6214 	6222
f 6146 	6145 	6220
f 6047 	6045 	6064
f 6202 	6222 	6217
f 6064 	5973 	6061
f 6218 	5988 	6148
f 6054 	6562 	6062
f 6567 	6047 	6064
f 6223 	2045 	2011
f 5995 	6018 	6218
f 2011 	211 	6223
f 6223 	211 	200
f 6018 	5988 	6218
f 6223 	200 	199
f 5754 	5755 	6224
f 2483 	6223 	199
f 5754 	6224 	4209
f 5755 	5756 	6224
f 6268 	6210 	6211
f 6223 	2483 	2045
f 6225 	5974 	4051
f 5971 	4051 	5974
f 2045 	2483 	2484
f 6225 	4051 	6226
f 4051 	5971 	4049
f 6226 	5756 	6225
f 2498 	2045 	2484
f 6227 	6142 	6049
f 6209 	6371 	6019
f 6211 	6270 	6017
f 6227 	6257 	6228
f 6229 	5980 	6225
f 6229 	6225 	5756
f 6162 	4418 	4443
f 6231 	6215 	6230
f 4443 	4445 	6163
f 5756 	5774 	6229
f 6235 	6215 	6231
f 5774 	5778 	6229
f 4443 	6163 	6162
f 6229 	5778 	5751
f 6224 	5756 	6226
f 6212 	6464 	6230
f 6232 	6691 	6167
f 4202 	6224 	6226
f 6230 	6215 	6216
f 6226 	4051 	4202
f 6216 	7156 	1168
f 6163 	6168 	6232
f 5980 	6233 	6234
f 6216 	7152 	7156
f 5980 	6234 	5986
f 6043 	5986 	6234
f 6234 	6035 	6043
f 4396 	4746 	6235
f 6233 	6035 	6234
f 7155 	6235 	4746
f 6035 	6233 	6237
f 4396 	6235 	6238
f 6238 	6231 	6239
f 6235 	6231 	6238
f 6228 	6257 	6200
f 6239 	6231 	6230
f 5751 	6242 	5980
f 6202 	6221 	6228
f 5751 	5791 	6242
f 6215 	7152 	6216
f 5751 	5980 	6229
f 6250 	1864 	6200
f 218 	1864 	6250
f 6237 	6233 	6244
f 6245 	6050 	6246
f 6050 	6051 	6246
f 5788 	6244 	6242
f 6242 	5791 	5788
f 6248 	198 	6247
f 6233 	5980 	6242
f 6242 	6244 	6233
f 215 	6250 	6246
f 4265 	6249 	6588
f 6251 	6245 	6246
f 6227 	6050 	6245
f 2600 	4679 	6585
f 6250 	6251 	6246
f 6409 	6244 	5788
f 6255 	6109 	6256
f 220 	215 	6246
f 6227 	6251 	6257
f 6227 	6245 	6251
f 6053 	6254 	6253
f 6270 	6211 	6209
f 6253 	6052 	6053
f 6257 	6251 	6250
f 6254 	6258 	6253
f 6257 	6250 	6200
f 3567 	6001 	6000
f 6247 	198 	6246
f 2488 	198 	6248
f 6256 	6175 	6185
f 6261 	6259 	6262
f 6261 	6052 	6253
f 6054 	6052 	6261
f 6261 	6258 	6259
f 6260 	3515 	6263
f 6258 	6261 	6253
f 6263 	6001 	6260
f 3575 	3515 	6260
f 6262 	6259 	6301
f 6301 	6594 	6262
f 6160 	6166 	6265
f 3515 	3513 	6263
f 6265 	6166 	6264
f 6266 	6160 	6265
f 6017 	6001 	6263
f 6262 	6592 	6261
f 6264 	6276 	6271
f 6017 	6263 	6211
f 6265 	6264 	6271
f 6098 	6155 	6266
f 6169 	6098 	6266
f 6290 	6267 	6269
f 6209 	6019 	6270
f 6266 	6271 	6279
f 6265 	6271 	6266
f 6019 	6025 	6270
f 6173 	6169 	6266
f 6268 	6211 	6263
f 6263 	6437 	6268
f 6266 	6279 	6173
f 6268 	6437 	6210
f 6274 	6269 	6267
f 6272 	6274 	6275
f 6267 	6275 	6274
f 6247 	6051 	6248
f 5857 	6280 	6281
f 6247 	6246 	6051
f 6246 	198 	202
f 6281 	6283 	6286
f 5490 	5489 	6285
f 6280 	6283 	6281
f 202 	220 	6246
f 6285 	6284 	5490
f 5489 	6282 	6285
f 2498 	2052 	2045
f 6282 	6277 	6285
f 5485 	5490 	6284
f 6409 	6267 	6237
f 6236 	6241 	6240
f 6237 	6244 	6409
f 6267 	6409 	6275
f 5485 	6284 	6459
f 6267 	6035 	6237
f 6290 	6059 	6267
f 6267 	6059 	6035
f 6272 	6273 	6278
f 6168 	6236 	6289
f 6285 	6288 	6284
f 6278 	6292 	6274
f 6288 	6461 	6284
f 6272 	6278 	6274
f 6232 	6168 	6289
f 6290 	6291 	6254
f 6285 	6277 	6288
f 6240 	6289 	6236
f 6292 	6278 	6303
f 6240 	6293 	6289
f 6269 	6292 	6295
f 6168 	6163 	4488
f 6236 	6168 	4488
f 6277 	6282 	6294
f 6292 	6291 	6295
f 6293 	6240 	442
f 6294 	6296 	6277
f 6205 	6294 	461
f 6291 	6290 	6295
f 6205 	6296 	6294
f 6295 	6290 	6269
f 4485 	7405 	6236
f 6269 	6274 	6292
f 6299 	6291 	6302
f 6299 	6300 	6291
f 6236 	4488 	4485
f 6258 	6291 	6259
f 6300 	6259 	6291
f 6258 	6254 	6291
f 6188 	6117 	6255
f 2443 	6248 	6051
f 6109 	6255 	6117
f 6290 	6254 	6059
f 6248 	2443 	2488
f 199 	198 	2488
f 6300 	6301 	6259
f 6676 	6172 	6252
f 6219 	6207 	6136
f 6159 	6172 	6676
f 6300 	6299 	6301
f 6221 	6219 	6137
f 6142 	6221 	6137
f 6227 	6228 	6221
f 6303 	6302 	6291
f 6227 	6221 	6142
f 5088 	6308 	6304
f 6302 	6303 	6529
f 6291 	6292 	6303
f 5077 	5089 	6304
f 6302 	6307 	6299
f 6310 	6243 	6326
f 6311 	6243 	6310
f 6312 	6309 	6304
f 6304 	6308 	6312
f 6309 	5873 	6304
f 5092 	6343 	6308
f 5813 	5823 	6314
f 6314 	6370 	5813
f 6311 	6310 	6216
f 6315 	5817 	4211
f 6315 	6313 	5816
f 3670 	6305 	6318
f 6318 	6305 	6319
f 6321 	6179 	6176
f 6286 	6283 	6287
f 6279 	6176 	6173
f 6329 	951 	955
f 908 	6179 	6321
f 955 	1213 	6344
f 6276 	6279 	6271
f 955 	6344 	6320
f 6279 	6276 	6321
f 6321 	6276 	908
f 6318 	6319 	4186
f 6279 	6321 	6176
f 5770 	6319 	5632
f 6319 	5633 	5632
f 6329 	955 	6320
f 6319 	6305 	5633
f 6280 	6287 	6283
f 6103 	6324 	6331
f 6332 	6103 	6331
f 6103 	6149 	6328
f 6323 	6281 	6286
f 6323 	5848 	5858
f 6323 	5858 	6281
f 6208 	6213 	6326
f 6327 	6280 	5857
f 4543 	4539 	6328
f 6310 	6230 	6216
f 4539 	4546 	6328
f 6328 	4546 	6324
f 6212 	6230 	6310
f 6287 	6280 	6327
f 6331 	6324 	4546
f 6320 	6287 	6329
f 6287 	6327 	6329
f 6323 	6286 	6148
f 6323 	6148 	5989
f 6340 	6286 	6287
f 4543 	6328 	4290
f 6335 	6387 	6333
f 6340 	6148 	6286
f 6331 	4546 	4549
f 6333 	1116 	6335
f 6323 	5989 	5848
f 6329 	6327 	949
f 6326 	6212 	6310
f 6336 	6317 	5063
f 6213 	6212 	6326
f 5066 	6336 	5063
f 6335 	1116 	1130
f 5066 	5003 	6153
f 5857 	671 	6327
f 6327 	671 	664
f 6478 	5065 	6317
f 6334 	5006 	5007
f 664 	684 	6327
f 6080 	6078 	6337
f 6076 	6080 	6337
f 6329 	949 	951
f 6340 	6377 	6218
f 6340 	6367 	6377
f 6216 	1190 	6311
f 6154 	6076 	6337
f 4872 	5006 	6334
f 6336 	6338 	6341
f 5007 	6353 	6334
f 6335 	1130 	6342
f 6340 	6287 	6344
f 6334 	6335 	6342
f 6334 	6342 	4872
f 6340 	6218 	6148
f 6340 	6344 	1217
f 6344 	1213 	1222
f 6340 	1217 	1237
f 6353 	5007 	6345
f 6320 	6344 	6287
f 1222 	1217 	6344
f 5007 	6351 	6345
f 6348 	6349 	6345
f 6350 	6348 	6345
f 6351 	6350 	6345
f 6353 	6345 	6349
f 6316 	6317 	6336
f 5007 	5009 	6351
f 6298 	6316 	6336
f 6298 	6336 	6341
f 6220 	6357 	6146
f 6357 	6356 	6146
f 6338 	6355 	6341
f 6356 	6095 	6146
f 6397 	6349 	6348
f 6768 	6408 	6355
f 6220 	6352 	6357
f 6330 	6348 	6350
f 6298 	6355 	6408
f 6298 	6341 	6355
f 6128 	6095 	6356
f 6337 	6078 	6685
f 6309 	6347 	6346
f 6389 	6352 	6358
f 6351 	5052 	6350
f 6349 	6397 	6353
f 6347 	6364 	6346
f 6348 	6330 	6397
f 6350 	6652 	6330
f 6309 	6312 	6347
f 6354 	6358 	6352
f 5873 	6309 	5877
f 5873 	5077 	6304
f 6363 	6330 	6322
f 6397 	6330 	6363
f 6354 	6377 	6368
f 6363 	6322 	6361
f 6363 	6361 	6362
f 6359 	6366 	6367
f 6362 	6361 	6360
f 6358 	6354 	6368
f 6366 	6382 	6367
f 6308 	6365 	6312
f 6366 	6358 	6382
f 6340 	1237 	6359
f 6365 	6308 	6343
f 6347 	6312 	6365
f 6375 	6347 	6365
f 6370 	6314 	6313
f 6372 	1264 	6373
f 6370 	6313 	6315
f 4211 	5813 	6370
f 6387 	1264 	1267
f 6315 	4211 	6370
f 6272 	6313 	6411
f 1190 	1188 	6311
f 6499 	6103 	6332
f 1188 	6339 	6311
f 6243 	6311 	6339
f 6331 	6416 	6332
f 6377 	6367 	6368
f 6103 	6328 	6324
f 5995 	6218 	6377
f 6220 	5995 	6377
f 6354 	6220 	6377
f 6464 	5997 	5958
f 6340 	6359 	6367
f 5958 	6381 	6379
f 6382 	6368 	6367
f 1264 	6372 	1254
f 6382 	6358 	6368
f 6380 	6384 	6383
f 6332 	6380 	6383
f 6388 	6335 	6369
f 6373 	1264 	6388
f 1267 	1247 	6387
f 6128 	6356 	6386
f 6387 	1247 	6333
f 6357 	6352 	6386
f 6336 	5066 	6154
f 6388 	6369 	6373
f 5066 	6153 	6154
f 6357 	6386 	6356
f 6154 	6337 	6338
f 6336 	6154 	6338
f 6379 	6239 	6230
f 6375 	6306 	6364
f 6239 	6379 	6381
f 4448 	4238 	6139
f 6230 	6464 	6379
f 6375 	6364 	6347
f 6389 	6385 	6386
f 6352 	6389 	6386
f 6381 	5958 	5992
f 6375 	6401 	6306
f 6381 	4503 	6378
f 6375 	6365 	6447
f 4448 	6139 	6385
f 6381 	5992 	4503
f 6386 	6139 	6128
f 6386 	6385 	6139
f 6392 	6359 	1237
f 6335 	6388 	6387
f 6362 	6360 	6407
f 6385 	6394 	4448
f 5302 	6398 	6395
f 6399 	6397 	6362
f 6136 	6306 	6401
f 6210 	6371 	6209
f 6362 	6397 	6363
f 6383 	6384 	6490
f 6296 	6205 	6121
f 6397 	6399 	6353
f 6383 	6325 	6332
f 6471 	6297 	6374
f 6297 	6296 	6121
f 6374 	6297 	6121
f 6374 	6371 	6471
f 6404 	6403 	620
f 620 	685 	6404
f 6405 	6384 	6380
f 6404 	6406 	6403
f 6078 	6165 	6685
f 6376 	6372 	6410
f 6272 	6411 	6273
f 6407 	6376 	6410
f 6409 	5788 	5816
f 1430 	6372 	6376
f 6408 	6768 	6641
f 6313 	6275 	6409
f 6272 	6275 	6313
f 5816 	5817 	6315
f 6407 	6399 	6362
f 6409 	5816 	6313
f 6405 	6413 	6384
f 6410 	6369 	6412
f 6412 	6369 	6335
f 6410 	6399 	6407
f 6410 	6412 	6399
f 6380 	6415 	6423
f 6334 	6353 	6412
f 6416 	6415 	6380
f 6414 	6273 	6411
f 6380 	6332 	6416
f 6399 	6412 	6353
f 6335 	6334 	6412
f 6410 	6372 	6373
f 6380 	6423 	6432
f 6369 	6410 	6373
f 6416 	4537 	4709
f 4549 	6416 	6331
f 6418 	6516 	6419
f 6407 	6421 	6420
f 6422 	5822 	5963
f 6407 	6425 	6376
f 6431 	6415 	6416
f 6431 	6416 	4713
f 1428 	6424 	6434
f 6434 	6424 	6425
f 6418 	6419 	286
f 6425 	6424 	6376
f 4709 	4713 	6416
f 286 	293 	6418
f 6424 	1430 	6376
f 293 	6417 	6418
f 6294 	6403 	6406
f 6294 	6282 	6403
f 6426 	6384 	6413
f 6404 	6161 	6406
f 6161 	6294 	6406
f 6427 	4698 	369
f 6420 	6425 	6407
f 6403 	6282 	5489
f 6479 	6427 	6428
f 6403 	5489 	4284
f 6784 	6420 	6421
f 6429 	6437 	6263
f 6426 	6413 	6428
f 6423 	6415 	6431
f 6782 	6784 	6421
f 6360 	6421 	6407
f 6423 	6431 	6427
f 6479 	6413 	6405
f 6263 	3513 	6429
f 6435 	6429 	3870
f 6434 	6433 	6438
f 6425 	6420 	6433
f 6432 	6427 	6479
f 6433 	6434 	6425
f 6423 	6427 	6432
f 6428 	360 	366
f 369 	360 	6428
f 6428 	6427 	369
f 3968 	6488 	6435
f 3968 	6435 	3870
f 6793 	1212 	6449
f 6436 	6435 	6488
f 6428 	366 	6426
f 6430 	6371 	6210
f 6210 	6437 	6430
f 6437 	6435 	6440
f 6440 	6435 	6436
f 6436 	6437 	6440
f 6436 	6430 	6437
f 6401 	6395 	6133
f 6435 	6437 	6429
f 6401 	6133 	6136
f 6441 	6277 	6296
f 6288 	6277 	6441
f 5353 	6445 	5352
f 5353 	6395 	6445
f 6444 	6433 	6439
f 6450 	6445 	6395
f 6444 	6438 	6433
f 6297 	6441 	6296
f 6446 	6442 	6443
f 6395 	6401 	6447
f 6446 	6448 	6442
f 6453 	6343 	5445
f 1439 	6434 	6438
f 1439 	6438 	1440
f 6396 	6389 	6358
f 6396 	6358 	6366
f 1208 	1223 	6449
f 6400 	6359 	6392
f 6447 	6450 	6395
f 6366 	6359 	6400
f 6400 	6396 	6366
f 1223 	1210 	6449
f 1210 	6451 	6449
f 6445 	6453 	5436
f 1212 	1215 	6449
f 1239 	1238 	6400
f 6449 	1215 	1208
f 1239 	6400 	6392
f 6365 	6450 	6447
f 6394 	6385 	6389
f 6451 	6438 	6444
f 6452 	6455 	6396
f 6400 	6452 	6396
f 6449 	6451 	6439
f 6444 	6439 	6451
f 1238 	6452 	6400
f 6365 	6343 	6453
f 6455 	6452 	4478
f 6450 	6365 	6453
f 6452 	1238 	4478
f 6401 	6375 	6447
f 6454 	6391 	6390
f 6450 	6453 	6445
f 6454 	6393 	6402
f 6394 	4478 	4450
f 6394 	4450 	4448
f 6402 	6391 	6454
f 6455 	6394 	6389
f 5436 	6453 	5445
f 6391 	6402 	6456
f 6456 	6402 	6213
f 6455 	6389 	6396
f 1239 	6392 	1237
f 6398 	6133 	6395
f 5352 	6445 	5436
f 6441 	6442 	6448
f 6461 	6459 	6284
f 6456 	6213 	6208
f 6461 	5505 	6459
f 6208 	6496 	6456
f 6460 	6796 	5909
f 6463 	5909 	5911
f 6463 	6460 	5909
f 6393 	6464 	6212
f 6462 	5505 	6461
f 5911 	2235 	6463
f 6212 	6213 	6393
f 6448 	6446 	6461
f 6463 	2238 	6460
f 6454 	6467 	6393
f 6454 	5998 	6467
f 2235 	2238 	6463
f 6393 	6467 	6464
f 6214 	6309 	6346
f 6204 	6309 	6214
f 6213 	6402 	6393
f 5877 	6309 	6204
f 5505 	6462 	5506
f 5877 	6204 	5722
f 6462 	6461 	6491
f 6491 	6461 	6446
f 6306 	6207 	6214
f 6441 	6448 	6461
f 5958 	6379 	6464
f 6288 	6441 	6461
f 6306 	6214 	6364
f 6364 	6214 	6346
f 6297 	6465 	6441
f 6443 	6442 	6466
f 6983 	2238 	2241
f 6464 	6467 	5997
f 6460 	2238 	6983
f 6467 	5998 	5997
f 6468 	6469 	6470
f 6016 	6030 	6390
f 6469 	6465 	6471
f 6471 	6465 	6297
f 6624 	6016 	6390
f 6983 	2241 	6472
f 6983 	6472 	6984
f 6371 	6430 	6471
f 6238 	6378 	4396
f 6378 	6239 	6381
f 6238 	6239 	6378
f 6472 	2250 	6473
f 6476 	6475 	1395
f 6472 	6473 	2777
f 6436 	6470 	6474
f 6470 	6469 	6474
f 6466 	6468 	6618
f 6476 	6477 	6475
f 6475 	1589 	1398
f 6469 	6471 	6430
f 6474 	6469 	6430
f 6442 	6468 	6466
f 6469 	6468 	6465
f 6478 	6316 	6298
f 6474 	6430 	6436
f 6442 	6441 	6465
f 6465 	6468 	6442
f 6634 	6480 	3954
f 3954 	6489 	3968
f 6428 	6413 	6479
f 6479 	6405 	6380
f 6432 	6479 	6380
f 3954 	5026 	6634
f 6489 	6488 	3968
f 6384 	6426 	6483
f 6485 	6480 	6668
f 6483 	6426 	380
f 6482 	6484 	6481
f 380 	378 	6486
f 6476 	6484 	6477
f 380 	6487 	6483
f 6485 	6436 	6488
f 6485 	6470 	6436
f 6489 	6485 	6488
f 6480 	6485 	6489
f 6486 	6487 	380
f 6384 	6483 	6490
f 3954 	6480 	6489
f 6501 	6325 	6383
f 5517 	5516 	6491
f 5506 	6491 	5513
f 6491 	5516 	5513
f 6491 	6494 	5517
f 6493 	6495 	6496
f 6446 	6494 	6491
f 366 	380 	6426
f 6483 	6487 	6490
f 5506 	6462 	6491
f 6495 	6497 	6496
f 379 	6486 	378
f 6498 	6443 	6466
f 6104 	6103 	6499
f 6494 	6498 	6616
f 1439 	1428 	6434
f 6499 	6110 	6104
f 6490 	6487 	6500
f 1210 	1441 	1440
f 6443 	6498 	6494
f 6446 	6443 	6494
f 6645 	6640 	6494
f 6438 	6451 	1210
f 6500 	6501 	6490
f 6499 	6325 	6501
f 6438 	1210 	1440
f 6466 	6618 	6498
f 6110 	6499 	6501
f 6383 	6490 	6501
f 6458 	6457 	6503
f 6332 	6325 	6499
f 270 	6458 	267
f 6502 	5770 	6159
f 6458 	271 	267
f 6501 	6500 	6110
f 6503 	271 	6458
f 6500 	6487 	6158
f 6505 	6457 	6504
f 6487 	6486 	6158
f 6502 	6506 	6507
f 6486 	379 	6164
f 6164 	379 	6166
f 6179 	908 	6937
f 6504 	270 	6751
f 6457 	6458 	6504
f 6533 	6544 	5042
f 6264 	6166 	907
f 270 	6504 	6458
f 907 	908 	6276
f 6317 	6316 	6478
f 6509 	6533 	5043
f 6457 	6505 	6511
f 6511 	6503 	6457
f 6512 	6513 	6539
f 6523 	6414 	6411
f 6478 	6298 	6513
f 6422 	6419 	5822
f 6513 	6510 	6478
f 6538 	6523 	6418
f 6493 	6496 	6208
f 6472 	2777 	6984
f 6523 	6516 	6418
f 6538 	6418 	6417
f 6473 	2781 	2777
f 2863 	2781 	6473
f 6493 	6492 	6517
f 2763 	2250 	2243
f 6518 	5822 	6515
f 2250 	2763 	6473
f 6411 	6313 	6518
f 6519 	6506 	6508
f 6313 	6314 	6525
f 6521 	6520 	6522
f 6515 	6411 	6518
f 6528 	6522 	6520
f 6528 	6520 	2992
f 6523 	6515 	6516
f 6520 	6532 	6531
f 6520 	6521 	6532
f 6520 	6531 	3085
f 6411 	6515 	6523
f 2921 	6528 	2992
f 5822 	6516 	6515
f 6524 	6521 	6522
f 6508 	6534 	6519
f 6525 	5823 	5822
f 5822 	6419 	6516
f 5822 	6518 	6525
f 6526 	6524 	6522
f 286 	6419 	281
f 6419 	6422 	281
f 6507 	6506 	6519
f 281 	6422 	256
f 6570 	6526 	6522
f 6518 	6313 	6525
f 6314 	5823 	6525
f 6536 	6530 	6529
f 6527 	6526 	6570
f 6302 	6529 	6530
f 5401 	2918 	2314
f 6509 	4186 	6514
f 6307 	6302 	6530
f 5042 	5041 	6533
f 5260 	6478 	6510
f 6273 	6414 	6529
f 6507 	6533 	6514
f 6278 	6273 	6529
f 6303 	6278 	6529
f 6513 	6512 	6510
f 6507 	6519 	6533
f 6530 	6536 	6537
f 6514 	6533 	6509
f 6298 	6408 	6513
f 6537 	6536 	6542
f 6542 	6536 	6535
f 6529 	6414 	6538
f 6408 	6554 	6513
f 6417 	6535 	6536
f 6507 	6319 	6502
f 6538 	6417 	6536
f 6514 	4186 	6319
f 6414 	6523 	6538
f 6507 	6514 	6319
f 6529 	6538 	6536
f 566 	6535 	564
f 6535 	6417 	293
f 6319 	5770 	6502
f 293 	564 	6535
f 566 	269 	6541
f 6542 	6535 	566
f 6737 	6783 	6534
f 6541 	6542 	566
f 6543 	6539 	6554
f 269 	810 	6541
f 6537 	6542 	6541
f 810 	811 	6541
f 6544 	5048 	5047
f 6541 	6928 	6537
f 6537 	6928 	6530
f 6493 	6517 	6495
f 6961 	6540 	6963
f 6517 	6568 	6495
f 6512 	6543 	6540
f 6546 	6547 	6545
f 6481 	6568 	6517
f 4456 	6545 	6547
f 6546 	6545 	6047
f 6492 	6493 	6208
f 6047 	6567 	6546
f 6276 	6264 	907
f 4456 	6547 	6548
f 6166 	379 	907
f 6492 	6208 	6326
f 6482 	6481 	6517
f 6482 	6517 	6492
f 5201 	5204 	6549
f 6551 	6550 	6546
f 6547 	6546 	6550
f 6543 	6554 	6555
f 6539 	6513 	6554
f 6556 	6540 	6543
f 6550 	6551 	6565
f 6557 	1427 	2134
f 6512 	6539 	6543
f 6557 	6476 	1395
f 6543 	6555 	6556
f 6567 	6551 	6546
f 6558 	6540 	6556
f 6561 	6562 	6560
f 6563 	6062 	6562
f 6561 	6564 	6563
f 1395 	1424 	6557
f 6567 	6563 	6564
f 6562 	6561 	6563
f 6559 	6561 	6560
f 6560 	6562 	6054
f 6476 	6557 	6553
f 6557 	6552 	6553
f 2134 	2070 	6557
f 6557 	2070 	6552
f 6567 	6062 	6563
f 6064 	6062 	6567
f 6565 	6564 	6561
f 6570 	2922 	2918
f 2918 	5401 	6570
f 6551 	6564 	6565
f 6551 	6567 	6564
f 6568 	6569 	6495
f 6495 	6569 	6497
f 6054 	6261 	6560
f 2922 	6522 	6528
f 6484 	6482 	6573
f 6573 	6566 	6475
f 6243 	6566 	6573
f 6573 	6482 	6243
f 6574 	6572 	4640
f 6477 	6484 	6573
f 6574 	6571 	6572
f 1187 	6566 	6339
f 4456 	6575 	4646
f 6566 	6243 	6339
f 6575 	4638 	4646
f 6477 	6573 	6475
f 6243 	6492 	6326
f 4456 	6548 	6575
f 6574 	6575 	6548
f 6574 	4640 	6575
f 6574 	6548 	6547
f 6482 	6492 	6243
f 6550 	6574 	6547
f 6574 	6550 	6571
f 6580 	6579 	6550
f 6553 	6577 	6576
f 6565 	6561 	6580
f 6561 	6559 	6580
f 6577 	6581 	6576
f 6579 	6580 	6559
f 6550 	6579 	6582
f 6476 	6553 	6576
f 6550 	6565 	6580
f 6582 	6579 	6578
f 6576 	6481 	6484
f 6584 	6571 	6583
f 6476 	6576 	6484
f 6481 	6576 	6568
f 6576 	6569 	6568
f 6572 	6571 	6585
f 6571 	6584 	6585
f 6586 	6569 	6581
f 4640 	6572 	4679
f 6583 	6587 	6584
f 6584 	6588 	6249
f 6584 	6249 	4248
f 6503 	6511 	6589
f 6583 	6571 	6550
f 6584 	4248 	6585
f 4248 	2600 	6585
f 6588 	4305 	4265
f 6503 	6590 	6733
f 6790 	4305 	6588
f 6584 	6587 	6588
f 6733 	295 	6503
f 295 	271 	6503
f 6589 	6590 	6503
f 6583 	6550 	6582
f 6733 	4691 	4775
f 4691 	6733 	6590
f 6590 	6593 	4691
f 6587 	6583 	6578
f 6582 	6578 	6583
f 6593 	6590 	6589
f 6511 	6591 	6589
f 6560 	6592 	6559
f 6595 	4708 	6596
f 6560 	6261 	6592
f 6594 	6592 	6262
f 6596 	4691 	6593
f 6589 	6591 	6593
f 6581 	6569 	6576
f 6638 	6586 	6581
f 6497 	6569 	6586
f 6497 	6586 	6628
f 6579 	6598 	6578
f 6390 	6391 	6601
f 6599 	6600 	6594
f 6599 	6602 	6600
f 6592 	6598 	6559
f 6601 	6624 	6390
f 6559 	6598 	6579
f 6598 	6592 	6594
f 6603 	6496 	6497
f 6600 	6887 	6604
f 6598 	6600 	6604
f 6607 	6496 	6603
f 6391 	6456 	6496
f 6605 	6299 	6307
f 6599 	6605 	6602
f 6603 	6497 	6606
f 6578 	6598 	6604
f 6598 	6594 	6600
f 6578 	6604 	6597
f 6549 	5214 	5201
f 6609 	6608 	6610
f 6606 	6611 	6603
f 6601 	6607 	6603
f 6607 	6601 	6391
f 6496 	6607 	6391
f 6611 	6601 	6603
f 6614 	6613 	6184
f 6619 	6498 	6618
f 6498 	6619 	6616
f 6614 	6620 	6613
f 6485 	6618 	6470
f 6621 	6617 	6620
f 6485 	6668 	6618
f 6617 	6613 	6620
f 6621 	6630 	6617
f 6618 	6468 	6470
f 6601 	6621 	6624
f 6621 	6620 	6624
f 6625 	6624 	6620
f 5025 	5029 	6626
f 6625 	6620 	6614
f 5029 	6687 	6626
f 5584 	5515 	6627
f 6624 	6187 	6016
f 6627 	5515 	5516
f 6601 	6611 	6621
f 6625 	6187 	6624
f 5638 	6627 	6622
f 5585 	5584 	6627
f 5638 	5585 	6627
f 5516 	5517 	6627
f 6640 	6622 	6627
f 6606 	6629 	6631
f 6634 	6670 	6480
f 6632 	6630 	6621
f 6621 	6611 	6632
f 6633 	6634 	6626
f 6631 	6632 	6611
f 6633 	6670 	6634
f 6611 	6606 	6631
f 6606 	6497 	6628
f 6629 	6606 	6628
f 6626 	6634 	5026
f 6635 	6632 	6631
f 6635 	6629 	6639
f 6631 	6629 	6635
f 6628 	6586 	6638
f 6638 	6647 	6639
f 6554 	6771 	6555
f 5517 	6494 	6640
f 6628 	6638 	6629
f 6663 	6623 	6642
f 6636 	6639 	6637
f 2922 	6570 	6522
f 2922 	6528 	2921
f 6642 	6643 	6663
f 6640 	6645 	6643
f 6648 	6649 	6646
f 6638 	6581 	6644
f 6648 	6694 	6650
f 6616 	6643 	6645
f 6642 	6640 	6643
f 6645 	6494 	6616
f 6642 	6623 	6695
f 5052 	5048 	6652
f 6648 	6646 	6651
f 6642 	6695 	6622
f 6622 	6640 	6642
f 6533 	6653 	6544
f 6609 	6612 	6654
f 6554 	6408 	6641
f 5333 	6608 	6654
f 5047 	5042 	6544
f 6609 	6654 	6608
f 6641 	6771 	6554
f 6654 	6612 	6615
f 6652 	6322 	6330
f 6544 	6653 	5048
f 6350 	5052 	6652
f 6596 	6593 	6658
f 6511 	6677 	6591
f 6593 	6591 	6660
f 5333 	6654 	6655
f 6593 	6660 	6658
f 6655 	6654 	6615
f 6725 	6659 	6661
f 6677 	6511 	6505
f 6677 	6660 	6591
f 6653 	6519 	6534
f 6627 	5517 	6640
f 5048 	6322 	6652
f 6783 	6653 	6534
f 6666 	6653 	6783
f 6666 	5048 	6653
f 6666 	6322 	5048
f 6651 	6699 	6648
f 6668 	6664 	6619
f 6361 	6322 	6666
f 6664 	6668 	6667
f 6618 	6668 	6619
f 6533 	6519 	6653
f 6643 	6616 	6669
f 6768 	6355 	6665
f 6643 	6670 	6663
f 6665 	6355 	6338
f 6672 	6673 	6671
f 6669 	6670 	6643
f 6616 	6664 	6669
f 6665 	6656 	6661
f 6674 	6665 	6661
f 6664 	6616 	6619
f 5093 	6650 	6694
f 6650 	6649 	6648
f 6667 	6480 	6670
f 6668 	6480 	6667
f 6650 	5094 	6649
f 6667 	6670 	6669
f 6669 	6664 	6667
f 6678 	5409 	5410
f 6502 	6159 	6681
f 6527 	5409 	6678
f 6527 	6678 	6694
f 6681 	6676 	6675
f 6682 	6683 	6622
f 6671 	6506 	6672
f 2965 	6679 	6702
f 6502 	6672 	6506
f 6674 	6661 	6659
f 6675 	6672 	6681
f 6159 	6676 	6681
f 6685 	6665 	6337
f 6665 	6685 	6656
f 6665 	6338 	6337
f 6687 	6686 	6690
f 6673 	6688 	6671
f 6165 	6167 	6685
f 6671 	6688 	6508
f 6690 	6689 	6687
f 6671 	6508 	6506
f 6647 	6637 	6639
f 5401 	5409 	6527
f 5401 	6527 	6570
f 6693 	6692 	6689
f 6623 	6689 	6695
f 6527 	6694 	6526
f 6700 	6689 	6623
f 6694 	6524 	6526
f 6687 	6633 	6626
f 6694 	6678 	5093
f 6684 	5638 	6683
f 6682 	6680 	6679
f 6638 	6644 	6647
f 6684 	6682 	6679
f 6683 	6682 	6684
f 6684 	5585 	5638
f 6644 	6581 	7081
f 6697 	6532 	6521
f 6703 	6635 	6639
f 6683 	5638 	6622
f 6682 	6692 	6680
f 6682 	6695 	6689
f 6648 	6699 	6696
f 6622 	6695 	6682
f 6638 	6639 	6629
f 6696 	6697 	6521
f 6682 	6689 	6692
f 6521 	6524 	6696
f 6694 	6696 	6524
f 6693 	6689 	6690
f 6687 	6700 	6633
f 6670 	6700 	6663
f 6687 	6689 	6700
f 6700 	6623 	6663
f 6698 	6701 	6699
f 6670 	6633 	6700
f 6691 	6685 	6167
f 6702 	5177 	3151
f 6691 	6656 	6685
f 6702 	6704 	5177
f 6703 	6636 	6705
f 6636 	6637 	6705
f 6680 	6692 	6706
f 6691 	6657 	6656
f 6702 	6706 	6704
f 6703 	6639 	6636
f 6710 	6704 	6706
f 6702 	6679 	6706
f 6679 	6680 	6706
f 6696 	6694 	6648
f 6705 	7131 	6703
f 6635 	6703 	6630
f 6704 	5185 	5177
f 6703 	6708 	6709
f 6710 	5185 	6704
f 6655 	6662 	5333
f 6898 	6711 	6707
f 6703 	6709 	6630
f 5338 	5333 	6662
f 7131 	6708 	6703
f 6707 	6711 	6712
f 6630 	6632 	6635
f 6674 	6772 	6768
f 5327 	6608 	5333
f 6709 	7308 	6630
f 6657 	6691 	6232
f 6608 	5346 	6713
f 1583 	6713 	5346
f 1583 	5346 	1167
f 6608 	6713 	6610
f 6232 	6289 	6714
f 6657 	6232 	6714
f 5327 	5346 	6608
f 6713 	6759 	6610
f 3477 	6713 	1583
f 6718 	6615 	6612
f 6615 	6718 	6655
f 6735 	6726 	441
f 6722 	6718 	6719
f 6723 	6716 	6720
f 6723 	6720 	7011
f 6656 	6657 	6725
f 1740 	6717 	6723
f 7011 	1740 	6723
f 6727 	6716 	6723
f 6735 	441 	445
f 6717 	6727 	6723
f 6113 	6715 	6716
f 6727 	6113 	6716
f 441 	6726 	442
f 6728 	5215 	5214
f 6727 	1000 	1001
f 6293 	442 	6726
f 6662 	6730 	5204
f 6727 	6717 	1000
f 6662 	6655 	6718
f 6658 	6595 	6596
f 6718 	6730 	6662
f 6728 	6718 	6736
f 6718 	6722 	6736
f 6659 	6725 	6732
f 6729 	6718 	6728
f 6688 	6534 	6508
f 6718 	6729 	6730
f 6549 	5204 	6730
f 5214 	6549 	6729
f 6673 	6672 	6675
f 6728 	5214 	6729
f 6731 	6726 	6735
f 6549 	6730 	6729
f 6728 	5620 	5215
f 445 	444 	6735
f 6737 	6673 	6734
f 6735 	444 	6748
f 6721 	6736 	6722
f 6737 	6688 	6673
f 6252 	6746 	6676
f 6656 	6725 	6661
f 6657 	6714 	6740
f 6725 	6657 	6740
f 6740 	6750 	6725
f 6502 	6681 	6672
f 6718 	6612 	6739
f 6711 	6742 	6712
f 6701 	6707 	6712
f 6741 	6612 	6609
f 6534 	6688 	6737
f 6742 	6531 	6532
f 6739 	6744 	6738
f 6739 	6612 	6744
f 6742 	6532 	6712
f 6195 	6743 	6203
f 6676 	6745 	6675
f 6744 	6612 	6741
f 6676 	6746 	6745
f 6532 	6697 	6712
f 6696 	6699 	6697
f 6701 	6712 	6697
f 6738 	6747 	7137
f 6675 	6745 	6673
f 6610 	6741 	6609
f 6746 	6252 	6203
f 6750 	6740 	6731
f 6740 	6714 	6289
f 6740 	6289 	6731
f 6289 	6293 	6731
f 6743 	6746 	6203
f 6726 	6731 	6293
f 6743 	1801 	6746
f 1804 	6745 	6746
f 6753 	6732 	6724
f 6748 	6750 	6735
f 6733 	4775 	227
f 295 	6733 	227
f 6750 	6732 	6725
f 6735 	6750 	6731
f 6724 	6750 	6748
f 6732 	6750 	6724
f 6751 	270 	268
f 268 	388 	6751
f 6753 	6659 	6732
f 6610 	6749 	6741
f 5599 	2345 	990
f 6659 	6753 	6674
f 4091 	2345 	5599
f 4852 	6754 	640
f 6754 	6757 	640
f 6756 	6752 	6747
f 5234 	411 	6758
f 6747 	6738 	6756
f 6699 	6701 	6697
f 6744 	6741 	6756
f 6701 	6698 	6707
f 6744 	6756 	6738
f 6758 	4855 	5234
f 6713 	3477 	6759
f 6758 	6760 	4855
f 6757 	6761 	6755
f 6749 	6610 	6759
f 642 	6757 	6755
f 6762 	6749 	6759
f 6760 	6758 	439
f 6760 	439 	6764
f 627 	6935 	6763
f 6748 	444 	6763
f 6766 	6745 	1804
f 6935 	6724 	6763
f 6766 	1804 	1803
f 6724 	6935 	6753
f 1056 	6759 	3477
f 6674 	6768 	6665
f 6765 	6762 	6759
f 6765 	6759 	1056
f 6748 	6763 	6724
f 6749 	6762 	6741
f 6764 	6761 	6757
f 6762 	6756 	6741
f 6757 	4855 	6760
f 6760 	6764 	6757
f 554 	6761 	6764
f 6762 	6752 	6756
f 4855 	6757 	6754
f 6754 	4851 	4855
f 6771 	6772 	6923
f 6754 	4852 	4851
f 6774 	7146 	6752
f 6752 	6762 	6774
f 6755 	6761 	558
f 6774 	6762 	6765
f 6775 	3093 	3085
f 3085 	6778 	6775
f 657 	6755 	558
f 6776 	6777 	6779
f 3085 	6531 	6778
f 6777 	6776 	6780
f 6772 	6770 	6773
f 6766 	6673 	6745
f 6734 	6673 	6766
f 6734 	6766 	6769
f 6771 	6768 	6772
f 6786 	6600 	6602
f 6605 	6307 	6602
f 6781 	6782 	6783
f 6711 	3184 	6787
f 6782 	6421 	6360
f 6301 	6599 	6594
f 6301 	6299 	6599
f 3182 	3184 	6989
f 6785 	3097 	6775
f 6299 	6605 	6599
f 6785 	3099 	3097
f 3097 	3093 	6775
f 6778 	6785 	6775
f 6801 	6781 	6783
f 3191 	3099 	6785
f 6787 	6788 	6711
f 6433 	6784 	6439
f 6789 	6922 	6786
f 6433 	6420 	6784
f 6789 	6602 	6307
f 6853 	6782 	6781
f 6711 	6788 	6742
f 6360 	6361 	6783
f 6787 	3184 	6785
f 6666 	6783 	6361
f 6789 	6786 	6602
f 3191 	6785 	3184
f 6782 	6360 	6783
f 6778 	6788 	6787
f 6782 	6853 	6784
f 6742 	6788 	6778
f 6778 	6787 	6785
f 6890 	6889 	6790
f 6769 	1808 	6795
f 6531 	6742 	6778
f 1808 	1816 	6795
f 5178 	6797 	5044
f 5044 	6797 	6686
f 6798 	6769 	6795
f 5187 	6710 	5178
f 6710 	5187 	5185
f 6801 	6798 	6795
f 5883 	6796 	6800
f 6801 	6734 	6798
f 6692 	6693 	6706
f 6795 	6794 	6799
f 5886 	5885 	6802
f 6797 	6690 	6686
f 1813 	6794 	6795
f 6799 	6801 	6795
f 5885 	5883 	6802
f 6690 	6797 	6706
f 6690 	6706 	6693
f 6802 	5883 	6800
f 6706 	6797 	6710
f 6794 	6793 	6799
f 6793 	6794 	1814
f 6803 	1673 	1674
f 6803 	2766 	1673
f 6764 	439 	554
f 6803 	5952 	5951
f 5232 	5246 	6804
f 3601 	6803 	5951
f 5246 	5256 	6804
f 6822 	6804 	5256
f 6804 	6807 	419
f 1941 	1000 	6717
f 6808 	4727 	6810
f 1001 	6120 	6727
f 6120 	6113 	6727
f 6715 	6113 	6111
f 6809 	6806 	6810
f 6806 	6808 	6810
f 7016 	7011 	6720
f 4734 	7186 	4733
f 6810 	4727 	4732
f 6804 	6822 	6807
f 6813 	419 	6807
f 6806 	6814 	6808
f 6807 	6825 	6813
f 4864 	4862 	6808
f 6825 	430 	6813
f 4864 	6808 	6814
f 6820 	6818 	6819
f 6814 	6817 	4864
f 6814 	6806 	6817
f 6816 	6820 	6819
f 4864 	6817 	1475
f 1475 	6821 	4863
f 6815 	6821 	1472
f 6818 	6807 	6822
f 6824 	6819 	6818
f 4867 	6815 	6823
f 1475 	1472 	6821
f 6824 	6818 	6822
f 6815 	1472 	6823
f 1475 	4863 	4864
f 4862 	4727 	6808
f 6817 	6806 	1476
f 6822 	5253 	6824
f 6817 	1476 	1475
f 1879 	1873 	4944
f 1873 	2830 	4944
f 1879 	4944 	4939
f 6820 	6807 	6818
f 1805 	1879 	4975
f 6823 	1472 	1802
f 4926 	4867 	6823
f 6820 	6825 	6807
f 6823 	1805 	4926
f 1805 	6823 	1802
f 6820 	6816 	6825
f 6504 	6832 	6829
f 6829 	6505 	6504
f 6504 	6751 	6832
f 6830 	7073 	6828
f 6833 	570 	426
f 6831 	6829 	6832
f 338 	6833 	6834
f 6830 	6836 	6816
f 6505 	6829 	6835
f 6829 	6831 	6835
f 430 	429 	6813
f 426 	6837 	6833
f 6828 	6827 	6833
f 6660 	6839 	6658
f 6833 	6837 	6828
f 6831 	6838 	6835
f 6843 	6842 	6838
f 6836 	6837 	6825
f 6837 	430 	6825
f 6830 	6828 	6837
f 6658 	6839 	6595
f 6836 	6830 	6837
f 6838 	6839 	6840
f 6825 	6816 	6836
f 6677 	6835 	6840
f 6833 	6827 	6834
f 6505 	6835 	6677
f 338 	570 	6833
f 6838 	6840 	6835
f 6830 	6970 	7073
f 348 	338 	6834
f 6838 	6842 	6847
f 6841 	4988 	4939
f 6838 	6826 	6843
f 6847 	6839 	6838
f 6841 	6846 	6845
f 6931 	6844 	6846
f 6677 	6840 	6660
f 6844 	6845 	6846
f 6660 	6840 	6839
f 6847 	6842 	7184
f 6841 	4933 	6846
f 1908 	6848 	6844
f 6839 	6847 	6595
f 6793 	6857 	6799
f 6826 	6838 	6850
f 6801 	6853 	6781
f 6734 	6801 	6737
f 6798 	6734 	6769
f 354 	6861 	6854
f 6783 	6737 	6801
f 6854 	6856 	6855
f 6859 	6856 	6854
f 6857 	6793 	6449
f 6449 	6439 	6857
f 6857 	6439 	6858
f 6861 	6859 	6854
f 6784 	6858 	6439
f 6853 	6858 	6784
f 6859 	6866 	6856
f 6853 	6801 	6858
f 6799 	6858 	6801
f 6799 	6857 	6858
f 5863 	6862 	5862
f 6861 	6866 	6859
f 6864 	6867 	6856
f 6768 	6771 	6641
f 6856 	6866 	6864
f 6852 	6875 	6855
f 6770 	6772 	6674
f 6855 	6867 	6852
f 6867 	6855 	6856
f 6862 	6868 	6869
f 6800 	6982 	6871
f 6865 	6868 	6862
f 6862 	5863 	6865
f 6805 	6872 	6871
f 6874 	6831 	6832
f 6874 	6838 	6831
f 5862 	6862 	6863
f 6863 	6975 	5862
f 6805 	6870 	6872
f 6885 	6877 	6873
f 6863 	6862 	6869
f 6800 	6871 	6876
f 6872 	6876 	6871
f 6832 	6875 	6874
f 6646 	6878 	6651
f 6865 	6879 	6868
f 6872 	6878 	6646
f 6880 	6651 	6878
f 6751 	6877 	6832
f 6877 	6751 	6873
f 6872 	6646 	6876
f 6865 	3110 	6882
f 6751 	388 	6873
f 3110 	3201 	6882
f 5887 	6802 	6884
f 6800 	6876 	6884
f 6882 	6879 	6865
f 6882 	6883 	6879
f 6884 	6802 	6800
f 6879 	6883 	6881
f 6884 	6876 	6646
f 392 	389 	6873
f 392 	6873 	388
f 6588 	6791 	6790
f 6790 	6792 	4305
f 6651 	6880 	6699
f 6878 	6872 	6870
f 4304 	4305 	6792
f 6883 	6882 	3201
f 6884 	6649 	5887
f 3201 	3202 	6883
f 6646 	6649 	6884
f 4300 	6889 	6911
f 6883 	3202 	7141
f 6587 	6791 	6588
f 6901 	6888 	6886
f 176 	6892 	6780
f 6888 	6879 	6881
f 6805 	6871 	6891
f 6888 	6881 	6886
f 6805 	6891 	6896
f 6973 	6907 	6906
f 6777 	6893 	6779
f 6777 	6780 	6893
f 6897 	6707 	6698
f 6707 	6897 	6898
f 6892 	6893 	6780
f 6893 	6894 	6903
f 6893 	6903 	6779
f 6897 	6698 	6880
f 6719 	6779 	6903
f 6887 	6889 	6890
f 6887 	6600 	6786
f 6890 	6604 	6887
f 6904 	6899 	6906
f 6790 	6889 	6792
f 6791 	6890 	6790
f 6597 	6890 	6791
f 6791 	6587 	6597
f 6906 	6907 	6900
f 6597 	6587 	6578
f 3559 	3558 	6905
f 6597 	6604 	6890
f 6719 	6903 	7012
f 6896 	6870 	6805
f 4304 	6792 	6889
f 6779 	6738 	6776
f 6779 	6719 	6718
f 6905 	6908 	3559
f 6779 	6739 	6738
f 4304 	6889 	4300
f 6905 	3558 	3564
f 6779 	6718 	6739
f 6909 	6911 	6912
f 6776 	6738 	7137
f 6910 	3559 	6908
f 812 	5680 	6909
f 6910 	6896 	6895
f 6910 	6908 	6897
f 6912 	6911 	6786
f 6736 	6721 	7002
f 6908 	6898 	6897
f 6919 	6909 	6918
f 7002 	6915 	6736
f 5620 	6736 	6915
f 6895 	3559 	6910
f 6728 	6736 	5620
f 6912 	6918 	6909
f 6912 	6921 	6918
f 6912 	6922 	6921
f 6916 	6925 	6917
f 812 	6909 	808
f 5649 	6915 	6914
f 6911 	6887 	6786
f 6905 	6898 	6908
f 6906 	6902 	6904
f 6916 	6927 	6925
f 6901 	6900 	6907
f 6911 	6889 	6887
f 6921 	6919 	6918
f 6912 	6786 	6922
f 6771 	6923 	6555
f 6924 	6921 	6922
f 6913 	1658 	5652
f 6307 	6924 	6789
f 6715 	6111 	6811
f 6789 	6924 	6922
f 1593 	1658 	6913
f 6923 	6772 	6773
f 6530 	6928 	6924
f 5649 	5622 	6915
f 6927 	6555 	6923
f 808 	6909 	6919
f 6927 	6923 	6925
f 811 	808 	6928
f 6924 	6307 	6530
f 6926 	6811 	6812
f 6914 	5662 	5649
f 6928 	6919 	6921
f 6144 	6812 	6811
f 6928 	6921 	6924
f 5652 	6914 	6913
f 6773 	6929 	6923
f 811 	6928 	6541
f 5652 	5667 	6914
f 6914 	5667 	5662
f 6919 	6928 	808
f 6929 	6917 	6923
f 6940 	6851 	6848
f 6851 	6844 	6848
f 6849 	6844 	6851
f 6869 	6868 	6930
f 6925 	6923 	6917
f 6845 	6844 	6849
f 6879 	6930 	6868
f 6909 	5680 	4308
f 6927 	6556 	6555
f 6909 	4308 	6911
f 6931 	6846 	4944
f 6901 	6930 	6888
f 6558 	6556 	6916
f 4933 	4944 	6846
f 6916 	6556 	6927
f 6926 	6812 	6948
f 5328 	232 	4683
f 6144 	6143 	6812
f 6933 	241 	239
f 6934 	6958 	6170
f 6934 	6170 	7335
f 232 	231 	6933
f 6891 	6895 	6896
f 4748 	241 	6933
f 3557 	3559 	6895
f 4748 	6933 	231
f 6880 	6698 	6699
f 6935 	6770 	6753
f 4944 	2830 	6931
f 6910 	6897 	6896
f 2830 	2834 	6931
f 6770 	6674 	6753
f 6896 	6880 	6878
f 2834 	1908 	6931
f 1908 	6844 	6931
f 6936 	6939 	6938
f 6179 	6937 	6170
f 6170 	6937 	7335
f 6770 	6939 	6773
f 6770 	6935 	6939
f 6929 	6773 	6939
f 6935 	6938 	6939
f 6940 	6848 	1908
f 6940 	1908 	6941
f 627 	6938 	6935
f 6851 	6940 	317
f 6944 	6194 	6943
f 6943 	6956 	6946
f 6948 	6944 	6946
f 6939 	6957 	6929
f 6946 	6947 	6948
f 6947 	6926 	6948
f 6950 	6949 	6920
f 6944 	6943 	6946
f 6944 	6948 	6812
f 6951 	1028 	6952
f 6953 	6950 	6951
f 6951 	6952 	6953
f 6953 	6949 	6950
f 6952 	6949 	6953
f 6920 	6954 	6950
f 6943 	6194 	6189
f 681 	6955 	6936
f 6942 	6943 	6189
f 681 	1028 	6955
f 6190 	6942 	6189
f 6951 	6955 	1028
f 6956 	6943 	6942
f 6954 	6920 	6917
f 6957 	6951 	6950
f 6955 	6951 	6957
f 6955 	6957 	6936
f 6957 	6939 	6936
f 6954 	6957 	6950
f 6958 	7006 	6942
f 6958 	6942 	6190
f 6954 	6917 	6929
f 6174 	6170 	6958
f 6957 	6954 	6929
f 6934 	6999 	6958
f 6962 	6964 	5899
f 6540 	6961 	6962
f 6540 	6558 	6963
f 6959 	6961 	6963
f 5899 	6964 	7132
f 6961 	6964 	6962
f 6960 	6959 	6963
f 6558 	6960 	6963
f 7198 	6558 	6916
f 6962 	6510 	6512
f 6540 	6962 	6512
f 7198 	6960 	6558
f 6968 	6965 	7288
f 6967 	6966 	7059
f 6966 	7060 	7059
f 6904 	6902 	6932
f 6973 	6899 	6863
f 6930 	6901 	6907
f 6974 	6969 	7062
f 6899 	6973 	6906
f 6907 	6973 	6930
f 6973 	6869 	6930
f 6888 	6930 	6879
f 6863 	6869 	6973
f 6978 	6976 	6977
f 6863 	6979 	6975
f 6980 	6979 	6863
f 7018 	7024 	6978
f 6978 	6977 	6979
f 6974 	6970 	6971
f 6974 	7062 	6970
f 6979 	5968 	5967
f 6979 	5967 	5964
f 6896 	6878 	6870
f 6896 	6897 	6880
f 6891 	6987 	6895
f 6982 	6460 	6981
f 6982 	6796 	6460
f 6891 	6981 	6987
f 6981 	6891 	6871
f 6982 	6981 	6871
f 6945 	5001 	4988
f 6969 	6974 	6985
f 2777 	3713 	6984
f 6987 	6988 	6895
f 6987 	6983 	6984
f 6984 	6988 	6987
f 6983 	6987 	6981
f 6460 	6983 	6981
f 3713 	3717 	6988
f 6988 	6984 	3713
f 3717 	6895 	6988
f 3717 	3557 	6895
f 6982 	6800 	6796
f 6905 	6989 	6898
f 6711 	6898 	6989
f 3184 	6711 	6989
f 6990 	5467 	2269
f 5467 	6990 	3862
f 3222 	7000 	2269
f 6990 	3867 	3862
f 6993 	7195 	6991
f 6995 	6993 	6991
f 6995 	7076 	6992
f 6994 	7061 	6996
f 7076 	6995 	6994
f 6995 	6991 	6994
f 6993 	6995 	6992
f 2269 	7000 	6990
f 5622 	5620 	6915
f 7012 	7013 	6721
f 5968 	6979 	6977
f 7364 	7358 	6999
f 7333 	7364 	6999
f 6934 	7332 	6999
f 6942 	6998 	6997
f 6999 	6998 	7006
f 7006 	6958 	6999
f 7006 	6998 	6942
f 7030 	5984 	5985
f 6999 	7104 	6998
f 5985 	7005 	7030
f 7007 	7005 	7017
f 7008 	6553 	6552
f 7007 	7004 	7005
f 7005 	5985 	7017
f 6577 	6553 	7008
f 7004 	7007 	7003
f 2070 	7009 	6552
f 7009 	7008 	6552
f 7010 	1587 	1593
f 2070 	2069 	7011
f 2070 	7011 	7009
f 7010 	7013 	7012
f 7010 	7002 	7013
f 7009 	7014 	7008
f 1740 	7011 	2069
f 6722 	6719 	7012
f 6721 	6722 	7012
f 7016 	7009 	7011
f 6721 	7013 	7002
f 6914 	7010 	6913
f 7074 	7008 	7014
f 7010 	6914 	6915
f 7010 	6915 	7002
f 6913 	7010 	1593
f 7014 	7016 	7015
f 7015 	6715 	7079
f 6977 	6976 	7017
f 5968 	6977 	7017
f 5968 	7017 	6039
f 7017 	5985 	6039
f 6976 	7007 	7017
f 7009 	7016 	7014
f 7015 	6720 	6716
f 6980 	6899 	6904
f 6979 	6980 	7018
f 7018 	6978 	6979
f 6904 	7018 	6980
f 7025 	6976 	6978
f 7024 	7025 	6978
f 6904 	6932 	7019
f 7019 	7018 	6904
f 6980 	6863 	6899
f 7026 	7024 	7018
f 7026 	7018 	7019
f 7022 	7020 	7003
f 7020 	7022 	7021
f 7023 	7003 	7007
f 7023 	7007 	6976
f 7025 	7027 	7028
f 7025 	7024 	7027
f 7023 	6976 	7025
f 6932 	435 	7019
f 7019 	435 	7026
f 7026 	7027 	7024
f 7023 	7025 	7028
f 7003 	7023 	7028
f 7021 	7028 	7027
f 7021 	7022 	7028
f 7003 	7028 	7022
f 7030 	6177 	5984
f 7031 	6180 	7030
f 7035 	7004 	7003
f 7031 	7004 	7035
f 7005 	7004 	7031
f 7031 	7030 	7005
f 7035 	7003 	7032
f 6180 	7031 	7034
f 7035 	7033 	7034
f 7029 	6180 	7034
f 7031 	7035 	7034
f 7033 	7029 	7034
f 7035 	7032 	7033
f 7029 	7033 	7039
f 7039 	7033 	7046
f 6197 	7036 	6195
f 7037 	6182 	7029
f 7037 	7036 	6197
f 6196 	7037 	6197
f 7037 	6191 	6182
f 7029 	7039 	7037
f 6743 	6195 	7036
f 7050 	7038 	7036
f 7036 	7038 	1801
f 7050 	7036 	7055
f 7039 	7036 	7037
f 7036 	1801 	6743
f 7036 	7039 	7055
f 435 	481 	7040
f 481 	1061 	7040
f 7040 	7026 	435
f 1061 	7041 	7040
f 7040 	7027 	7026
f 1061 	7042 	7044
f 1061 	1062 	7042
f 7040 	7021 	7027
f 7041 	7020 	7040
f 7020 	7021 	7040
f 6985 	6974 	6972
f 7044 	7042 	7043
f 7043 	7045 	7044
f 6986 	7051 	5113
f 6985 	6972 	6986
f 7020 	7041 	7032
f 6985 	6986 	5001
f 7020 	7032 	7003
f 5002 	5001 	6986
f 7041 	7044 	7032
f 5113 	5002 	6986
f 7032 	7044 	7033
f 6985 	5001 	6945
f 6985 	6945 	6969
f 7044 	7045 	7033
f 7045 	7046 	7033
f 7053 	7042 	1062
f 6972 	6974 	6971
f 7038 	7049 	1801
f 7038 	7050 	7049
f 7050 	1119 	7049
f 5113 	7051 	567
f 7047 	7046 	7045
f 7039 	7046 	7047
f 7052 	7051 	6971
f 7048 	1119 	7050
f 6986 	6972 	7051
f 7053 	7043 	7042
f 6968 	6916 	6917
f 7043 	7047 	7045
f 6920 	7054 	6968
f 7039 	7047 	7055
f 6917 	6920 	6968
f 7056 	7054 	6949
f 7048 	7047 	7053
f 7053 	7047 	7043
f 7048 	7055 	7047
f 7055 	7048 	7050
f 7056 	6949 	6952
f 1029 	6952 	1028
f 1064 	1381 	7048
f 1381 	1119 	7048
f 7053 	1064 	7048
f 7054 	6920 	6949
f 7060 	7054 	7056
f 7058 	7060 	7056
f 6996 	7061 	7141
f 7058 	7057 	7059
f 7058 	7059 	7060
f 6968 	7060 	6965
f 6965 	7060 	6966
f 5652 	1658 	1657
f 6971 	6816 	6819
f 7062 	7073 	6970
f 7051 	6972 	6971
f 1756 	7063 	1755
f 7010 	7063 	1587
f 7010 	7064 	7063
f 7064 	7010 	7012
f 6903 	7064 	7012
f 6819 	6824 	7052
f 7069 	7063 	7064
f 7064 	6903 	6894
f 6971 	6819 	7052
f 7069 	7064 	6894
f 1756 	1587 	7063
f 567 	7051 	7052
f 7066 	170 	7065
f 7065 	7067 	7063
f 6945 	6845 	6849
f 2098 	7067 	7065
f 6945 	4988 	6841
f 1755 	7063 	7067
f 6945 	6841 	6845
f 6851 	6969 	6945
f 7067 	2098 	1964
f 7015 	6716 	6715
f 170 	2098 	7065
f 6851 	6945 	6849
f 170 	7066 	176
f 7063 	7069 	7065
f 348 	7068 	349
f 7066 	7065 	7069
f 7015 	7016 	6720
f 342 	7070 	321
f 7070 	6827 	6828
f 6828 	7073 	7070
f 7008 	7071 	6577
f 6827 	7070 	7068
f 7068 	7070 	349
f 349 	7070 	342
f 7070 	7073 	321
f 7001 	6996 	3867
f 7001 	6994 	6996
f 7068 	6834 	6827
f 7072 	7074 	7014
f 7068 	348 	6834
f 7062 	6969 	322
f 328 	7062 	322
f 7073 	328 	330
f 7076 	7078 	7077
f 7062 	328 	7073
f 7001 	7078 	7076
f 330 	334 	7073
f 7079 	7088 	7072
f 7077 	7078 	7075
f 6811 	6926 	7079
f 334 	321 	7073
f 7076 	6994 	7001
f 6971 	6970 	6830
f 6811 	7079 	6715
f 6830 	6816 	6971
f 7072 	7014 	7079
f 7075 	3223 	7077
f 7008 	7074 	7071
f 7014 	7015 	7079
f 7076 	7077 	7085
f 7084 	321 	7080
f 6581 	6577 	7081
f 7085 	6992 	7076
f 317 	7080 	334
f 6577 	7082 	7081
f 317 	334 	330
f 322 	6851 	317
f 330 	322 	317
f 7071 	7082 	6577
f 7000 	7001 	6990
f 321 	334 	7080
f 7084 	364 	321
f 6990 	7001 	3867
f 317 	7083 	7080
f 7001 	7000 	7078
f 7081 	7072 	7088
f 7081 	7082 	7072
f 7078 	7000 	7075
f 7082 	7074 	7072
f 7083 	1903 	7086
f 7071 	7074 	7082
f 7083 	7086 	7084
f 7087 	7085 	7077
f 7086 	363 	364
f 7083 	7084 	7080
f 7084 	7086 	364
f 6940 	7083 	317
f 7077 	3223 	7087
f 363 	7086 	1903
f 1903 	7083 	6941
f 7083 	6940 	6941
f 7079 	6926 	7088
f 6969 	6851 	322
f 7087 	3223 	3203
f 7066 	7069 	6894
f 6893 	7066 	6894
f 7066 	6892 	176
f 6893 	6892 	7066
f 6832 	6877 	6875
f 7095 	151 	163
f 7093 	7091 	6956
f 7103 	7100 	7097
f 6947 	7089 	7088
f 7091 	7089 	6947
f 6947 	7088 	6926
f 6942 	6997 	7093
f 7093 	6956 	6942
f 7096 	7209 	7092
f 7099 	7100 	7098
f 7091 	6946 	6956
f 7091 	6947 	6946
f 6875 	6877 	7100
f 6875 	7100 	7099
f 7099 	6855 	6875
f 3235 	7101 	3229
f 6885 	7100 	6877
f 449 	7090 	7101
f 7100 	7103 	7098
f 6885 	6873 	7097
f 7097 	7100 	6885
f 3235 	449 	7101
f 7087 	3203 	3243
f 7090 	7106 	7101
f 150 	151 	7095
f 7097 	6873 	389
f 3243 	3229 	7101
f 7095 	7097 	150
f 7091 	7105 	7089
f 7106 	3243 	7101
f 7106 	7090 	6993
f 7091 	7093 	7105
f 6992 	7106 	6993
f 7087 	7106 	7085
f 7087 	3243 	7106
f 6997 	6998 	7105
f 7107 	163 	7409
f 7106 	6992 	7085
f 7095 	163 	7107
f 7095 	7107 	7108
f 196 	249 	192
f 7104 	6999 	7109
f 192 	249 	453
f 7107 	7409 	7408
f 6998 	7104 	7105
f 7108 	7107 	7098
f 7102 	7104 	7109
f 7098 	7103 	7108
f 7103 	7097 	7108
f 7097 	7095 	7108
f 7098 	7107 	7110
f 7107 	7408 	7110
f 7094 	7096 	7172
f 7110 	6854 	6855
f 354 	6854 	7110
f 7093 	6997 	7105
f 7110 	7408 	376
f 354 	7110 	376
f 7110 	7099 	7098
f 7104 	7111 	7105
f 7117 	7089 	7105
f 7110 	6855 	7099
f 7060 	6968 	7054
f 7096 	7092 	7112
f 7434 	7102 	7109
f 7435 	7102 	7434
f 7111 	7104 	7102
f 7112 	152 	7113
f 7058 	1029 	1036
f 7102 	7138 	7111
f 7136 	7138 	7102
f 7058 	7056 	1029
f 7056 	6952 	1029
f 7112 	7115 	7096
f 6644 	7081 	7114
f 1069 	7058 	1036
f 1069 	1070 	7293
f 7113 	7115 	7112
f 7058 	1069 	7057
f 1070 	1063 	7293
f 6647 	6644 	7114
f 7081 	7088 	7114
f 7088 	7089 	7114
f 7089 	7119 	7114
f 7115 	7113 	7118
f 7117 	7119 	7089
f 6063 	5950 	7122
f 6637 	7123 	6705
f 7120 	7122 	5950
f 7123 	7124 	6705
f 7125 	7120 	7126
f 6637 	7119 	7123
f 7125 	7122 	7120
f 7128 	7135 	7127
f 7114 	7119 	6647
f 7119 	6637 	6647
f 7119 	7117 	7116
f 7120 	7121 	7126
f 7116 	7124 	7119
f 7124 	7123 	7119
f 7124 	7116 	7133
f 7197 	6961 	6959
f 7117 	7133 	7116
f 7124 	7131 	6705
f 7128 	7129 	7134
f 7157 	6961 	7197
f 7135 	7128 	7134
f 7132 	6964 	7121
f 7121 	6964 	7157
f 7157 	6964 	6961
f 5953 	7132 	7121
f 7130 	7134 	7129
f 7138 	7139 	7111
f 6881 	6883 	7061
f 7137 	6747 	7130
f 7140 	3751 	3753
f 7141 	3751 	7140
f 7140 	3753 	3867
f 7130 	6747 	7134
f 6996 	7141 	7140
f 3867 	6996 	7140
f 7061 	6883 	7141
f 6752 	7134 	6747
f 7142 	7131 	7143
f 7131 	7124 	7143
f 7144 	6886 	7061
f 7139 	7138 	7142
f 7061 	6886 	6881
f 7142 	7143 	7139
f 7144 	6901 	6886
f 7105 	7111 	7133
f 7124 	7133 	7143
f 7061 	6994 	6991
f 7127 	7135 	1053
f 7144 	7061 	6991
f 7143 	7111 	7139
f 6752 	7146 	7134
f 450 	7148 	449
f 450 	451 	7148
f 7145 	7148 	451
f 7127 	1053 	1051
f 451 	434 	7145
f 432 	7145 	434
f 6767 	7146 	6765
f 1053 	7135 	7146
f 7133 	7111 	7143
f 7147 	432 	443
f 7147 	443 	435
f 6767 	1057 	7146
f 1057 	1053 	7146
f 7147 	435 	7153
f 6774 	6765 	7146
f 7138 	7136 	6708
f 7153 	435 	6932
f 7138 	6708 	7142
f 7146 	7135 	7134
f 7131 	7142 	6708
f 6780 	6776 	7149
f 7105 	7133 	7117
f 7149 	7150 	6780
f 7147 	7151 	7145
f 6215 	7155 	7152
f 6776 	7154 	7149
f 6902 	7151 	7153
f 7152 	7155 	4634
f 4720 	7152 	4634
f 7153 	6932 	6902
f 7153 	7151 	7147
f 7157 	7126 	7121
f 7126 	7157 	7200
f 7159 	7150 	7149
f 7159 	7149 	7154
f 6874 	6850 	6838
f 4743 	7152 	4720
f 6874 	6875 	6850
f 6852 	6850 	6875
f 6776 	7137 	7154
f 4743 	2164 	7152
f 7152 	2164 	7156
f 7154 	7130 	7178
f 7159 	7154 	7178
f 7129 	7178 	7130
f 7137 	7130 	7154
f 7162 	7232 	7161
f 7159 	7178 	7180
f 7163 	6843 	6826
f 170 	7150 	158
f 6826 	6850 	7163
f 170 	176 	7150
f 7150 	176 	6780
f 7162 	7161 	7164
f 7162 	6843 	7163
f 7160 	7166 	7164
f 7164 	7161 	7160
f 160 	158 	7165
f 158 	7150 	7165
f 7165 	7179 	160
f 7150 	7159 	7165
f 7173 	7170 	7171
f 7096 	7168 	7172
f 7160 	7170 	7173
f 7168 	7174 	7172
f 7232 	7170 	7161
f 7174 	1083 	1045
f 1085 	1083 	7174
f 7172 	7174 	1045
f 1270 	7176 	7394
f 7175 	7173 	7171
f 7174 	7127 	1089
f 7174 	7128 	7127
f 7174 	7178 	7129
f 7169 	7173 	7167
f 7173 	7177 	7167
f 7128 	7174 	7129
f 7160 	7161 	7170
f 7174 	1089 	1090
f 7174 	1090 	1085
f 1270 	7177 	7176
f 7174 	7168 	7178
f 7173 	7169 	7160
f 7173 	7175 	7177
f 7177 	7175 	7176
f 7168 	7096 	7115
f 7167 	1280 	1479
f 7159 	7179 	7165
f 7181 	7160 	7169
f 1270 	1275 	7177
f 7167 	1275 	1280
f 7177 	1275 	7167
f 7178 	7168 	7115
f 7181 	7187 	7160
f 7182 	7187 	7181
f 7183 	4708 	6595
f 7159 	7180 	7185
f 7166 	7184 	7164
f 7160 	7184 	7166
f 7186 	7183 	7184
f 177 	7185 	156
f 7160 	7187 	7184
f 7179 	7185 	177
f 7184 	7187 	7186
f 7178 	7115 	7118
f 6843 	7162 	7164
f 177 	160 	7179
f 7164 	6842 	6843
f 6842 	7164 	7184
f 6847 	7184 	7183
f 7118 	7180 	7178
f 7159 	7185 	7179
f 7182 	7186 	7187
f 7185 	7180 	7118
f 4733 	7186 	7182
f 4732 	4733 	7182
f 4734 	4708 	7183
f 187 	156 	7188
f 7183 	6595 	6847
f 4734 	7183 	7186
f 153 	7188 	156
f 153 	156 	7185
f 153 	7245 	7188
f 7167 	7189 	7169
f 153 	7185 	7118
f 7190 	7181 	7189
f 7182 	7181 	7190
f 6809 	7182 	7190
f 449 	7148 	7158
f 6810 	7182 	6809
f 7148 	7151 	7158
f 7148 	7145 	7151
f 7191 	6809 	7192
f 6993 	7090 	7158
f 7195 	6993 	7158
f 6806 	6809 	1476
f 7158 	7151 	7194
f 1476 	7191 	1481
f 1476 	6809 	7191
f 6906 	6900 	7193
f 7193 	6902 	6906
f 6809 	7190 	7192
f 7194 	7193 	6900
f 7193 	7151 	6902
f 7189 	7191 	7192
f 7189 	7167 	7191
f 7191 	7167 	1481
f 7167 	1479 	1481
f 7194 	7195 	7158
f 7195 	6901 	6991
f 6901 	7144 	6991
f 7195 	7194 	6901
f 7194 	6900 	6901
f 7151 	7193 	7194
f 443 	481 	435
f 481 	443 	446
f 431 	460 	448
f 7197 	6960 	7196
f 431 	462 	460
f 7197 	6959 	6960
f 7196 	6960 	7198
f 7199 	7200 	7197
f 7197 	7196 	7199
f 7198 	7288 	7196
f 6215 	6235 	7155
f 5147 	7201 	7203
f 7201 	7202 	7203
f 7200 	7157 	7197
f 7092 	7203 	7202
f 7218 	7202 	5824
f 5795 	7202 	7201
f 7201 	4128 	5795
f 7192 	7190 	7189
f 6810 	4732 	7182
f 7181 	7169 	7189
f 7208 	697 	698
f 7208 	7367 	697
f 7206 	7203 	7209
f 7206 	5147 	7203
f 7209 	7203 	7092
f 5195 	7207 	7210
f 7094 	7210 	7206
f 7207 	7206 	7210
f 7096 	7094 	7209
f 1559 	1767 	7212
f 7094 	7172 	7210
f 7212 	7211 	1559
f 7211 	1556 	1559
f 1554 	1556 	7211
f 7210 	7172 	1045
f 5195 	7210 	1045
f 7378 	7213 	7377
f 7094 	7206 	7209
f 7208 	7221 	7215
f 7112 	7092 	7218
f 7092 	7202 	7218
f 7218 	7220 	7112
f 7214 	7213 	7379
f 7214 	7215 	7213
f 7213 	7215 	7219
f 7222 	7219 	7215
f 7220 	7216 	7112
f 7221 	7222 	7215
f 7219 	7212 	7213
f 7223 	7224 	5821
f 7212 	7219 	7211
f 7223 	7217 	7216
f 1554 	7211 	7222
f 7224 	5855 	5821
f 7222 	7211 	7219
f 7223 	7216 	7224
f 7221 	7208 	698
f 7223 	5821 	5890
f 721 	720 	7221
f 720 	1554 	7221
f 698 	721 	7221
f 5824 	7224 	7218
f 7224 	7216 	7220
f 7224 	7220 	7218
f 5824 	5855 	7224
f 7221 	1554 	7222
f 7217 	7223 	5890
f 7163 	7226 	7162
f 7163 	6850 	7226
f 7228 	7229 	7216
f 7216 	7217 	7228
f 7228 	7217 	7227
f 6852 	7226 	6850
f 7237 	7240 	7226
f 7216 	7229 	7112
f 7237 	7226 	6852
f 7225 	7226 	7240
f 152 	7112 	7229
f 152 	7229 	7234
f 6147 	7230 	7227
f 7231 	7225 	7384
f 6147 	6187 	7230
f 7226 	7231 	7233
f 7232 	7226 	7233
f 7239 	7234 	7242
f 7226 	7232 	7162
f 7225 	7231 	7226
f 7234 	7229 	7242
f 7388 	7384 	7225
f 7235 	7238 	7236
f 6867 	6864 	7237
f 6852 	6867 	7237
f 7241 	7235 	7236
f 7204 	7205 	7243
f 7205 	7204 	7279
f 7238 	7239 	7236
f 7204 	7200 	7199
f 7198 	6968 	7288
f 7229 	7228 	7242
f 7239 	7242 	7236
f 7126 	7200 	7204
f 7241 	7236 	7276
f 7236 	7278 	7276
f 7236 	7230 	7278
f 7227 	7230 	7236
f 7204 	7243 	7126
f 7242 	7228 	7227
f 7242 	7227 	7236
f 7198 	6916 	6968
f 7243 	7125 	7126
f 6057 	6063 	7244
f 7188 	7245 	7249
f 7234 	7239 	7245
f 153 	152 	7245
f 7234 	7245 	152
f 7241 	7262 	7235
f 7245 	7238 	7249
f 7239 	7238 	7245
f 7249 	7238 	7235
f 7247 	7252 	7248
f 7252 	7246 	7244
f 7252 	7244 	7248
f 7247 	7248 	6063
f 7244 	6063 	7248
f 7122 	7247 	6063
f 7125 	7259 	7247
f 7247 	7122 	7125
f 7125 	7243 	7259
f 7246 	7273 	7254
f 7267 	7296 	187
f 7246 	7254 	7244
f 7244 	7254 	7257
f 7256 	6065 	7257
f 6070 	7257 	6065
f 4558 	7256 	4557
f 7273 	4557 	7256
f 7257 	7254 	7256
f 7256 	4558 	6065
f 7251 	7253 	7255
f 7244 	7257 	6057
f 7259 	7252 	7247
f 7259 	7260 	7252
f 7259 	7263 	7264
f 7235 	7262 	7265
f 7259 	7266 	7263
f 7267 	187 	7188
f 7260 	7259 	7261
f 7267 	7188 	7249
f 7265 	7267 	7235
f 7264 	7261 	7259
f 7264 	7342 	7261
f 7246 	7252 	7260
f 7258 	7268 	7270
f 7249 	7235 	7267
f 7266 	7243 	7205
f 7255 	7270 	7269
f 7269 	7251 	7255
f 7251 	7269 	7250
f 7246 	7260 	7273
f 7265 	7270 	7272
f 7270 	7250 	7269
f 7205 	7298 	7266
f 7250 	7270 	7265
f 7262 	7250 	7265
f 7266 	7259 	7243
f 7319 	7263 	7266
f 7255 	7258 	7270
f 7272 	7270 	7268
f 7267 	7265 	7272
f 7276 	7275 	7241
f 7273 	7256 	7254
f 7271 	4577 	4578
f 4578 	4557 	7273
f 7273 	7274 	4578
f 7274 	7271 	4578
f 7278 	6184 	7277
f 6184 	6613 	7277
f 7277 	7276 	7278
f 6184 	7278 	7230
f 7230 	6187 	6184
f 7274 	7273 	7261
f 7261 	7273 	7260
f 7276 	7277 	7275
f 7279 	7204 	7199
f 7262 	7241 	7280
f 7196 	7279 	7199
f 7275 	7281 	7280
f 7282 	7284 	7283
f 7241 	7275 	7280
f 6965 	6966 	7287
f 7288 	6965 	7287
f 7287 	6966 	6967
f 7283 	6967 	7282
f 7283 	7287 	6967
f 7291 	7286 	7289
f 7205 	7279 	7283
f 7298 	7283 	7297
f 7279 	7288 	7287
f 7196 	7288 	7279
f 7287 	7283 	7279
f 7352 	7292 	1063
f 7286 	7311 	7289
f 1063 	7292 	7293
f 7057 	1069 	7293
f 7285 	7286 	7281
f 7281 	7286 	7291
f 7295 	7293 	7294
f 7277 	7285 	7275
f 7290 	7262 	7280
f 7293 	7292 	7294
f 7290 	7250 	7262
f 7057 	7295 	7059
f 7290 	7280 	7291
f 7295 	6967 	7059
f 7280 	7281 	7291
f 7282 	6967 	7294
f 7285 	7281 	7275
f 7267 	7272 	7296
f 7295 	7294 	6967
f 7272 	7268 	7296
f 7268 	7258 	7296
f 7057 	7293 	7295
f 7296 	7258 	7255
f 7296 	7299 	316
f 7298 	7205 	7283
f 7296 	7301 	7299
f 316 	7299 	7302
f 7300 	7298 	7297
f 7415 	7299 	7301
f 7299 	7415 	7302
f 7300 	7303 	7307
f 7296 	7414 	7301
f 7304 	7303 	7300
f 7308 	7305 	7306
f 7308 	7306 	6613
f 7308 	6617 	6630
f 6613 	6617 	7308
f 7307 	7264 	7263
f 7277 	6613 	7306
f 7342 	7264 	7307
f 7297 	7304 	7300
f 7313 	7303 	7304
f 7311 	7286 	7285
f 7307 	7345 	7342
f 7297 	7284 	7304
f 7439 	7289 	7311
f 7311 	7312 	7310
f 7347 	7304 	7284
f 7312 	7314 	7315
f 7307 	7303 	7330
f 7317 	7318 	7316
f 7318 	7306 	7305
f 7318 	7285 	7277
f 7318 	7317 	7285
f 7318 	7277 	7306
f 7305 	7316 	7318
f 7283 	7284 	7297
f 7319 	7298 	7300
f 7319 	7300 	7307
f 7298 	7319 	7266
f 7326 	7285 	7317
f 7307 	7263 	7319
f 4610 	7320 	7321
f 7308 	7316 	7305
f 4610 	7322 	7320
f 7317 	7316 	7314
f 7323 	7308 	6709
f 7308 	7323 	7316
f 7316 	7323 	7314
f 7321 	4611 	4610
f 7315 	7324 	7325
f 7325 	7309 	7315
f 7315 	7323 	7324
f 7323 	6709 	7324
f 7312 	7315 	7309
f 7315 	7314 	7323
f 7326 	7312 	7311
f 7285 	7326 	7311
f 7328 	7303 	7313
f 7312 	7326 	7314
f 7314 	7326 	7317
f 7328 	7330 	7303
f 7330 	7328 	7329
f 7309 	7310 	7312
f 7345 	7307 	7330
f 7324 	7331 	7325
f 7331 	7136 	7102
f 6708 	7331 	6709
f 7331 	7324 	6709
f 6708 	7136 	7331
f 7332 	902 	7333
f 909 	7334 	7335
f 7335 	7334 	7332
f 7334 	902 	7332
f 909 	6937 	908
f 6937 	909 	7335
f 7328 	7362 	7336
f 7329 	7328 	7336
f 7329 	7336 	7321
f 7335 	7332 	6934
f 7321 	7336 	7327
f 7251 	7250 	7337
f 7336 	7362 	7327
f 7253 	7338 	7339
f 7329 	7345 	7330
f 7253 	7339 	7414
f 4613 	4577 	7271
f 4613 	7322 	4610
f 7414 	7255 	7253
f 7342 	7322 	7271
f 7345 	7320 	7322
f 4613 	7271 	7322
f 7320 	7329 	7321
f 7341 	7339 	7338
f 7345 	7329 	7320
f 7343 	7253 	7251
f 7253 	7344 	7338
f 7341 	7346 	7340
f 7346 	7341 	7338
f 7261 	7342 	7274
f 7342 	7345 	7322
f 7274 	7342 	7271
f 7343 	7344 	7253
f 7344 	7343 	7346
f 7347 	7294 	7348
f 7348 	7292 	7352
f 7294 	7292 	7348
f 7340 	7346 	7349
f 7294 	7347 	7282
f 7344 	7346 	7338
f 894 	953 	7340
f 7337 	7343 	7251
f 7282 	7347 	7284
f 7349 	7346 	7343
f 7348 	7350 	7347
f 2166 	2165 	7351
f 894 	7340 	7349
f 2166 	7351 	7352
f 7350 	7354 	7353
f 7351 	7348 	7352
f 7350 	7348 	7351
f 7350 	7351 	7354
f 7304 	7353 	7313
f 7353 	7354 	7328
f 7353 	7328 	7313
f 7304 	7347 	7353
f 7355 	7349 	7343
f 7353 	7347 	7350
f 7337 	7355 	7343
f 900 	894 	7349
f 902 	901 	7349
f 7356 	4611 	7321
f 900 	7349 	901
f 902 	7349 	7333
f 7354 	7351 	7375
f 7333 	7349 	7355
f 6999 	7332 	7333
f 7357 	7362 	7328
f 7356 	7327 	7362
f 7321 	7327 	7356
f 7356 	7357 	7359
f 7328 	7354 	7375
f 7357 	7328 	7375
f 7250 	7361 	7337
f 7356 	7362 	7357
f 7371 	7333 	7355
f 4743 	7359 	7363
f 7364 	7333 	7371
f 4743 	7363 	2164
f 2165 	1162 	7351
f 7360 	7291 	7289
f 7363 	2168 	2164
f 7360 	7290 	7291
f 7365 	7375 	7351
f 7290 	7360 	7361
f 7365 	2168 	7363
f 7351 	1162 	7365
f 1162 	2168 	7365
f 7289 	7439 	7366
f 7208 	7370 	7367
f 861 	697 	7367
f 7372 	7368 	7360
f 7290 	7361 	7250
f 7372 	7364 	7368
f 7367 	7370 	7374
f 7367 	7373 	861
f 7368 	7371 	7369
f 7368 	7364 	7371
f 7370 	7208 	7215
f 7371 	7337 	7369
f 7370 	7214 	7240
f 7360 	7368 	7369
f 7289 	7366 	7372
f 7366 	7358 	7372
f 7374 	7370 	7240
f 7371 	7355 	7337
f 7370 	7215 	7214
f 7373 	6861 	6860
f 7373 	6866 	6861
f 7373 	7374 	6866
f 7357 	7363 	7359
f 7359 	4743 	4720
f 7367 	7374 	7373
f 6864 	7374 	7237
f 6864 	6866 	7374
f 7363 	7357 	7365
f 7240 	7237 	7374
f 7375 	7365 	7357
f 7398 	861 	7373
f 7398 	7373 	6860
f 2907 	7399 	1335
f 7378 	7379 	7213
f 1297 	7380 	7381
f 1768 	7377 	1767
f 7388 	7225 	7214
f 7380 	7376 	7382
f 7225 	7240 	7214
f 7382 	7376 	7405
f 7385 	7380 	7382
f 4477 	7385 	4471
f 4485 	4471 	7385
f 7382 	7405 	4485
f 7382 	4485 	7385
f 7170 	7383 	7171
f 1297 	1327 	7393
f 7384 	7386 	7383
f 7386 	7171 	7383
f 1297 	7393 	7380
f 7231 	7384 	7233
f 7380 	7393 	7376
f 7383 	7233 	7384
f 7170 	7232 	7383
f 7387 	4478 	1238
f 7383 	7232 	7233
f 7387 	7381 	4477
f 1768 	7391 	7377
f 7377 	7391 	7392
f 7381 	7385 	4477
f 7377 	7392 	7378
f 7385 	7381 	7380
f 7379 	7384 	7388
f 1238 	1242 	7387
f 7381 	7387 	1242
f 7379 	7388 	7214
f 7379 	7378 	7384
f 1242 	1297 	7381
f 7171 	7386 	7175
f 7392 	7384 	7378
f 7392 	7386 	7384
f 7389 	7424 	7397
f 7386 	7392 	7175
f 7392 	7176 	7175
f 7392 	7391 	7394
f 1327 	1335 	7393
f 7392 	7394 	7176
f 857 	7396 	7395
f 7396 	354 	359
f 2907 	2985 	7397
f 7389 	7397 	7436
f 7437 	7436 	7397
f 354 	6860 	6861
f 7396 	7398 	6860
f 7396 	857 	7398
f 7393 	1335 	7399
f 7399 	2907 	7397
f 7395 	356 	367
f 7396 	356 	7395
f 857 	861 	7398
f 7399 	7397 	7390
f 7396 	359 	356
f 7424 	7390 	7397
f 7400 	854 	7395
f 367 	368 	7400
f 489 	7403 	7400
f 7376 	7393 	7401
f 7400 	7395 	367
f 854 	7400 	855
f 7401 	7402 	7376
f 442 	6240 	6241
f 7404 	7400 	7403
f 488 	487 	7407
f 6236 	7405 	7406
f 7407 	7404 	7403
f 7400 	7404 	855
f 7404 	7407 	855
f 703 	855 	7407
f 488 	7407 	7403
f 7407 	499 	703
f 7406 	7405 	7402
f 7409 	320 	7408
f 320 	483 	7408
f 163 	320 	7409
f 7405 	7376 	7402
f 7406 	7402 	7411
f 320 	163 	162
f 7402 	7401 	7411
f 7360 	7289 	7372
f 7406 	7411 	7410
f 7369 	7337 	7361
f 7361 	7360 	7369
f 7413 	7411 	7412
f 7358 	7364 	7372
f 7401 	7419 	7411
f 7358 	7366 	7438
f 7301 	7414 	7415
f 7413 	7410 	7411
f 7416 	957 	7302
f 7399 	7401 	7393
f 7415 	7416 	7302
f 6241 	6236 	7410
f 6236 	7406 	7410
f 7418 	7416 	7415
f 7410 	442 	6241
f 7414 	7296 	7255
f 7340 	953 	7341
f 7418 	953 	948
f 7418 	948 	7416
f 7413 	7412 	7417
f 7417 	441 	442
f 7417 	442 	7413
f 447 	441 	7417
f 7341 	953 	7418
f 7401 	7399 	7390
f 7412 	7411 	7419
f 7416 	948 	946
f 7419 	7401 	7390
f 7418 	7415 	7414
f 7419 	7420 	7412
f 7419 	7390 	7420
f 7412 	7420 	7428
f 7412 	7428 	7417
f 7414 	7341 	7418
f 957 	7416 	946
f 7414 	7339 	7341
f 7428 	7420 	7421
f 7438 	7423 	7358
f 7421 	7420 	7424
f 7420 	7390 	7424
f 7422 	7423 	7426
f 7423 	7422 	7425
f 7427 	7431 	7421
f 7424 	7427 	7421
f 7438 	7426 	7423
f 7389 	212 	7424
f 212 	7427 	7424
f 618 	7417 	7428
f 7310 	7309 	7426
f 7429 	7431 	556
f 7431 	7429 	7421
f 7430 	7325 	7432
f 618 	7429 	615
f 7429 	618 	7421
f 7432 	7102 	7430
f 557 	7429 	556
f 6999 	7358 	7423
f 557 	615 	7429
f 6999 	7423 	7433
f 618 	7428 	7421
f 7423 	7425 	7433
f 7325 	7331 	7432
f 7430 	7309 	7325
f 7431 	7427 	208
f 7309 	7430 	7425
f 7417 	618 	447
f 7435 	7434 	7433
f 7435 	7433 	7425
f 7389 	7436 	212
f 7432 	7331 	7102
f 7437 	2985 	2940
f 7430 	7102 	7435
f 7430 	7435 	7425
f 7434 	7109 	7433
f 7109 	6999 	7433
f 7422 	7426 	7309
f 7309 	7425 	7422
f 7440 	7436 	7437
f 7426 	7438 	7439
f 7439 	7310 	7426
f 7439 	7311 	7310
f 7437 	7397 	2985
f 7366 	7439 	7438
f 7437 	2940 	2991
f 2991 	2943 	7440
f 2943 	2988 	7440
f 7443 	7440 	2988
f 207 	201 	203
f 207 	7441 	201
f 2988 	2947 	7443
f 2947 	2994 	7443
f 7442 	7443 	7444
f 7441 	7445 	212
f 7436 	7441 	212
f 7442 	7436 	7440
f 7440 	7443 	7442
f 7442 	7441 	7436
f 7445 	7441 	207
f 7443 	2994 	7444
f 201 	7442 	7444
f 7444 	2994 	3177
f 7444 	205 	201
f 7442 	201 	7441
f 352 	353 	203
f 206 	352 	203
f 7446 	205 	7444
f 7446 	7444 	3177
f 219 	205 	7446
f 219 	3181 	3173
f 219 	3173 	799
f 219 	7446 	3181
f 222 	205 	219
f 201 	222 	206
f 217 	207 	203
# 14588 faces

 #end of obj_9

